solid OpenSCAD_Model
  facet normal 0.0654128 -0.997858 0
    outer loop
      vertex 82.1 -2.6 0
      vertex 82.4263 -2.57861 13.1
      vertex 82.1 -2.6 13.1
    endloop
  endfacet
  facet normal 0.0654128 -0.997858 0
    outer loop
      vertex 82.4263 -2.57861 13.1
      vertex 82.1 -2.6 0
      vertex 82.4263 -2.57861 0
    endloop
  endfacet
  facet normal 0.321415 -0.946938 0
    outer loop
      vertex 82.747 -2.51481 0
      vertex 83.0567 -2.40969 13.1
      vertex 82.747 -2.51481 13.1
    endloop
  endfacet
  facet normal 0.321415 -0.946938 0
    outer loop
      vertex 83.0567 -2.40969 13.1
      vertex 82.747 -2.51481 0
      vertex 83.0567 -2.40969 0
    endloop
  endfacet
  facet normal -0.442253 -0.89689 0
    outer loop
      vertex -1.35 -2.26507 0
      vertex -1.05671 -2.40969 13.1
      vertex -1.35 -2.26507 13.1
    endloop
  endfacet
  facet normal -0.442253 -0.89689 -0
    outer loop
      vertex -1.05671 -2.40969 13.1
      vertex -1.35 -2.26507 0
      vertex -1.05671 -2.40969 0
    endloop
  endfacet
  facet normal 0 -1 0
    outer loop
      vertex -0.0999994 -2.6 0
      vertex 82.1 -2.6 13.1
      vertex -0.0999994 -2.6 13.1
    endloop
  endfacet
  facet normal 0 -1 -0
    outer loop
      vertex 82.1 -2.6 13.1
      vertex -0.0999994 -2.6 0
      vertex 82.1 -2.6 0
    endloop
  endfacet
  facet normal 0.195116 -0.98078 0
    outer loop
      vertex 82.4263 -2.57861 0
      vertex 82.747 -2.51481 13.1
      vertex 82.4263 -2.57861 13.1
    endloop
  endfacet
  facet normal 0.195116 -0.98078 0
    outer loop
      vertex 82.747 -2.51481 13.1
      vertex 82.4263 -2.57861 0
      vertex 82.747 -2.51481 0
    endloop
  endfacet
  facet normal -0.555617 0.831438 0
    outer loop
      vertex -1.35 65.2651 0
      vertex -1.6219 65.0834 13.1
      vertex -1.35 65.2651 13.1
    endloop
  endfacet
  facet normal -0.555617 0.831438 0
    outer loop
      vertex -1.6219 65.0834 13.1
      vertex -1.35 65.2651 0
      vertex -1.6219 65.0834 0
    endloop
  endfacet
  facet normal -1 0 0
    outer loop
      vertex -2.6 -0.0999994 0
      vertex -2.6 63.1 13.1
      vertex -2.6 63.1 0
    endloop
  endfacet
  facet normal -1 -0 0
    outer loop
      vertex -2.6 63.1 13.1
      vertex -2.6 -0.0999994 0
      vertex -2.6 -0.0999994 13.1
    endloop
  endfacet
  facet normal -0.32145 -0.946926 0
    outer loop
      vertex -1.05671 -2.40969 0
      vertex -0.747048 -2.51481 13.1
      vertex -1.05671 -2.40969 13.1
    endloop
  endfacet
  facet normal -0.32145 -0.946926 -0
    outer loop
      vertex -0.747048 -2.51481 13.1
      vertex -1.05671 -2.40969 0
      vertex -0.747048 -2.51481 0
    endloop
  endfacet
  facet normal -0.0654413 0.997856 0
    outer loop
      vertex -0.0999994 65.6 0
      vertex -0.426309 65.5786 13.1
      vertex -0.0999994 65.6 13.1
    endloop
  endfacet
  facet normal -0.0654413 0.997856 0
    outer loop
      vertex -0.426309 65.5786 13.1
      vertex -0.0999994 65.6 0
      vertex -0.426309 65.5786 0
    endloop
  endfacet
  facet normal -0.896896 0.442241 0
    outer loop
      vertex -2.40969 64.0567 0
      vertex -2.26507 64.35 13.1
      vertex -2.26507 64.35 0
    endloop
  endfacet
  facet normal -0.896896 0.442241 0
    outer loop
      vertex -2.26507 64.35 13.1
      vertex -2.40969 64.0567 0
      vertex -2.40969 64.0567 13.1
    endloop
  endfacet
  facet normal -0.555596 -0.831452 0
    outer loop
      vertex -1.6219 -2.08338 0
      vertex -1.35 -2.26507 13.1
      vertex -1.6219 -2.08338 13.1
    endloop
  endfacet
  facet normal -0.555596 -0.831452 -0
    outer loop
      vertex -1.35 -2.26507 13.1
      vertex -1.6219 -2.08338 0
      vertex -1.35 -2.26507 0
    endloop
  endfacet
  facet normal 1 -0 0
    outer loop
      vertex 84.6 -0.0999994 13.1
      vertex 84.6 63.1 0
      vertex 84.6 63.1 13.1
    endloop
  endfacet
  facet normal 1 0 0
    outer loop
      vertex 84.6 63.1 0
      vertex 84.6 -0.0999994 13.1
      vertex 84.6 -0.0999994 0
    endloop
  endfacet
  facet normal 0.980785 -0.195093 0
    outer loop
      vertex 84.5148 -0.747048 13.1
      vertex 84.5786 -0.426309 0
      vertex 84.5786 -0.426309 13.1
    endloop
  endfacet
  facet normal 0.980785 -0.195093 0
    outer loop
      vertex 84.5786 -0.426309 0
      vertex 84.5148 -0.747048 13.1
      vertex 84.5148 -0.747048 0
    endloop
  endfacet
  facet normal 0.946945 -0.321395 0
    outer loop
      vertex 84.4097 -1.05671 13.1
      vertex 84.5148 -0.747048 0
      vertex 84.5148 -0.747048 13.1
    endloop
  endfacet
  facet normal 0.946945 -0.321395 0
    outer loop
      vertex 84.5148 -0.747048 0
      vertex 84.4097 -1.05671 13.1
      vertex 84.4097 -1.05671 0
    endloop
  endfacet
  facet normal 0.442191 0.896921 -0
    outer loop
      vertex 83.35 65.2651 0
      vertex 83.0567 65.4097 13.1
      vertex 83.35 65.2651 13.1
    endloop
  endfacet
  facet normal 0.442191 0.896921 0
    outer loop
      vertex 83.0567 65.4097 13.1
      vertex 83.35 65.2651 0
      vertex 83.0567 65.4097 0
    endloop
  endfacet
  facet normal 0.831438 -0.555617 0
    outer loop
      vertex 84.0834 -1.6219 13.1
      vertex 84.2651 -1.35 0
      vertex 84.2651 -1.35 13.1
    endloop
  endfacet
  facet normal 0.831438 -0.555617 0
    outer loop
      vertex 84.2651 -1.35 0
      vertex 84.0834 -1.6219 13.1
      vertex 84.0834 -1.6219 0
    endloop
  endfacet
  facet normal -0.195093 0.980785 0
    outer loop
      vertex -0.426309 65.5786 0
      vertex -0.747048 65.5148 13.1
      vertex -0.426309 65.5786 13.1
    endloop
  endfacet
  facet normal -0.195093 0.980785 0
    outer loop
      vertex -0.747048 65.5148 13.1
      vertex -0.426309 65.5786 0
      vertex -0.747048 65.5148 0
    endloop
  endfacet
  facet normal -0.659323 0.75186 0
    outer loop
      vertex -1.6219 65.0834 0
      vertex -1.86776 64.8678 13.1
      vertex -1.6219 65.0834 13.1
    endloop
  endfacet
  facet normal -0.659323 0.75186 0
    outer loop
      vertex -1.86776 64.8678 13.1
      vertex -1.6219 65.0834 0
      vertex -1.86776 64.8678 0
    endloop
  endfacet
  facet normal 0 0 -1
    outer loop
      vertex 81.8292 3.22225 0
      vertex 84.6 -0.0999994 0
      vertex 82.0325 2.8419 0
    endloop
  endfacet
  facet normal 0 0 -1
    outer loop
      vertex 84.6 63.1 0
      vertex 82.1577 60.5708 0
      vertex 82.2 61 0
    endloop
  endfacet
  facet normal 0 0 -1
    outer loop
      vertex 84.6 -0.0999994 0
      vertex 81.8292 3.22225 0
      vertex 84.6 63.1 0
    endloop
  endfacet
  facet normal 0 0 -1
    outer loop
      vertex 84.6 63.1 0
      vertex 82.0325 60.1581 0
      vertex 82.1577 60.5708 0
    endloop
  endfacet
  facet normal 0 0 -1
    outer loop
      vertex 81.8292 59.7777 0
      vertex 84.6 63.1 0
      vertex 81.8292 3.22225 0
    endloop
  endfacet
  facet normal 0 0 -1
    outer loop
      vertex 84.6 63.1 0
      vertex 81.8292 59.7777 0
      vertex 82.0325 60.1581 0
    endloop
  endfacet
  facet normal 0 0 -1
    outer loop
      vertex 81.5556 3.55563 0
      vertex 81.8292 59.7777 0
      vertex 81.8292 3.22225 0
    endloop
  endfacet
  facet normal 0 0 -1
    outer loop
      vertex 81.5556 3.55563 0
      vertex 81.5556 59.4444 0
      vertex 81.8292 59.7777 0
    endloop
  endfacet
  facet normal 0 0 -1
    outer loop
      vertex 81.2223 3.82923 0
      vertex 81.5556 59.4444 0
      vertex 81.5556 3.55563 0
    endloop
  endfacet
  facet normal 0 0 -1
    outer loop
      vertex 81.2223 3.82923 0
      vertex 81.2223 59.1708 0
      vertex 81.5556 59.4444 0
    endloop
  endfacet
  facet normal 0 0 -1
    outer loop
      vertex 80.8419 4.03253 0
      vertex 81.2223 59.1708 0
      vertex 81.2223 3.82923 0
    endloop
  endfacet
  facet normal 0 0 -1
    outer loop
      vertex 80.8419 4.03253 0
      vertex 80.8419 58.9675 0
      vertex 81.2223 59.1708 0
    endloop
  endfacet
  facet normal 0 0 -1
    outer loop
      vertex 80.4292 4.15773 0
      vertex 80.8419 58.9675 0
      vertex 80.8419 4.03253 0
    endloop
  endfacet
  facet normal 0 0 -1
    outer loop
      vertex 80.4292 4.15773 0
      vertex 80.4292 58.8423 0
      vertex 80.8419 58.9675 0
    endloop
  endfacet
  facet normal 0 0 -1
    outer loop
      vertex 80 4.2 0
      vertex 80.4292 58.8423 0
      vertex 80.4292 4.15773 0
    endloop
  endfacet
  facet normal 0 0 -1
    outer loop
      vertex 80 4.2 0
      vertex 80 58.8 0
      vertex 80.4292 58.8423 0
    endloop
  endfacet
  facet normal 0 0 -1
    outer loop
      vertex 79.5708 4.15773 0
      vertex 80 58.8 0
      vertex 80 4.2 0
    endloop
  endfacet
  facet normal 0 0 -1
    outer loop
      vertex 79.5708 4.15773 0
      vertex 79.5708 58.8423 0
      vertex 80 58.8 0
    endloop
  endfacet
  facet normal 0 0 -1
    outer loop
      vertex 79.1581 4.03253 0
      vertex 79.5708 58.8423 0
      vertex 79.5708 4.15773 0
    endloop
  endfacet
  facet normal 0 0 -1
    outer loop
      vertex 79.1581 4.03253 0
      vertex 79.1581 58.9675 0
      vertex 79.5708 58.8423 0
    endloop
  endfacet
  facet normal 0 0 -1
    outer loop
      vertex 78.7777 3.82923 0
      vertex 79.1581 58.9675 0
      vertex 79.1581 4.03253 0
    endloop
  endfacet
  facet normal 0 0 -1
    outer loop
      vertex 78.7777 3.82923 0
      vertex 78.7777 59.1708 0
      vertex 79.1581 58.9675 0
    endloop
  endfacet
  facet normal 0 0 -1
    outer loop
      vertex 78.4444 3.55563 0
      vertex 78.7777 59.1708 0
      vertex 78.7777 3.82923 0
    endloop
  endfacet
  facet normal 0 0 -1
    outer loop
      vertex 78.4444 3.55563 0
      vertex 78.4444 59.4444 0
      vertex 78.7777 59.1708 0
    endloop
  endfacet
  facet normal 0 0 -1
    outer loop
      vertex 78.1708 3.22225 0
      vertex 78.4444 59.4444 0
      vertex 78.4444 3.55563 0
    endloop
  endfacet
  facet normal 0 0 -1
    outer loop
      vertex 78.1708 3.22225 0
      vertex 78.1708 59.7777 0
      vertex 78.4444 59.4444 0
    endloop
  endfacet
  facet normal 0 0 -1
    outer loop
      vertex 3.82923 3.22225 0
      vertex 78.1708 3.22225 0
      vertex 77.9675 2.8419 0
    endloop
  endfacet
  facet normal 0 0 -1
    outer loop
      vertex 78.1708 3.22225 0
      vertex 3.82923 3.22225 0
      vertex 78.1708 59.7777 0
    endloop
  endfacet
  facet normal 0 0 -1
    outer loop
      vertex 4.03253 2.8419 0
      vertex 77.9675 2.8419 0
      vertex 77.8423 2.4292 0
    endloop
  endfacet
  facet normal 0 0 -1
    outer loop
      vertex 3.55563 3.55563 0
      vertex 78.1708 59.7777 0
      vertex 3.82923 3.22225 0
    endloop
  endfacet
  facet normal 0 0 -1
    outer loop
      vertex 4.15773 2.4292 0
      vertex 77.8423 2.4292 0
      vertex 77.8 2 0
    endloop
  endfacet
  facet normal 0 0 -1
    outer loop
      vertex -0.0999994 65.6 0
      vertex 78.1708 59.7777 0
      vertex 3.55563 3.55563 0
    endloop
  endfacet
  facet normal 0 0 -1
    outer loop
      vertex 81.8292 0.777745 0
      vertex 84.6 -0.0999994 0
      vertex 84.5786 -0.426309 0
    endloop
  endfacet
  facet normal 0 0 -1
    outer loop
      vertex 82.1577 2.4292 0
      vertex 84.6 -0.0999994 0
      vertex 82.2 2 0
    endloop
  endfacet
  facet normal 0 0 -1
    outer loop
      vertex 81.8292 0.777745 0
      vertex 84.5786 -0.426309 0
      vertex 84.5148 -0.747048 0
    endloop
  endfacet
  facet normal 0 0 -1
    outer loop
      vertex 82.0325 2.8419 0
      vertex 84.6 -0.0999994 0
      vertex 82.1577 2.4292 0
    endloop
  endfacet
  facet normal 0 0 -1
    outer loop
      vertex 81.8292 0.777745 0
      vertex 84.5148 -0.747048 0
      vertex 84.4097 -1.05671 0
    endloop
  endfacet
  facet normal 0 0 -1
    outer loop
      vertex 82.1577 61.4292 0
      vertex 84.6 63.1 0
      vertex 82.2 61 0
    endloop
  endfacet
  facet normal 0 0 -1
    outer loop
      vertex 81.5556 0.444365 0
      vertex 84.4097 -1.05671 0
      vertex 84.2651 -1.35 0
    endloop
  endfacet
  facet normal 0 0 -1
    outer loop
      vertex 82.0325 61.8419 0
      vertex 84.6 63.1 0
      vertex 82.1577 61.4292 0
    endloop
  endfacet
  facet normal 0 0 -1
    outer loop
      vertex 81.5556 0.444365 0
      vertex 84.2651 -1.35 0
      vertex 84.0834 -1.6219 0
    endloop
  endfacet
  facet normal 0 0 -1
    outer loop
      vertex 81.8292 62.2223 0
      vertex 84.6 63.1 0
      vertex 82.0325 61.8419 0
    endloop
  endfacet
  facet normal 0 0 -1
    outer loop
      vertex 81.5556 0.444365 0
      vertex 84.0834 -1.6219 0
      vertex 83.8678 -1.86776 0
    endloop
  endfacet
  facet normal -0 0 -1
    outer loop
      vertex 84.6 63.1 0
      vertex 81.8292 62.2223 0
      vertex 84.5786 63.4263 0
    endloop
  endfacet
  facet normal 0 0 -1
    outer loop
      vertex 81.5556 0.444365 0
      vertex 83.8678 -1.86776 0
      vertex 83.6219 -2.08338 0
    endloop
  endfacet
  facet normal -0 0 -1
    outer loop
      vertex 84.5786 63.4263 0
      vertex 81.8292 62.2223 0
      vertex 84.5148 63.747 0
    endloop
  endfacet
  facet normal 0 0 -1
    outer loop
      vertex 81.5556 0.444365 0
      vertex 83.6219 -2.08338 0
      vertex 83.35 -2.26507 0
    endloop
  endfacet
  facet normal -0 0 -1
    outer loop
      vertex 84.5148 63.747 0
      vertex 81.8292 62.2223 0
      vertex 84.4097 64.0567 0
    endloop
  endfacet
  facet normal 0 0 -1
    outer loop
      vertex 81.5556 0.444365 0
      vertex 83.35 -2.26507 0
      vertex 83.0567 -2.40969 0
    endloop
  endfacet
  facet normal 0 0 -1
    outer loop
      vertex 81.5556 62.5556 0
      vertex 84.4097 64.0567 0
      vertex 81.8292 62.2223 0
    endloop
  endfacet
  facet normal 0 0 -1
    outer loop
      vertex 81.2223 0.170767 0
      vertex 83.0567 -2.40969 0
      vertex 82.747 -2.51481 0
    endloop
  endfacet
  facet normal -0 0 -1
    outer loop
      vertex 84.4097 64.0567 0
      vertex 81.5556 62.5556 0
      vertex 84.2651 64.35 0
    endloop
  endfacet
  facet normal 0 0 -1
    outer loop
      vertex 81.2223 0.170767 0
      vertex 82.747 -2.51481 0
      vertex 82.4263 -2.57861 0
    endloop
  endfacet
  facet normal -0 0 -1
    outer loop
      vertex 84.2651 64.35 0
      vertex 81.5556 62.5556 0
      vertex 84.0834 64.6219 0
    endloop
  endfacet
  facet normal -0 0 -1
    outer loop
      vertex 84.0834 64.6219 0
      vertex 81.5556 62.5556 0
      vertex 83.8678 64.8678 0
    endloop
  endfacet
  facet normal 0 0 -1
    outer loop
      vertex 84.6 -0.0999994 0
      vertex 82.1577 1.5708 0
      vertex 82.2 2 0
    endloop
  endfacet
  facet normal 0 0 -1
    outer loop
      vertex 81.2223 0.170767 0
      vertex 82.4263 -2.57861 0
      vertex 82.1 -2.6 0
    endloop
  endfacet
  facet normal 0 0 -1
    outer loop
      vertex 84.6 -0.0999994 0
      vertex 82.0325 1.1581 0
      vertex 82.1577 1.5708 0
    endloop
  endfacet
  facet normal 0 0 -1
    outer loop
      vertex 84.6 -0.0999994 0
      vertex 81.8292 0.777745 0
      vertex 82.0325 1.1581 0
    endloop
  endfacet
  facet normal 0 0 -1
    outer loop
      vertex 84.4097 -1.05671 0
      vertex 81.5556 0.444365 0
      vertex 81.8292 0.777745 0
    endloop
  endfacet
  facet normal 0 0 -1
    outer loop
      vertex 83.0567 -2.40969 0
      vertex 81.2223 0.170767 0
      vertex 81.5556 0.444365 0
    endloop
  endfacet
  facet normal 0 0 -1
    outer loop
      vertex 82.1 -2.6 0
      vertex 80.8419 -0.0325346 0
      vertex 81.2223 0.170767 0
    endloop
  endfacet
  facet normal 0 0 -1
    outer loop
      vertex 82.1 -2.6 0
      vertex 80.4292 -0.157727 0
      vertex 80.8419 -0.0325346 0
    endloop
  endfacet
  facet normal 0 0 -1
    outer loop
      vertex 82.1 -2.6 0
      vertex 80 -0.2 0
      vertex 80.4292 -0.157727 0
    endloop
  endfacet
  facet normal 0 0 -1
    outer loop
      vertex 82.1 -2.6 0
      vertex 79.5708 -0.157727 0
      vertex 80 -0.2 0
    endloop
  endfacet
  facet normal 0 0 -1
    outer loop
      vertex 82.1 -2.6 0
      vertex 79.1581 -0.0325346 0
      vertex 79.5708 -0.157727 0
    endloop
  endfacet
  facet normal 0 0 -1
    outer loop
      vertex 82.1 -2.6 0
      vertex 78.7777 0.170767 0
      vertex 79.1581 -0.0325346 0
    endloop
  endfacet
  facet normal 0 0 -1
    outer loop
      vertex 3.22225 0.170767 0
      vertex 78.7777 0.170767 0
      vertex 82.1 -2.6 0
    endloop
  endfacet
  facet normal 0 0 -1
    outer loop
      vertex 4.15773 2.4292 0
      vertex 77.8 2 0
      vertex 4.2 2 0
    endloop
  endfacet
  facet normal 0 0 -1
    outer loop
      vertex 77.8423 1.5708 0
      vertex 4.2 2 0
      vertex 77.8 2 0
    endloop
  endfacet
  facet normal 0 0 -1
    outer loop
      vertex 4.15773 1.5708 0
      vertex 77.8423 1.5708 0
      vertex 77.9675 1.1581 0
    endloop
  endfacet
  facet normal 0 0 -1
    outer loop
      vertex 4.03253 1.1581 0
      vertex 77.9675 1.1581 0
      vertex 78.1708 0.777745 0
    endloop
  endfacet
  facet normal 0 0 -1
    outer loop
      vertex 3.82923 0.777745 0
      vertex 78.1708 0.777745 0
      vertex 78.4444 0.444365 0
    endloop
  endfacet
  facet normal 0 0 -1
    outer loop
      vertex 78.7777 0.170767 0
      vertex 3.22225 0.170767 0
      vertex 78.4444 0.444365 0
    endloop
  endfacet
  facet normal 0 0 -1
    outer loop
      vertex 77.8423 1.5708 0
      vertex 4.15773 1.5708 0
      vertex 4.2 2 0
    endloop
  endfacet
  facet normal 0 0 -1
    outer loop
      vertex 77.9675 1.1581 0
      vertex 4.03253 1.1581 0
      vertex 4.15773 1.5708 0
    endloop
  endfacet
  facet normal 0 0 -1
    outer loop
      vertex 78.1708 0.777745 0
      vertex 3.82923 0.777745 0
      vertex 4.03253 1.1581 0
    endloop
  endfacet
  facet normal 0 0 -1
    outer loop
      vertex 78.4444 0.444365 0
      vertex 3.55563 0.444365 0
      vertex 3.82923 0.777745 0
    endloop
  endfacet
  facet normal -0 0 -1
    outer loop
      vertex 78.4444 0.444365 0
      vertex 3.22225 0.170767 0
      vertex 3.55563 0.444365 0
    endloop
  endfacet
  facet normal 0 0 -1
    outer loop
      vertex -0.0999994 -2.6 0
      vertex 3.22225 0.170767 0
      vertex 82.1 -2.6 0
    endloop
  endfacet
  facet normal 0 0 -1
    outer loop
      vertex 3.22225 0.170767 0
      vertex -0.0999994 -2.6 0
      vertex 2.8419 -0.0325346 0
    endloop
  endfacet
  facet normal 0 0 -1
    outer loop
      vertex 2.8419 -0.0325346 0
      vertex -0.0999994 -2.6 0
      vertex 2.4292 -0.157727 0
    endloop
  endfacet
  facet normal 0 0 -1
    outer loop
      vertex 2.4292 -0.157727 0
      vertex -0.0999994 -2.6 0
      vertex 2 -0.2 0
    endloop
  endfacet
  facet normal 0 0 -1
    outer loop
      vertex -0.0999994 -2.6 0
      vertex 1.5708 -0.157727 0
      vertex 2 -0.2 0
    endloop
  endfacet
  facet normal 0 0 -1
    outer loop
      vertex -0.0999994 -2.6 0
      vertex 1.1581 -0.0325346 0
      vertex 1.5708 -0.157727 0
    endloop
  endfacet
  facet normal 0 0 -1
    outer loop
      vertex -0.0999994 -2.6 0
      vertex 0.777745 0.170767 0
      vertex 1.1581 -0.0325346 0
    endloop
  endfacet
  facet normal 0 0 -1
    outer loop
      vertex -0.426309 -2.57861 0
      vertex 0.777745 0.170767 0
      vertex -0.0999994 -2.6 0
    endloop
  endfacet
  facet normal 0 0 -1
    outer loop
      vertex -0.747048 -2.51481 0
      vertex 0.777745 0.170767 0
      vertex -0.426309 -2.57861 0
    endloop
  endfacet
  facet normal 0 0 -1
    outer loop
      vertex -1.05671 -2.40969 0
      vertex 0.777745 0.170767 0
      vertex -0.747048 -2.51481 0
    endloop
  endfacet
  facet normal -0 0 -1
    outer loop
      vertex 0.777745 0.170767 0
      vertex -1.05671 -2.40969 0
      vertex 0.444365 0.444365 0
    endloop
  endfacet
  facet normal 0 0 -1
    outer loop
      vertex -1.35 -2.26507 0
      vertex 0.444365 0.444365 0
      vertex -1.05671 -2.40969 0
    endloop
  endfacet
  facet normal 0 0 -1
    outer loop
      vertex -1.6219 -2.08338 0
      vertex 0.444365 0.444365 0
      vertex -1.35 -2.26507 0
    endloop
  endfacet
  facet normal -0 0 -1
    outer loop
      vertex 83.8678 64.8678 0
      vertex 81.5556 62.5556 0
      vertex 83.6219 65.0834 0
    endloop
  endfacet
  facet normal -0 0 -1
    outer loop
      vertex 83.6219 65.0834 0
      vertex 81.5556 62.5556 0
      vertex 83.35 65.2651 0
    endloop
  endfacet
  facet normal -0 0 -1
    outer loop
      vertex 83.35 65.2651 0
      vertex 81.5556 62.5556 0
      vertex 83.0567 65.4097 0
    endloop
  endfacet
  facet normal 0 0 -1
    outer loop
      vertex 81.2223 62.8292 0
      vertex 83.0567 65.4097 0
      vertex 81.5556 62.5556 0
    endloop
  endfacet
  facet normal -0 0 -1
    outer loop
      vertex 83.0567 65.4097 0
      vertex 81.2223 62.8292 0
      vertex 82.747 65.5148 0
    endloop
  endfacet
  facet normal -0 0 -1
    outer loop
      vertex 82.747 65.5148 0
      vertex 81.2223 62.8292 0
      vertex 82.4263 65.5786 0
    endloop
  endfacet
  facet normal -0 0 -1
    outer loop
      vertex 82.4263 65.5786 0
      vertex 81.2223 62.8292 0
      vertex 82.1 65.6 0
    endloop
  endfacet
  facet normal 0 0 -1
    outer loop
      vertex 80.8419 63.0325 0
      vertex 82.1 65.6 0
      vertex 81.2223 62.8292 0
    endloop
  endfacet
  facet normal 0 0 -1
    outer loop
      vertex 80.4292 63.1577 0
      vertex 82.1 65.6 0
      vertex 80.8419 63.0325 0
    endloop
  endfacet
  facet normal 0 0 -1
    outer loop
      vertex 80 63.2 0
      vertex 82.1 65.6 0
      vertex 80.4292 63.1577 0
    endloop
  endfacet
  facet normal 0 0 -1
    outer loop
      vertex 79.5708 63.1577 0
      vertex 82.1 65.6 0
      vertex 80 63.2 0
    endloop
  endfacet
  facet normal 0 0 -1
    outer loop
      vertex 79.1581 63.0325 0
      vertex 82.1 65.6 0
      vertex 79.5708 63.1577 0
    endloop
  endfacet
  facet normal 0 0 -1
    outer loop
      vertex 78.7777 62.8292 0
      vertex 82.1 65.6 0
      vertex 79.1581 63.0325 0
    endloop
  endfacet
  facet normal 0 0 -1
    outer loop
      vertex -0.0999994 65.6 0
      vertex 78.7777 62.8292 0
      vertex 78.4444 62.5556 0
    endloop
  endfacet
  facet normal 0 0 -1
    outer loop
      vertex 77.8423 2.4292 0
      vertex 4.15773 2.4292 0
      vertex 4.03253 2.8419 0
    endloop
  endfacet
  facet normal 0 0 -1
    outer loop
      vertex 77.9675 2.8419 0
      vertex 4.03253 2.8419 0
      vertex 3.82923 3.22225 0
    endloop
  endfacet
  facet normal 0 0 -1
    outer loop
      vertex 78.1708 59.7777 0
      vertex -0.0999994 65.6 0
      vertex 77.9675 60.1581 0
    endloop
  endfacet
  facet normal 0 0 -1
    outer loop
      vertex 77.9675 60.1581 0
      vertex -0.0999994 65.6 0
      vertex 77.8423 60.5708 0
    endloop
  endfacet
  facet normal 0 0 -1
    outer loop
      vertex 77.8423 60.5708 0
      vertex -0.0999994 65.6 0
      vertex 77.8 61 0
    endloop
  endfacet
  facet normal 0 0 -1
    outer loop
      vertex 77.8 61 0
      vertex -0.0999994 65.6 0
      vertex 77.8423 61.4292 0
    endloop
  endfacet
  facet normal 0 0 -1
    outer loop
      vertex 77.8423 61.4292 0
      vertex -0.0999994 65.6 0
      vertex 77.9675 61.8419 0
    endloop
  endfacet
  facet normal 0 0 -1
    outer loop
      vertex 77.9675 61.8419 0
      vertex -0.0999994 65.6 0
      vertex 78.1708 62.2223 0
    endloop
  endfacet
  facet normal 0 0 -1
    outer loop
      vertex 78.1708 62.2223 0
      vertex -0.0999994 65.6 0
      vertex 78.4444 62.5556 0
    endloop
  endfacet
  facet normal 0 0 -1
    outer loop
      vertex -0.0999994 65.6 0
      vertex 3.55563 3.55563 0
      vertex 3.22225 3.82923 0
    endloop
  endfacet
  facet normal 0 0 -1
    outer loop
      vertex -2.6 63.1 0
      vertex 3.22225 3.82923 0
      vertex 2.8419 4.03253 0
    endloop
  endfacet
  facet normal 0 0 -1
    outer loop
      vertex -2.6 63.1 0
      vertex 2.8419 4.03253 0
      vertex 2.4292 4.15773 0
    endloop
  endfacet
  facet normal 0 0 -1
    outer loop
      vertex -2.6 63.1 0
      vertex 2.4292 4.15773 0
      vertex 2 4.2 0
    endloop
  endfacet
  facet normal 0 0 -1
    outer loop
      vertex -2.6 63.1 0
      vertex 2 4.2 0
      vertex 1.5708 4.15773 0
    endloop
  endfacet
  facet normal 0 0 -1
    outer loop
      vertex -2.6 63.1 0
      vertex 1.5708 4.15773 0
      vertex 1.1581 4.03253 0
    endloop
  endfacet
  facet normal 0 0 -1
    outer loop
      vertex -2.6 63.1 0
      vertex 1.1581 4.03253 0
      vertex 0.777745 3.82923 0
    endloop
  endfacet
  facet normal 0 0 -1
    outer loop
      vertex 78.7777 62.8292 0
      vertex -0.0999994 65.6 0
      vertex 82.1 65.6 0
    endloop
  endfacet
  facet normal 0 0 -1
    outer loop
      vertex -2.6 63.1 0
      vertex 0.777745 3.82923 0
      vertex 0.444365 3.55563 0
    endloop
  endfacet
  facet normal 0 0 -1
    outer loop
      vertex -2.6 63.1 0
      vertex 0.444365 3.55563 0
      vertex 0.170767 3.22225 0
    endloop
  endfacet
  facet normal 0 0 -1
    outer loop
      vertex -2.6 -0.0999994 0
      vertex 0.170767 3.22225 0
      vertex -0.0325346 2.8419 0
    endloop
  endfacet
  facet normal 0 0 -1
    outer loop
      vertex -2.6 -0.0999994 0
      vertex -0.0325346 2.8419 0
      vertex -0.157727 2.4292 0
    endloop
  endfacet
  facet normal 0 0 -1
    outer loop
      vertex -2.6 -0.0999994 0
      vertex -0.157727 2.4292 0
      vertex -0.2 2 0
    endloop
  endfacet
  facet normal 0 0 -1
    outer loop
      vertex -1.86776 -1.86776 0
      vertex 0.444365 0.444365 0
      vertex -1.6219 -2.08338 0
    endloop
  endfacet
  facet normal -0 0 -1
    outer loop
      vertex 0.170767 3.22225 0
      vertex -2.6 -0.0999994 0
      vertex -2.6 63.1 0
    endloop
  endfacet
  facet normal 0 0 -1
    outer loop
      vertex -2.08338 -1.6219 0
      vertex 0.444365 0.444365 0
      vertex -1.86776 -1.86776 0
    endloop
  endfacet
  facet normal 0 0 -1
    outer loop
      vertex 3.22225 3.82923 0
      vertex -2.6 63.1 0
      vertex -0.0999994 65.6 0
    endloop
  endfacet
  facet normal 0 0 -1
    outer loop
      vertex -2.26507 -1.35 0
      vertex 0.444365 0.444365 0
      vertex -2.08338 -1.6219 0
    endloop
  endfacet
  facet normal 0 0 -1
    outer loop
      vertex -0.0999994 65.6 0
      vertex -2.6 63.1 0
      vertex -0.426309 65.5786 0
    endloop
  endfacet
  facet normal 0 0 -1
    outer loop
      vertex -2.40969 -1.05671 0
      vertex 0.444365 0.444365 0
      vertex -2.26507 -1.35 0
    endloop
  endfacet
  facet normal 0 0 -1
    outer loop
      vertex -0.426309 65.5786 0
      vertex -2.6 63.1 0
      vertex -0.747048 65.5148 0
    endloop
  endfacet
  facet normal -0 0 -1
    outer loop
      vertex 0.444365 0.444365 0
      vertex -2.40969 -1.05671 0
      vertex 0.170767 0.777745 0
    endloop
  endfacet
  facet normal 0 0 -1
    outer loop
      vertex -0.747048 65.5148 0
      vertex -2.6 63.1 0
      vertex -1.05671 65.4097 0
    endloop
  endfacet
  facet normal 0 0 -1
    outer loop
      vertex -2.51481 -0.747048 0
      vertex 0.170767 0.777745 0
      vertex -2.40969 -1.05671 0
    endloop
  endfacet
  facet normal 0 0 -1
    outer loop
      vertex -1.05671 65.4097 0
      vertex -2.6 63.1 0
      vertex -1.35 65.2651 0
    endloop
  endfacet
  facet normal 0 0 -1
    outer loop
      vertex -2.57861 -0.426309 0
      vertex 0.170767 0.777745 0
      vertex -2.51481 -0.747048 0
    endloop
  endfacet
  facet normal 0 0 -1
    outer loop
      vertex -1.35 65.2651 0
      vertex -2.6 63.1 0
      vertex -1.6219 65.0834 0
    endloop
  endfacet
  facet normal 0 0 -1
    outer loop
      vertex -2.6 -0.0999994 0
      vertex 0.170767 0.777745 0
      vertex -2.57861 -0.426309 0
    endloop
  endfacet
  facet normal 0 0 -1
    outer loop
      vertex -1.6219 65.0834 0
      vertex -2.6 63.1 0
      vertex -1.86776 64.8678 0
    endloop
  endfacet
  facet normal -0 0 -1
    outer loop
      vertex 0.170767 0.777745 0
      vertex -2.6 -0.0999994 0
      vertex -0.0325346 1.1581 0
    endloop
  endfacet
  facet normal 0 0 -1
    outer loop
      vertex -1.86776 64.8678 0
      vertex -2.6 63.1 0
      vertex -2.08338 64.6219 0
    endloop
  endfacet
  facet normal -0 0 -1
    outer loop
      vertex -0.0325346 1.1581 0
      vertex -2.6 -0.0999994 0
      vertex -0.157727 1.5708 0
    endloop
  endfacet
  facet normal 0 0 -1
    outer loop
      vertex -2.08338 64.6219 0
      vertex -2.6 63.1 0
      vertex -2.26507 64.35 0
    endloop
  endfacet
  facet normal -0 0 -1
    outer loop
      vertex -0.157727 1.5708 0
      vertex -2.6 -0.0999994 0
      vertex -0.2 2 0
    endloop
  endfacet
  facet normal 0 0 -1
    outer loop
      vertex -2.26507 64.35 0
      vertex -2.6 63.1 0
      vertex -2.40969 64.0567 0
    endloop
  endfacet
  facet normal 0 0 -1
    outer loop
      vertex -2.40969 64.0567 0
      vertex -2.6 63.1 0
      vertex -2.51481 63.747 0
    endloop
  endfacet
  facet normal 0 0 -1
    outer loop
      vertex -2.51481 63.747 0
      vertex -2.6 63.1 0
      vertex -2.57861 63.4263 0
    endloop
  endfacet
  facet normal 0.896921 0.442191 0
    outer loop
      vertex 84.4097 64.0567 13.1
      vertex 84.2651 64.35 0
      vertex 84.2651 64.35 13.1
    endloop
  endfacet
  facet normal 0.896921 0.442191 0
    outer loop
      vertex 84.2651 64.35 0
      vertex 84.4097 64.0567 13.1
      vertex 84.4097 64.0567 0
    endloop
  endfacet
  facet normal 0 1 0
    outer loop
      vertex 82.1 65.6 13.1
      vertex 19 65.6 7.9
      vertex 19 65.6 13.1
    endloop
  endfacet
  facet normal 0 1 0
    outer loop
      vertex -0.0999994 65.6 0
      vertex 19 65.6 7.9
      vertex 82.1 65.6 0
    endloop
  endfacet
  facet normal 0 1 -0
    outer loop
      vertex 82.1 65.6 0
      vertex 19 65.6 7.9
      vertex 82.1 65.6 13.1
    endloop
  endfacet
  facet normal 0 1 -0
    outer loop
      vertex 7 65.6 7.9
      vertex -0.0999994 65.6 13.1
      vertex 7 65.6 13.1
    endloop
  endfacet
  facet normal 0 1 0
    outer loop
      vertex 7 65.6 7.9
      vertex -0.0999994 65.6 0
      vertex -0.0999994 65.6 13.1
    endloop
  endfacet
  facet normal 0 1 0
    outer loop
      vertex 19 65.6 7.9
      vertex -0.0999994 65.6 0
      vertex 7 65.6 7.9
    endloop
  endfacet
  facet normal -0.195093 -0.980785 0
    outer loop
      vertex -0.747048 -2.51481 0
      vertex -0.426309 -2.57861 13.1
      vertex -0.747048 -2.51481 13.1
    endloop
  endfacet
  facet normal -0.195093 -0.980785 -0
    outer loop
      vertex -0.426309 -2.57861 13.1
      vertex -0.747048 -2.51481 0
      vertex -0.426309 -2.57861 0
    endloop
  endfacet
  facet normal 0.659297 -0.751883 0
    outer loop
      vertex 83.6219 -2.08338 0
      vertex 83.8678 -1.86776 13.1
      vertex 83.6219 -2.08338 13.1
    endloop
  endfacet
  facet normal 0.659297 -0.751883 0
    outer loop
      vertex 83.8678 -1.86776 13.1
      vertex 83.6219 -2.08338 0
      vertex 83.8678 -1.86776 0
    endloop
  endfacet
  facet normal 0.32136 0.946957 -0
    outer loop
      vertex 83.0567 65.4097 0
      vertex 82.747 65.5148 13.1
      vertex 83.0567 65.4097 13.1
    endloop
  endfacet
  facet normal 0.32136 0.946957 0
    outer loop
      vertex 82.747 65.5148 13.1
      vertex 83.0567 65.4097 0
      vertex 82.747 65.5148 0
    endloop
  endfacet
  facet normal -0.321395 0.946945 0
    outer loop
      vertex -0.747048 65.5148 0
      vertex -1.05671 65.4097 13.1
      vertex -0.747048 65.5148 13.1
    endloop
  endfacet
  facet normal -0.321395 0.946945 0
    outer loop
      vertex -1.05671 65.4097 13.1
      vertex -0.747048 65.5148 0
      vertex -1.05671 65.4097 0
    endloop
  endfacet
  facet normal -0.946938 0.321415 0
    outer loop
      vertex -2.51481 63.747 0
      vertex -2.40969 64.0567 13.1
      vertex -2.40969 64.0567 0
    endloop
  endfacet
  facet normal -0.946938 0.321415 0
    outer loop
      vertex -2.40969 64.0567 13.1
      vertex -2.51481 63.747 0
      vertex -2.51481 63.747 13.1
    endloop
  endfacet
  facet normal -0.0654109 -0.997858 0
    outer loop
      vertex -0.426309 -2.57861 0
      vertex -0.0999994 -2.6 13.1
      vertex -0.426309 -2.57861 13.1
    endloop
  endfacet
  facet normal -0.0654109 -0.997858 -0
    outer loop
      vertex -0.0999994 -2.6 13.1
      vertex -0.426309 -2.57861 0
      vertex -0.0999994 -2.6 0
    endloop
  endfacet
  facet normal 0.946957 0.32136 0
    outer loop
      vertex 84.5148 63.747 13.1
      vertex 84.4097 64.0567 0
      vertex 84.4097 64.0567 13.1
    endloop
  endfacet
  facet normal 0.946957 0.32136 0
    outer loop
      vertex 84.4097 64.0567 0
      vertex 84.5148 63.747 13.1
      vertex 84.5148 63.747 0
    endloop
  endfacet
  facet normal 0.997856 -0.0654413 0
    outer loop
      vertex 84.5786 -0.426309 13.1
      vertex 84.6 -0.0999994 0
      vertex 84.6 -0.0999994 13.1
    endloop
  endfacet
  facet normal 0.997856 -0.0654413 0
    outer loop
      vertex 84.6 -0.0999994 0
      vertex 84.5786 -0.426309 13.1
      vertex 84.5786 -0.426309 0
    endloop
  endfacet
  facet normal -0.98078 0.195116 0
    outer loop
      vertex -2.57861 63.4263 0
      vertex -2.51481 63.747 13.1
      vertex -2.51481 63.747 0
    endloop
  endfacet
  facet normal -0.98078 0.195116 0
    outer loop
      vertex -2.51481 63.747 13.1
      vertex -2.57861 63.4263 0
      vertex -2.57861 63.4263 13.1
    endloop
  endfacet
  facet normal -0.980785 -0.195093 0
    outer loop
      vertex -2.51481 -0.747048 0
      vertex -2.57861 -0.426309 13.1
      vertex -2.57861 -0.426309 0
    endloop
  endfacet
  facet normal -0.980785 -0.195093 0
    outer loop
      vertex -2.57861 -0.426309 13.1
      vertex -2.51481 -0.747048 0
      vertex -2.51481 -0.747048 13.1
    endloop
  endfacet
  facet normal -0.75183 -0.659357 0
    outer loop
      vertex -1.86776 -1.86776 0
      vertex -2.08338 -1.6219 13.1
      vertex -2.08338 -1.6219 0
    endloop
  endfacet
  facet normal -0.75183 -0.659357 0
    outer loop
      vertex -2.08338 -1.6219 13.1
      vertex -1.86776 -1.86776 0
      vertex -1.86776 -1.86776 13.1
    endloop
  endfacet
  facet normal 0.98078 0.195116 0
    outer loop
      vertex 84.5786 63.4263 13.1
      vertex 84.5148 63.747 0
      vertex 84.5148 63.747 13.1
    endloop
  endfacet
  facet normal 0.98078 0.195116 0
    outer loop
      vertex 84.5148 63.747 0
      vertex 84.5786 63.4263 13.1
      vertex 84.5786 63.4263 0
    endloop
  endfacet
  facet normal 0.442241 -0.896896 0
    outer loop
      vertex 83.0567 -2.40969 0
      vertex 83.35 -2.26507 13.1
      vertex 83.0567 -2.40969 13.1
    endloop
  endfacet
  facet normal 0.442241 -0.896896 0
    outer loop
      vertex 83.35 -2.26507 13.1
      vertex 83.0567 -2.40969 0
      vertex 83.35 -2.26507 0
    endloop
  endfacet
  facet normal 0.896915 -0.442204 0
    outer loop
      vertex 84.2651 -1.35 13.1
      vertex 84.4097 -1.05671 0
      vertex 84.4097 -1.05671 13.1
    endloop
  endfacet
  facet normal 0.896915 -0.442204 0
    outer loop
      vertex 84.4097 -1.05671 0
      vertex 84.2651 -1.35 13.1
      vertex 84.2651 -1.35 0
    endloop
  endfacet
  facet normal -0.442204 0.896915 0
    outer loop
      vertex -1.05671 65.4097 0
      vertex -1.35 65.2651 13.1
      vertex -1.05671 65.4097 13.1
    endloop
  endfacet
  facet normal -0.442204 0.896915 0
    outer loop
      vertex -1.35 65.2651 13.1
      vertex -1.05671 65.4097 0
      vertex -1.35 65.2651 0
    endloop
  endfacet
  facet normal -0.997858 0.0654128 0
    outer loop
      vertex -2.6 63.1 0
      vertex -2.57861 63.4263 13.1
      vertex -2.57861 63.4263 0
    endloop
  endfacet
  facet normal -0.997858 0.0654128 0
    outer loop
      vertex -2.57861 63.4263 13.1
      vertex -2.6 63.1 0
      vertex -2.6 63.1 13.1
    endloop
  endfacet
  facet normal -0.831452 0.555596 0
    outer loop
      vertex -2.26507 64.35 0
      vertex -2.08338 64.6219 13.1
      vertex -2.08338 64.6219 0
    endloop
  endfacet
  facet normal -0.831452 0.555596 0
    outer loop
      vertex -2.08338 64.6219 13.1
      vertex -2.26507 64.35 0
      vertex -2.26507 64.35 13.1
    endloop
  endfacet
  facet normal -0 0 1
    outer loop
      vertex -0.0999994 65.6 13.1
      vertex 7 63.2 13.1
      vertex 7 65.6 13.1
    endloop
  endfacet
  facet normal 0 0 1
    outer loop
      vertex -0.0999994 65.6 13.1
      vertex -0.2 63.2 13.1
      vertex 7 63.2 13.1
    endloop
  endfacet
  facet normal -0 0 1
    outer loop
      vertex -0.747048 65.5148 13.1
      vertex -0.2 63.2 13.1
      vertex -0.426309 65.5786 13.1
    endloop
  endfacet
  facet normal -0 0 1
    outer loop
      vertex -0.426309 65.5786 13.1
      vertex -0.2 63.2 13.1
      vertex -0.0999994 65.6 13.1
    endloop
  endfacet
  facet normal -0 0 1
    outer loop
      vertex 82.2 63.2 13.1
      vertex 84.6 63.1 13.1
      vertex 84.5786 63.4263 13.1
    endloop
  endfacet
  facet normal 0 0 1
    outer loop
      vertex 84.6 63.1 13.1
      vertex 82.2 63.2 13.1
      vertex 84.6 -0.0999994 13.1
    endloop
  endfacet
  facet normal 0 0 1
    outer loop
      vertex 82.2 63.2 13.1
      vertex 84.5786 63.4263 13.1
      vertex 84.5148 63.747 13.1
    endloop
  endfacet
  facet normal 0 0 1
    outer loop
      vertex 82.2 -0.2 13.1
      vertex 84.6 -0.0999994 13.1
      vertex 82.2 63.2 13.1
    endloop
  endfacet
  facet normal 0 0 1
    outer loop
      vertex 82.2 63.2 13.1
      vertex 84.5148 63.747 13.1
      vertex 84.4097 64.0567 13.1
    endloop
  endfacet
  facet normal 0 0 1
    outer loop
      vertex 84.6 -0.0999994 13.1
      vertex 82.2 -0.2 13.1
      vertex 84.5786 -0.426309 13.1
    endloop
  endfacet
  facet normal 0 0 1
    outer loop
      vertex 82.2 63.2 13.1
      vertex 84.4097 64.0567 13.1
      vertex 84.2651 64.35 13.1
    endloop
  endfacet
  facet normal 0 0 1
    outer loop
      vertex 84.5786 -0.426309 13.1
      vertex 82.2 -0.2 13.1
      vertex 84.5148 -0.747048 13.1
    endloop
  endfacet
  facet normal 0 0 1
    outer loop
      vertex 82.2 63.2 13.1
      vertex 84.2651 64.35 13.1
      vertex 84.0834 64.6219 13.1
    endloop
  endfacet
  facet normal 0 0 1
    outer loop
      vertex 84.5148 -0.747048 13.1
      vertex 82.2 -0.2 13.1
      vertex 84.4097 -1.05671 13.1
    endloop
  endfacet
  facet normal 0 0 1
    outer loop
      vertex 82.2 63.2 13.1
      vertex 84.0834 64.6219 13.1
      vertex 83.8678 64.8678 13.1
    endloop
  endfacet
  facet normal 0 0 1
    outer loop
      vertex 84.4097 -1.05671 13.1
      vertex 82.2 -0.2 13.1
      vertex 84.2651 -1.35 13.1
    endloop
  endfacet
  facet normal 0 0 1
    outer loop
      vertex 82.2 63.2 13.1
      vertex 83.8678 64.8678 13.1
      vertex 83.6219 65.0834 13.1
    endloop
  endfacet
  facet normal 0 0 1
    outer loop
      vertex 84.2651 -1.35 13.1
      vertex 82.2 -0.2 13.1
      vertex 84.0834 -1.6219 13.1
    endloop
  endfacet
  facet normal 0 0 1
    outer loop
      vertex 82.2 63.2 13.1
      vertex 83.6219 65.0834 13.1
      vertex 83.35 65.2651 13.1
    endloop
  endfacet
  facet normal 0 0 1
    outer loop
      vertex 84.0834 -1.6219 13.1
      vertex 82.2 -0.2 13.1
      vertex 83.8678 -1.86776 13.1
    endloop
  endfacet
  facet normal 0 0 1
    outer loop
      vertex 82.2 63.2 13.1
      vertex 83.35 65.2651 13.1
      vertex 83.0567 65.4097 13.1
    endloop
  endfacet
  facet normal 0 0 1
    outer loop
      vertex 83.8678 -1.86776 13.1
      vertex 82.2 -0.2 13.1
      vertex 83.6219 -2.08338 13.1
    endloop
  endfacet
  facet normal 0 0 1
    outer loop
      vertex 82.2 63.2 13.1
      vertex 83.0567 65.4097 13.1
      vertex 82.747 65.5148 13.1
    endloop
  endfacet
  facet normal 0 0 1
    outer loop
      vertex 83.6219 -2.08338 13.1
      vertex 82.2 -0.2 13.1
      vertex 83.35 -2.26507 13.1
    endloop
  endfacet
  facet normal 0 0 1
    outer loop
      vertex 82.2 63.2 13.1
      vertex 82.747 65.5148 13.1
      vertex 82.4263 65.5786 13.1
    endloop
  endfacet
  facet normal 0 0 1
    outer loop
      vertex 83.35 -2.26507 13.1
      vertex 82.2 -0.2 13.1
      vertex 83.0567 -2.40969 13.1
    endloop
  endfacet
  facet normal 0 0 1
    outer loop
      vertex 83.0567 -2.40969 13.1
      vertex 82.2 -0.2 13.1
      vertex 82.747 -2.51481 13.1
    endloop
  endfacet
  facet normal 0 0 1
    outer loop
      vertex 82.1 65.6 13.1
      vertex 82.2 63.2 13.1
      vertex 82.4263 65.5786 13.1
    endloop
  endfacet
  facet normal 0 0 1
    outer loop
      vertex 19 63.2 13.1
      vertex 82.1 65.6 13.1
      vertex 19 65.6 13.1
    endloop
  endfacet
  facet normal 0 0 1
    outer loop
      vertex 82.1 65.6 13.1
      vertex 19 63.2 13.1
      vertex 82.2 63.2 13.1
    endloop
  endfacet
  facet normal 0 0 1
    outer loop
      vertex 82.747 -2.51481 13.1
      vertex 82.2 -0.2 13.1
      vertex 82.4263 -2.57861 13.1
    endloop
  endfacet
  facet normal 0 0 1
    outer loop
      vertex 82.2 -0.2 13.1
      vertex 82.1 -2.6 13.1
      vertex 82.4263 -2.57861 13.1
    endloop
  endfacet
  facet normal 0 0 1
    outer loop
      vertex 82.2 -0.2 13.1
      vertex -0.0999994 -2.6 13.1
      vertex 82.1 -2.6 13.1
    endloop
  endfacet
  facet normal -0 0 1
    outer loop
      vertex -0.2 -0.2 13.1
      vertex -0.0999994 -2.6 13.1
      vertex 82.2 -0.2 13.1
    endloop
  endfacet
  facet normal 0 0 1
    outer loop
      vertex -0.2 -0.2 13.1
      vertex -0.426309 -2.57861 13.1
      vertex -0.0999994 -2.6 13.1
    endloop
  endfacet
  facet normal 0 0 1
    outer loop
      vertex -0.2 63.2 13.1
      vertex -2.6 63.1 13.1
      vertex -0.2 -0.2 13.1
    endloop
  endfacet
  facet normal -0 0 1
    outer loop
      vertex -1.05671 65.4097 13.1
      vertex -0.2 63.2 13.1
      vertex -0.747048 65.5148 13.1
    endloop
  endfacet
  facet normal -0 0 1
    outer loop
      vertex -2.6 -0.0999994 13.1
      vertex -0.2 -0.2 13.1
      vertex -2.6 63.1 13.1
    endloop
  endfacet
  facet normal -0 0 1
    outer loop
      vertex -1.35 65.2651 13.1
      vertex -0.2 63.2 13.1
      vertex -1.05671 65.4097 13.1
    endloop
  endfacet
  facet normal 0 -0 1
    outer loop
      vertex -2.57861 -0.426309 13.1
      vertex -0.2 -0.2 13.1
      vertex -2.6 -0.0999994 13.1
    endloop
  endfacet
  facet normal -0 0 1
    outer loop
      vertex -1.6219 65.0834 13.1
      vertex -0.2 63.2 13.1
      vertex -1.35 65.2651 13.1
    endloop
  endfacet
  facet normal 0 0 1
    outer loop
      vertex -0.2 -0.2 13.1
      vertex -0.747048 -2.51481 13.1
      vertex -0.426309 -2.57861 13.1
    endloop
  endfacet
  facet normal -0 0 1
    outer loop
      vertex -1.86776 64.8678 13.1
      vertex -0.2 63.2 13.1
      vertex -1.6219 65.0834 13.1
    endloop
  endfacet
  facet normal 0 0 1
    outer loop
      vertex -0.2 -0.2 13.1
      vertex -1.05671 -2.40969 13.1
      vertex -0.747048 -2.51481 13.1
    endloop
  endfacet
  facet normal -0 0 1
    outer loop
      vertex -2.08338 64.6219 13.1
      vertex -0.2 63.2 13.1
      vertex -1.86776 64.8678 13.1
    endloop
  endfacet
  facet normal 0 0 1
    outer loop
      vertex -0.2 -0.2 13.1
      vertex -1.35 -2.26507 13.1
      vertex -1.05671 -2.40969 13.1
    endloop
  endfacet
  facet normal -0 0 1
    outer loop
      vertex -2.26507 64.35 13.1
      vertex -0.2 63.2 13.1
      vertex -2.08338 64.6219 13.1
    endloop
  endfacet
  facet normal 0 0 1
    outer loop
      vertex -0.2 -0.2 13.1
      vertex -1.6219 -2.08338 13.1
      vertex -1.35 -2.26507 13.1
    endloop
  endfacet
  facet normal -0 0 1
    outer loop
      vertex -2.40969 64.0567 13.1
      vertex -0.2 63.2 13.1
      vertex -2.26507 64.35 13.1
    endloop
  endfacet
  facet normal 0 0 1
    outer loop
      vertex -0.2 -0.2 13.1
      vertex -1.86776 -1.86776 13.1
      vertex -1.6219 -2.08338 13.1
    endloop
  endfacet
  facet normal -0 0 1
    outer loop
      vertex -2.51481 63.747 13.1
      vertex -0.2 63.2 13.1
      vertex -2.40969 64.0567 13.1
    endloop
  endfacet
  facet normal 0 0 1
    outer loop
      vertex -0.2 -0.2 13.1
      vertex -2.08338 -1.6219 13.1
      vertex -1.86776 -1.86776 13.1
    endloop
  endfacet
  facet normal -0 0 1
    outer loop
      vertex -2.57861 63.4263 13.1
      vertex -0.2 63.2 13.1
      vertex -2.51481 63.747 13.1
    endloop
  endfacet
  facet normal 0 0 1
    outer loop
      vertex -0.2 -0.2 13.1
      vertex -2.26507 -1.35 13.1
      vertex -2.08338 -1.6219 13.1
    endloop
  endfacet
  facet normal 0 0 1
    outer loop
      vertex -0.2 63.2 13.1
      vertex -2.57861 63.4263 13.1
      vertex -2.6 63.1 13.1
    endloop
  endfacet
  facet normal 0 0 1
    outer loop
      vertex -0.2 -0.2 13.1
      vertex -2.40969 -1.05671 13.1
      vertex -2.26507 -1.35 13.1
    endloop
  endfacet
  facet normal 0 0 1
    outer loop
      vertex -0.2 -0.2 13.1
      vertex -2.51481 -0.747048 13.1
      vertex -2.40969 -1.05671 13.1
    endloop
  endfacet
  facet normal 0 0 1
    outer loop
      vertex -0.2 -0.2 13.1
      vertex -2.57861 -0.426309 13.1
      vertex -2.51481 -0.747048 13.1
    endloop
  endfacet
  facet normal 0.555617 0.831438 -0
    outer loop
      vertex 83.6219 65.0834 0
      vertex 83.35 65.2651 13.1
      vertex 83.6219 65.0834 13.1
    endloop
  endfacet
  facet normal 0.555617 0.831438 0
    outer loop
      vertex 83.35 65.2651 13.1
      vertex 83.6219 65.0834 0
      vertex 83.35 65.2651 0
    endloop
  endfacet
  facet normal 0.555596 -0.831452 0
    outer loop
      vertex 83.35 -2.26507 0
      vertex 83.6219 -2.08338 13.1
      vertex 83.35 -2.26507 13.1
    endloop
  endfacet
  facet normal 0.555596 -0.831452 0
    outer loop
      vertex 83.6219 -2.08338 13.1
      vertex 83.35 -2.26507 0
      vertex 83.6219 -2.08338 0
    endloop
  endfacet
  facet normal -0.997858 -0.0654109 0
    outer loop
      vertex -2.57861 -0.426309 0
      vertex -2.6 -0.0999994 13.1
      vertex -2.6 -0.0999994 0
    endloop
  endfacet
  facet normal -0.997858 -0.0654109 0
    outer loop
      vertex -2.6 -0.0999994 13.1
      vertex -2.57861 -0.426309 0
      vertex -2.57861 -0.426309 13.1
    endloop
  endfacet
  facet normal -0.659357 -0.75183 0
    outer loop
      vertex -1.86776 -1.86776 0
      vertex -1.6219 -2.08338 13.1
      vertex -1.86776 -1.86776 13.1
    endloop
  endfacet
  facet normal -0.659357 -0.75183 -0
    outer loop
      vertex -1.6219 -2.08338 13.1
      vertex -1.86776 -1.86776 0
      vertex -1.6219 -2.08338 0
    endloop
  endfacet
  facet normal 0.659262 0.751913 -0
    outer loop
      vertex 83.8678 64.8678 0
      vertex 83.6219 65.0834 13.1
      vertex 83.8678 64.8678 13.1
    endloop
  endfacet
  facet normal 0.659262 0.751913 0
    outer loop
      vertex 83.6219 65.0834 13.1
      vertex 83.8678 64.8678 0
      vertex 83.6219 65.0834 0
    endloop
  endfacet
  facet normal 0.997856 0.0654432 0
    outer loop
      vertex 84.6 63.1 13.1
      vertex 84.5786 63.4263 0
      vertex 84.5786 63.4263 13.1
    endloop
  endfacet
  facet normal 0.997856 0.0654432 0
    outer loop
      vertex 84.5786 63.4263 0
      vertex 84.6 63.1 13.1
      vertex 84.6 63.1 0
    endloop
  endfacet
  facet normal -0.89689 -0.442253 0
    outer loop
      vertex -2.26507 -1.35 0
      vertex -2.40969 -1.05671 13.1
      vertex -2.40969 -1.05671 0
    endloop
  endfacet
  facet normal -0.89689 -0.442253 0
    outer loop
      vertex -2.40969 -1.05671 13.1
      vertex -2.26507 -1.35 0
      vertex -2.26507 -1.35 13.1
    endloop
  endfacet
  facet normal -0.751883 0.659297 0
    outer loop
      vertex -2.08338 64.6219 0
      vertex -1.86776 64.8678 13.1
      vertex -1.86776 64.8678 0
    endloop
  endfacet
  facet normal -0.751883 0.659297 0
    outer loop
      vertex -1.86776 64.8678 13.1
      vertex -2.08338 64.6219 0
      vertex -2.08338 64.6219 13.1
    endloop
  endfacet
  facet normal 0.195116 0.98078 -0
    outer loop
      vertex 82.747 65.5148 0
      vertex 82.4263 65.5786 13.1
      vertex 82.747 65.5148 13.1
    endloop
  endfacet
  facet normal 0.195116 0.98078 0
    outer loop
      vertex 82.4263 65.5786 13.1
      vertex 82.747 65.5148 0
      vertex 82.4263 65.5786 0
    endloop
  endfacet
  facet normal 0.0654432 0.997856 -0
    outer loop
      vertex 82.4263 65.5786 0
      vertex 82.1 65.6 13.1
      vertex 82.4263 65.5786 13.1
    endloop
  endfacet
  facet normal 0.0654432 0.997856 0
    outer loop
      vertex 82.1 65.6 13.1
      vertex 82.4263 65.5786 0
      vertex 82.1 65.6 0
    endloop
  endfacet
  facet normal 0.751913 0.659262 0
    outer loop
      vertex 84.0834 64.6219 13.1
      vertex 83.8678 64.8678 0
      vertex 83.8678 64.8678 13.1
    endloop
  endfacet
  facet normal 0.751913 0.659262 0
    outer loop
      vertex 83.8678 64.8678 0
      vertex 84.0834 64.6219 13.1
      vertex 84.0834 64.6219 0
    endloop
  endfacet
  facet normal 0.831438 0.555617 0
    outer loop
      vertex 84.2651 64.35 13.1
      vertex 84.0834 64.6219 0
      vertex 84.0834 64.6219 13.1
    endloop
  endfacet
  facet normal 0.831438 0.555617 0
    outer loop
      vertex 84.0834 64.6219 0
      vertex 84.2651 64.35 13.1
      vertex 84.2651 64.35 0
    endloop
  endfacet
  facet normal -0.946926 -0.32145 0
    outer loop
      vertex -2.40969 -1.05671 0
      vertex -2.51481 -0.747048 13.1
      vertex -2.51481 -0.747048 0
    endloop
  endfacet
  facet normal -0.946926 -0.32145 0
    outer loop
      vertex -2.51481 -0.747048 13.1
      vertex -2.40969 -1.05671 0
      vertex -2.40969 -1.05671 13.1
    endloop
  endfacet
  facet normal 0.75186 -0.659323 0
    outer loop
      vertex 83.8678 -1.86776 13.1
      vertex 84.0834 -1.6219 0
      vertex 84.0834 -1.6219 13.1
    endloop
  endfacet
  facet normal 0.75186 -0.659323 0
    outer loop
      vertex 84.0834 -1.6219 0
      vertex 83.8678 -1.86776 13.1
      vertex 83.8678 -1.86776 0
    endloop
  endfacet
  facet normal -0.831452 -0.555596 0
    outer loop
      vertex -2.08338 -1.6219 0
      vertex -2.26507 -1.35 13.1
      vertex -2.26507 -1.35 0
    endloop
  endfacet
  facet normal -0.831452 -0.555596 0
    outer loop
      vertex -2.26507 -1.35 13.1
      vertex -2.08338 -1.6219 0
      vertex -2.08338 -1.6219 13.1
    endloop
  endfacet
  facet normal -1 0 0
    outer loop
      vertex 82.2 -0.2 6.5
      vertex 82.2 63.2 13.1
      vertex 82.2 63.2 6.5
    endloop
  endfacet
  facet normal -1 -0 0
    outer loop
      vertex 82.2 63.2 13.1
      vertex 82.2 -0.2 6.5
      vertex 82.2 -0.2 13.1
    endloop
  endfacet
  facet normal 0 0 1
    outer loop
      vertex 77.5214 2.32631 3
      vertex 4.5 2 3
      vertex 77.5 2 3
    endloop
  endfacet
  facet normal 0 0 1
    outer loop
      vertex 1 62 3
      vertex 77.5 61 3
      vertex 77.5214 61.3263 3
    endloop
  endfacet
  facet normal 0 0 1
    outer loop
      vertex 1 62 3
      vertex 77.5214 61.3263 3
      vertex 77.5852 61.647 3
    endloop
  endfacet
  facet normal 0 0 1
    outer loop
      vertex 1 62 3
      vertex 77.5852 61.647 3
      vertex 77.6903 61.9567 3
    endloop
  endfacet
  facet normal -0 0 1
    outer loop
      vertex 1 62 3
      vertex 77.6903 61.9567 3
      vertex 77.7116 62 3
    endloop
  endfacet
  facet normal 0 0 1
    outer loop
      vertex 77.5214 60.6737 3
      vertex 4.47861 2.32631 3
      vertex 4.5 2 3
    endloop
  endfacet
  facet normal 0 0 1
    outer loop
      vertex 77.5214 60.6737 3
      vertex 4.41481 2.64705 3
      vertex 4.47861 2.32631 3
    endloop
  endfacet
  facet normal 0 0 1
    outer loop
      vertex 77.5214 60.6737 3
      vertex 4.3097 2.95671 3
      vertex 4.41481 2.64705 3
    endloop
  endfacet
  facet normal 0 0 1
    outer loop
      vertex 77.5214 60.6737 3
      vertex 4.16506 3.25 3
      vertex 4.3097 2.95671 3
    endloop
  endfacet
  facet normal 0 0 1
    outer loop
      vertex 77.5214 60.6737 3
      vertex 3.98338 3.5219 3
      vertex 4.16506 3.25 3
    endloop
  endfacet
  facet normal 0 0 1
    outer loop
      vertex 77.5214 60.6737 3
      vertex 3.76777 3.76777 3
      vertex 3.98338 3.5219 3
    endloop
  endfacet
  facet normal 0 0 1
    outer loop
      vertex 77.5214 60.6737 3
      vertex 1 62 3
      vertex 3.76777 3.76777 3
    endloop
  endfacet
  facet normal 0 0 1
    outer loop
      vertex 3.76777 3.76777 3
      vertex 1 62 3
      vertex 3.5219 3.98338 3
    endloop
  endfacet
  facet normal 0 0 1
    outer loop
      vertex 3.5219 3.98338 3
      vertex 1 62 3
      vertex 3.25 4.16506 3
    endloop
  endfacet
  facet normal 0 0 1
    outer loop
      vertex 3.25 4.16506 3
      vertex 1 62 3
      vertex 2.95671 4.3097 3
    endloop
  endfacet
  facet normal 0 0 1
    outer loop
      vertex 2.95671 4.3097 3
      vertex 1 62 3
      vertex 2.64705 4.41481 3
    endloop
  endfacet
  facet normal 0 0 1
    outer loop
      vertex 2.64705 4.41481 3
      vertex 1 62 3
      vertex 2.32631 4.47861 3
    endloop
  endfacet
  facet normal 0 0 1
    outer loop
      vertex 2.32631 4.47861 3
      vertex 1 62 3
      vertex 2 4.5 3
    endloop
  endfacet
  facet normal 0 0 1
    outer loop
      vertex 2 4.5 3
      vertex 1 62 3
      vertex 1.67368 4.47861 3
    endloop
  endfacet
  facet normal 0 0 1
    outer loop
      vertex 1.67368 4.47861 3
      vertex 1 62 3
      vertex 1.35295 4.41481 3
    endloop
  endfacet
  facet normal 0 0 1
    outer loop
      vertex 1.35295 4.41481 3
      vertex 1 62 3
      vertex 1.04329 4.3097 3
    endloop
  endfacet
  facet normal 0 0 1
    outer loop
      vertex 1.04329 4.3097 3
      vertex 1 62 3
      vertex 1 4.28835 3
    endloop
  endfacet
  facet normal -0 0 1
    outer loop
      vertex 80.9567 58.6903 3
      vertex 81 4.28835 3
      vertex 81 58.7117 3
    endloop
  endfacet
  facet normal 0 0 1
    outer loop
      vertex 80.9567 58.6903 3
      vertex 80.9567 4.3097 3
      vertex 81 4.28835 3
    endloop
  endfacet
  facet normal -0 0 1
    outer loop
      vertex 80.647 58.5852 3
      vertex 80.9567 4.3097 3
      vertex 80.9567 58.6903 3
    endloop
  endfacet
  facet normal 0 0 1
    outer loop
      vertex 80.647 58.5852 3
      vertex 80.647 4.41481 3
      vertex 80.9567 4.3097 3
    endloop
  endfacet
  facet normal -0 0 1
    outer loop
      vertex 80.3263 58.5214 3
      vertex 80.647 4.41481 3
      vertex 80.647 58.5852 3
    endloop
  endfacet
  facet normal 0 0 1
    outer loop
      vertex 80.3263 58.5214 3
      vertex 80.3263 4.47861 3
      vertex 80.647 4.41481 3
    endloop
  endfacet
  facet normal -0 0 1
    outer loop
      vertex 80 58.5 3
      vertex 80.3263 4.47861 3
      vertex 80.3263 58.5214 3
    endloop
  endfacet
  facet normal 0 0 1
    outer loop
      vertex 80 58.5 3
      vertex 80 4.5 3
      vertex 80.3263 4.47861 3
    endloop
  endfacet
  facet normal 0 0 1
    outer loop
      vertex 79.6737 58.5214 3
      vertex 80 4.5 3
      vertex 80 58.5 3
    endloop
  endfacet
  facet normal 0 0 1
    outer loop
      vertex 79.6737 58.5214 3
      vertex 79.6737 4.47861 3
      vertex 80 4.5 3
    endloop
  endfacet
  facet normal 0 0 1
    outer loop
      vertex 79.353 58.5852 3
      vertex 79.6737 4.47861 3
      vertex 79.6737 58.5214 3
    endloop
  endfacet
  facet normal 0 0 1
    outer loop
      vertex 79.353 58.5852 3
      vertex 79.353 4.41481 3
      vertex 79.6737 4.47861 3
    endloop
  endfacet
  facet normal 0 0 1
    outer loop
      vertex 79.0433 58.6903 3
      vertex 79.353 4.41481 3
      vertex 79.353 58.5852 3
    endloop
  endfacet
  facet normal 0 0 1
    outer loop
      vertex 79.0433 58.6903 3
      vertex 79.0433 4.3097 3
      vertex 79.353 4.41481 3
    endloop
  endfacet
  facet normal 0 0 1
    outer loop
      vertex 78.75 58.8349 3
      vertex 79.0433 4.3097 3
      vertex 79.0433 58.6903 3
    endloop
  endfacet
  facet normal 0 0 1
    outer loop
      vertex 78.75 58.8349 3
      vertex 78.75 4.16506 3
      vertex 79.0433 4.3097 3
    endloop
  endfacet
  facet normal 0 0 1
    outer loop
      vertex 78.4781 59.0166 3
      vertex 78.75 4.16506 3
      vertex 78.75 58.8349 3
    endloop
  endfacet
  facet normal 0 0 1
    outer loop
      vertex 78.4781 59.0166 3
      vertex 78.4781 3.98338 3
      vertex 78.75 4.16506 3
    endloop
  endfacet
  facet normal 0 0 1
    outer loop
      vertex 78.2322 59.2322 3
      vertex 78.4781 3.98338 3
      vertex 78.4781 59.0166 3
    endloop
  endfacet
  facet normal 0 0 1
    outer loop
      vertex 78.2322 59.2322 3
      vertex 78.2322 3.76777 3
      vertex 78.4781 3.98338 3
    endloop
  endfacet
  facet normal 0 0 1
    outer loop
      vertex 78.0166 59.4781 3
      vertex 78.2322 3.76777 3
      vertex 78.2322 59.2322 3
    endloop
  endfacet
  facet normal 0 0 1
    outer loop
      vertex 78.0166 59.4781 3
      vertex 78.0166 3.5219 3
      vertex 78.2322 3.76777 3
    endloop
  endfacet
  facet normal 0 0 1
    outer loop
      vertex 4.5 2 3
      vertex 78.0166 59.4781 3
      vertex 77.8349 59.75 3
    endloop
  endfacet
  facet normal 0 0 1
    outer loop
      vertex 78.0166 59.4781 3
      vertex 4.5 2 3
      vertex 78.0166 3.5219 3
    endloop
  endfacet
  facet normal 0 0 1
    outer loop
      vertex 4.5 2 3
      vertex 77.8349 59.75 3
      vertex 77.6903 60.0433 3
    endloop
  endfacet
  facet normal 0 0 1
    outer loop
      vertex 78.0166 3.5219 3
      vertex 4.5 2 3
      vertex 77.8349 3.25 3
    endloop
  endfacet
  facet normal 0 0 1
    outer loop
      vertex 4.5 2 3
      vertex 77.6903 60.0433 3
      vertex 77.5852 60.353 3
    endloop
  endfacet
  facet normal 0 0 1
    outer loop
      vertex 77.8349 3.25 3
      vertex 4.5 2 3
      vertex 77.6903 2.95671 3
    endloop
  endfacet
  facet normal 0 0 1
    outer loop
      vertex 4.5 2 3
      vertex 77.5852 60.353 3
      vertex 77.5214 60.6737 3
    endloop
  endfacet
  facet normal 0 0 1
    outer loop
      vertex 77.6903 2.95671 3
      vertex 4.5 2 3
      vertex 77.5852 2.64705 3
    endloop
  endfacet
  facet normal 0 0 1
    outer loop
      vertex 1 62 3
      vertex 77.5214 60.6737 3
      vertex 77.5 61 3
    endloop
  endfacet
  facet normal 0 0 1
    outer loop
      vertex 77.5852 2.64705 3
      vertex 4.5 2 3
      vertex 77.5214 2.32631 3
    endloop
  endfacet
  facet normal -0 0 1
    outer loop
      vertex 4.5 2 3
      vertex 77.5214 1.67368 3
      vertex 77.5 2 3
    endloop
  endfacet
  facet normal 0 0 1
    outer loop
      vertex 4.47861 1.67368 3
      vertex 77.5214 1.67368 3
      vertex 4.5 2 3
    endloop
  endfacet
  facet normal 0 0 1
    outer loop
      vertex 77.5214 1.67368 3
      vertex 4.47861 1.67368 3
      vertex 77.5852 1.35295 3
    endloop
  endfacet
  facet normal 0 0 1
    outer loop
      vertex 4.41481 1.35295 3
      vertex 77.5852 1.35295 3
      vertex 4.47861 1.67368 3
    endloop
  endfacet
  facet normal 0 0 1
    outer loop
      vertex 77.5852 1.35295 3
      vertex 4.41481 1.35295 3
      vertex 77.6903 1.04329 3
    endloop
  endfacet
  facet normal 0 0 1
    outer loop
      vertex 4.3097 1.04329 3
      vertex 77.6903 1.04329 3
      vertex 4.41481 1.35295 3
    endloop
  endfacet
  facet normal 0 0 1
    outer loop
      vertex 77.6903 1.04329 3
      vertex 4.3097 1.04329 3
      vertex 77.7116 1 3
    endloop
  endfacet
  facet normal 0 0 1
    outer loop
      vertex 77.7116 1 3
      vertex 4.3097 1.04329 3
      vertex 4.28835 1 3
    endloop
  endfacet
  facet normal 1 -0 0
    outer loop
      vertex -0.2 -0.2 13.1
      vertex -0.2 63.2 6.5
      vertex -0.2 63.2 13.1
    endloop
  endfacet
  facet normal 1 0 0
    outer loop
      vertex -0.2 63.2 6.5
      vertex -0.2 -0.2 13.1
      vertex -0.2 -0.2 6.5
    endloop
  endfacet
  facet normal 0 -1 0
    outer loop
      vertex -0.2 63.2 13.1
      vertex 7 63.2 7.9
      vertex 7 63.2 13.1
    endloop
  endfacet
  facet normal 0 -1 -0
    outer loop
      vertex 7 63.2 7.9
      vertex -0.2 63.2 6.5
      vertex 19 63.2 7.9
    endloop
  endfacet
  facet normal 0 -1 0
    outer loop
      vertex -0.2 63.2 6.5
      vertex 7 63.2 7.9
      vertex -0.2 63.2 13.1
    endloop
  endfacet
  facet normal 0 -1 0
    outer loop
      vertex 19 63.2 7.9
      vertex 82.2 63.2 13.1
      vertex 19 63.2 13.1
    endloop
  endfacet
  facet normal 0 -1 0
    outer loop
      vertex 19 63.2 7.9
      vertex 82.2 63.2 6.5
      vertex 82.2 63.2 13.1
    endloop
  endfacet
  facet normal 0 -1 0
    outer loop
      vertex 82.2 63.2 6.5
      vertex 19 63.2 7.9
      vertex -0.2 63.2 6.5
    endloop
  endfacet
  facet normal 0 1 -0
    outer loop
      vertex 82.2 -0.2 6.5
      vertex -0.2 -0.2 13.1
      vertex 82.2 -0.2 13.1
    endloop
  endfacet
  facet normal 0 1 0
    outer loop
      vertex -0.2 -0.2 13.1
      vertex 82.2 -0.2 6.5
      vertex -0.2 -0.2 6.5
    endloop
  endfacet
  facet normal 0 0 1
    outer loop
      vertex 4.47861 2.32631 6.5
      vertex 3.17694 2.23411 6.5
      vertex 3.2 2 6.5
    endloop
  endfacet
  facet normal 0 0 1
    outer loop
      vertex 3.5219 3.98338 6.5
      vertex 3.10865 2.45922 6.5
      vertex 3.17694 2.23411 6.5
    endloop
  endfacet
  facet normal 0 0 1
    outer loop
      vertex 3.5219 3.98338 6.5
      vertex 2.99776 2.66668 6.5
      vertex 3.10865 2.45922 6.5
    endloop
  endfacet
  facet normal 0 0 1
    outer loop
      vertex 2.45922 3.10865 6.5
      vertex 3.25 4.16506 6.5
      vertex 2.95671 4.3097 6.5
    endloop
  endfacet
  facet normal 0 0 1
    outer loop
      vertex 3.5219 3.98338 6.5
      vertex 2.84853 2.84853 6.5
      vertex 2.99776 2.66668 6.5
    endloop
  endfacet
  facet normal 0 0 1
    outer loop
      vertex 3.5219 3.98338 6.5
      vertex 2.66668 2.99776 6.5
      vertex 2.84853 2.84853 6.5
    endloop
  endfacet
  facet normal 0 0 1
    outer loop
      vertex 2.45922 3.10865 6.5
      vertex 2.95671 4.3097 6.5
      vertex 2.64705 4.41481 6.5
    endloop
  endfacet
  facet normal 0 0 1
    outer loop
      vertex 3.25 4.16506 6.5
      vertex 2.45922 3.10865 6.5
      vertex 2.66668 2.99776 6.5
    endloop
  endfacet
  facet normal 0 0 1
    outer loop
      vertex 2.23411 3.17694 6.5
      vertex 2.64705 4.41481 6.5
      vertex 2.32631 4.47861 6.5
    endloop
  endfacet
  facet normal 0 0 1
    outer loop
      vertex 2.64705 4.41481 6.5
      vertex 2.23411 3.17694 6.5
      vertex 2.45922 3.10865 6.5
    endloop
  endfacet
  facet normal 0 0 1
    outer loop
      vertex 2 3.2 6.5
      vertex 2.32631 4.47861 6.5
      vertex 2 4.5 6.5
    endloop
  endfacet
  facet normal 0 0 1
    outer loop
      vertex 2.32631 4.47861 6.5
      vertex 2 3.2 6.5
      vertex 2.23411 3.17694 6.5
    endloop
  endfacet
  facet normal -0 0 1
    outer loop
      vertex 1.67368 4.47861 6.5
      vertex 2 3.2 6.5
      vertex 2 4.5 6.5
    endloop
  endfacet
  facet normal 0 0 1
    outer loop
      vertex 2 3.2 6.5
      vertex 1.67368 4.47861 6.5
      vertex 1.76589 3.17694 6.5
    endloop
  endfacet
  facet normal -0 0 1
    outer loop
      vertex 1.35295 4.41481 6.5
      vertex 1.76589 3.17694 6.5
      vertex 1.67368 4.47861 6.5
    endloop
  endfacet
  facet normal 0 0 1
    outer loop
      vertex 1.76589 3.17694 6.5
      vertex 1.35295 4.41481 6.5
      vertex 1.54078 3.10865 6.5
    endloop
  endfacet
  facet normal -0 0 1
    outer loop
      vertex 1.04329 4.3097 6.5
      vertex 1.54078 3.10865 6.5
      vertex 1.35295 4.41481 6.5
    endloop
  endfacet
  facet normal -0 0 1
    outer loop
      vertex 1 4.28835 6.5
      vertex 1.54078 3.10865 6.5
      vertex 1.04329 4.3097 6.5
    endloop
  endfacet
  facet normal 0 0 1
    outer loop
      vertex 1.54078 3.10865 6.5
      vertex 1 4.28835 6.5
      vertex 1.33331 2.99776 6.5
    endloop
  endfacet
  facet normal 0 0 1
    outer loop
      vertex 1.33331 2.99776 6.5
      vertex 1 4.28835 6.5
      vertex 1.15147 2.84853 6.5
    endloop
  endfacet
  facet normal 0 0 1
    outer loop
      vertex 1.15147 2.84853 6.5
      vertex 1 4.28835 6.5
      vertex 1.00224 2.66668 6.5
    endloop
  endfacet
  facet normal 0 0 1
    outer loop
      vertex 1.00224 2.66668 6.5
      vertex 1 4.28835 6.5
      vertex 0.891344 2.45922 6.5
    endloop
  endfacet
  facet normal 0 0 1
    outer loop
      vertex 3.2 2 6.5
      vertex 4.5 2 6.5
      vertex 4.47861 2.32631 6.5
    endloop
  endfacet
  facet normal 0 0 1
    outer loop
      vertex 3.17694 2.23411 6.5
      vertex 4.47861 2.32631 6.5
      vertex 4.41481 2.64705 6.5
    endloop
  endfacet
  facet normal 0 0 1
    outer loop
      vertex 4.5 2 6.5
      vertex 3.2 2 6.5
      vertex 4.47861 1.67368 6.5
    endloop
  endfacet
  facet normal 0 0 1
    outer loop
      vertex 3.17694 2.23411 6.5
      vertex 4.41481 2.64705 6.5
      vertex 4.3097 2.95671 6.5
    endloop
  endfacet
  facet normal -0 0 1
    outer loop
      vertex 3.17694 1.76589 6.5
      vertex 4.47861 1.67368 6.5
      vertex 3.2 2 6.5
    endloop
  endfacet
  facet normal 0 0 1
    outer loop
      vertex 4.47861 1.67368 6.5
      vertex 3.17694 1.76589 6.5
      vertex 4.41481 1.35295 6.5
    endloop
  endfacet
  facet normal 0 0 1
    outer loop
      vertex 3.17694 2.23411 6.5
      vertex 4.3097 2.95671 6.5
      vertex 4.16506 3.25 6.5
    endloop
  endfacet
  facet normal -0 0 1
    outer loop
      vertex 77.5214 2.32631 6.5
      vertex 78.8231 2.23411 6.5
      vertex 77.5852 2.64705 6.5
    endloop
  endfacet
  facet normal 0 0 1
    outer loop
      vertex 78.8231 2.23411 6.5
      vertex 77.5214 2.32631 6.5
      vertex 78.8 2 6.5
    endloop
  endfacet
  facet normal 0 -0 1
    outer loop
      vertex 77.6903 1.04329 6.5
      vertex 78.8 2 6.5
      vertex 77.5852 1.35295 6.5
    endloop
  endfacet
  facet normal 0 0 1
    outer loop
      vertex 78.8 2 6.5
      vertex 77.6903 1.04329 6.5
      vertex 77.7116 1 6.5
    endloop
  endfacet
  facet normal 0 0 1
    outer loop
      vertex 77.5 2 6.5
      vertex 78.8 2 6.5
      vertex 77.5214 2.32631 6.5
    endloop
  endfacet
  facet normal 0 0 1
    outer loop
      vertex 78.8 2 6.5
      vertex 77.5214 1.67368 6.5
      vertex 77.5852 1.35295 6.5
    endloop
  endfacet
  facet normal 0 0 1
    outer loop
      vertex 78.8 2 6.5
      vertex 77.5 2 6.5
      vertex 77.5214 1.67368 6.5
    endloop
  endfacet
  facet normal -0 0 1
    outer loop
      vertex 77.5214 61.3263 6.5
      vertex 78.8231 61.2341 6.5
      vertex 77.5852 61.647 6.5
    endloop
  endfacet
  facet normal 0 0 1
    outer loop
      vertex 78.8 61 6.5
      vertex 77.6903 60.0433 6.5
      vertex 77.8349 59.75 6.5
    endloop
  endfacet
  facet normal 0 0 1
    outer loop
      vertex 78.8231 61.2341 6.5
      vertex 77.5214 61.3263 6.5
      vertex 78.8 61 6.5
    endloop
  endfacet
  facet normal 0 0 1
    outer loop
      vertex 78.8 61 6.5
      vertex 77.5852 60.353 6.5
      vertex 77.6903 60.0433 6.5
    endloop
  endfacet
  facet normal 0 0 1
    outer loop
      vertex 77.5 61 6.5
      vertex 78.8 61 6.5
      vertex 77.5214 61.3263 6.5
    endloop
  endfacet
  facet normal 0 0 1
    outer loop
      vertex 78.8 61 6.5
      vertex 77.5214 60.6737 6.5
      vertex 77.5852 60.353 6.5
    endloop
  endfacet
  facet normal 0 0 1
    outer loop
      vertex 78.8 61 6.5
      vertex 77.5 61 6.5
      vertex 77.5214 60.6737 6.5
    endloop
  endfacet
  facet normal 0 0 1
    outer loop
      vertex 82.2 63.2 6.5
      vertex 81 58.7117 6.5
      vertex 82.2 -0.2 6.5
    endloop
  endfacet
  facet normal 0 0 1
    outer loop
      vertex 82.2 -0.2 6.5
      vertex 81.1769 2.23411 6.5
      vertex 81.2 2 6.5
    endloop
  endfacet
  facet normal 0 0 1
    outer loop
      vertex 81 58.7117 6.5
      vertex 81.1769 60.7659 6.5
      vertex 81.1087 60.5408 6.5
    endloop
  endfacet
  facet normal -0 0 1
    outer loop
      vertex 81 4.28835 6.5
      vertex 82.2 -0.2 6.5
      vertex 81 58.7117 6.5
    endloop
  endfacet
  facet normal 0 0 1
    outer loop
      vertex 82.2 -0.2 6.5
      vertex 81 4.28835 6.5
      vertex 81.1769 2.23411 6.5
    endloop
  endfacet
  facet normal -0 0 1
    outer loop
      vertex 80.9978 60.3333 6.5
      vertex 81 58.7117 6.5
      vertex 81.1087 60.5408 6.5
    endloop
  endfacet
  facet normal -0 0 1
    outer loop
      vertex 80.8485 60.1515 6.5
      vertex 81 58.7117 6.5
      vertex 80.9978 60.3333 6.5
    endloop
  endfacet
  facet normal -0 0 1
    outer loop
      vertex 80.6667 60.0022 6.5
      vertex 81 58.7117 6.5
      vertex 80.8485 60.1515 6.5
    endloop
  endfacet
  facet normal -0 0 1
    outer loop
      vertex 80.4592 59.8913 6.5
      vertex 81 58.7117 6.5
      vertex 80.6667 60.0022 6.5
    endloop
  endfacet
  facet normal 0 0 1
    outer loop
      vertex 81 58.7117 6.5
      vertex 80.4592 59.8913 6.5
      vertex 80.9567 58.6903 6.5
    endloop
  endfacet
  facet normal 0 0 1
    outer loop
      vertex 80.9567 58.6903 6.5
      vertex 80.4592 59.8913 6.5
      vertex 80.647 58.5852 6.5
    endloop
  endfacet
  facet normal -0 0 1
    outer loop
      vertex 80.2341 59.8231 6.5
      vertex 80.647 58.5852 6.5
      vertex 80.4592 59.8913 6.5
    endloop
  endfacet
  facet normal 0 0 1
    outer loop
      vertex 80.647 58.5852 6.5
      vertex 80.2341 59.8231 6.5
      vertex 80.3263 58.5214 6.5
    endloop
  endfacet
  facet normal -0 0 1
    outer loop
      vertex 80 59.8 6.5
      vertex 80.3263 58.5214 6.5
      vertex 80.2341 59.8231 6.5
    endloop
  endfacet
  facet normal 0 0 1
    outer loop
      vertex 80 59.8 6.5
      vertex 80 58.5 6.5
      vertex 80.3263 58.5214 6.5
    endloop
  endfacet
  facet normal 0 0 1
    outer loop
      vertex 79.6737 58.5214 6.5
      vertex 80 59.8 6.5
      vertex 79.7659 59.8231 6.5
    endloop
  endfacet
  facet normal 0 0 1
    outer loop
      vertex 80 59.8 6.5
      vertex 79.6737 58.5214 6.5
      vertex 80 58.5 6.5
    endloop
  endfacet
  facet normal 0 0 1
    outer loop
      vertex 79.353 58.5852 6.5
      vertex 79.7659 59.8231 6.5
      vertex 79.5408 59.8913 6.5
    endloop
  endfacet
  facet normal 0 0 1
    outer loop
      vertex 79.7659 59.8231 6.5
      vertex 79.353 58.5852 6.5
      vertex 79.6737 58.5214 6.5
    endloop
  endfacet
  facet normal 0 0 1
    outer loop
      vertex 78.75 58.8349 6.5
      vertex 79.5408 59.8913 6.5
      vertex 79.3333 60.0022 6.5
    endloop
  endfacet
  facet normal 0 0 1
    outer loop
      vertex 78.4781 59.0166 6.5
      vertex 79.3333 60.0022 6.5
      vertex 79.1515 60.1515 6.5
    endloop
  endfacet
  facet normal 0 0 1
    outer loop
      vertex 79.5408 59.8913 6.5
      vertex 79.0433 58.6903 6.5
      vertex 79.353 58.5852 6.5
    endloop
  endfacet
  facet normal 0 0 1
    outer loop
      vertex 78.0166 59.4781 6.5
      vertex 79.1515 60.1515 6.5
      vertex 79.0022 60.3333 6.5
    endloop
  endfacet
  facet normal 0 0 1
    outer loop
      vertex 77.8349 59.75 6.5
      vertex 79.0022 60.3333 6.5
      vertex 78.8913 60.5408 6.5
    endloop
  endfacet
  facet normal 0 0 1
    outer loop
      vertex 77.8349 59.75 6.5
      vertex 78.8913 60.5408 6.5
      vertex 78.8231 60.7659 6.5
    endloop
  endfacet
  facet normal 0 0 1
    outer loop
      vertex 79.5408 59.8913 6.5
      vertex 78.75 58.8349 6.5
      vertex 79.0433 58.6903 6.5
    endloop
  endfacet
  facet normal 0 0 1
    outer loop
      vertex 77.8349 59.75 6.5
      vertex 78.8231 60.7659 6.5
      vertex 78.8 61 6.5
    endloop
  endfacet
  facet normal 0 0 1
    outer loop
      vertex 81.1769 60.7659 6.5
      vertex 82.2 63.2 6.5
      vertex 81.2 61 6.5
    endloop
  endfacet
  facet normal 0 0 1
    outer loop
      vertex 82.2 63.2 6.5
      vertex 81.1769 61.2341 6.5
      vertex 81.2 61 6.5
    endloop
  endfacet
  facet normal 0 0 1
    outer loop
      vertex 82.2 63.2 6.5
      vertex 81.1087 61.4592 6.5
      vertex 81.1769 61.2341 6.5
    endloop
  endfacet
  facet normal 0 0 1
    outer loop
      vertex 82.2 63.2 6.5
      vertex 80.9978 61.6667 6.5
      vertex 81.1087 61.4592 6.5
    endloop
  endfacet
  facet normal 0 0 1
    outer loop
      vertex 82.2 63.2 6.5
      vertex 80.8485 61.8485 6.5
      vertex 80.9978 61.6667 6.5
    endloop
  endfacet
  facet normal 0 0 1
    outer loop
      vertex 82.2 63.2 6.5
      vertex 80.6667 61.9978 6.5
      vertex 80.8485 61.8485 6.5
    endloop
  endfacet
  facet normal 0 0 1
    outer loop
      vertex 82.2 63.2 6.5
      vertex 80.4592 62.1087 6.5
      vertex 80.6667 61.9978 6.5
    endloop
  endfacet
  facet normal 0 0 1
    outer loop
      vertex 82.2 63.2 6.5
      vertex 80.2341 62.1769 6.5
      vertex 80.4592 62.1087 6.5
    endloop
  endfacet
  facet normal 0 0 1
    outer loop
      vertex 82.2 63.2 6.5
      vertex 80 62.2 6.5
      vertex 80.2341 62.1769 6.5
    endloop
  endfacet
  facet normal 0 0 1
    outer loop
      vertex 82.2 63.2 6.5
      vertex 79.7659 62.1769 6.5
      vertex 80 62.2 6.5
    endloop
  endfacet
  facet normal 0 0 1
    outer loop
      vertex 77.7116 62 6.5
      vertex 79.7659 62.1769 6.5
      vertex 82.2 63.2 6.5
    endloop
  endfacet
  facet normal 0 0 1
    outer loop
      vertex 79.3333 60.0022 6.5
      vertex 78.4781 59.0166 6.5
      vertex 78.75 58.8349 6.5
    endloop
  endfacet
  facet normal -0 0 1
    outer loop
      vertex 77.5852 61.647 6.5
      vertex 78.8913 61.4592 6.5
      vertex 77.6903 61.9567 6.5
    endloop
  endfacet
  facet normal 0 0 1
    outer loop
      vertex 79.1515 60.1515 6.5
      vertex 78.2322 59.2322 6.5
      vertex 78.4781 59.0166 6.5
    endloop
  endfacet
  facet normal 0 0 1
    outer loop
      vertex 79.1515 60.1515 6.5
      vertex 78.0166 59.4781 6.5
      vertex 78.2322 59.2322 6.5
    endloop
  endfacet
  facet normal -0 0 1
    outer loop
      vertex 77.6903 61.9567 6.5
      vertex 78.8913 61.4592 6.5
      vertex 77.7116 62 6.5
    endloop
  endfacet
  facet normal 0 0 1
    outer loop
      vertex 79.0022 60.3333 6.5
      vertex 77.8349 59.75 6.5
      vertex 78.0166 59.4781 6.5
    endloop
  endfacet
  facet normal 0 0 1
    outer loop
      vertex 77.7116 62 6.5
      vertex 78.8913 61.4592 6.5
      vertex 79.0022 61.6667 6.5
    endloop
  endfacet
  facet normal 0 0 1
    outer loop
      vertex 78.8913 61.4592 6.5
      vertex 77.5852 61.647 6.5
      vertex 78.8231 61.2341 6.5
    endloop
  endfacet
  facet normal 0 0 1
    outer loop
      vertex 79.1515 61.8485 6.5
      vertex 77.7116 62 6.5
      vertex 79.0022 61.6667 6.5
    endloop
  endfacet
  facet normal 0 0 1
    outer loop
      vertex 79.3333 61.9978 6.5
      vertex 77.7116 62 6.5
      vertex 79.1515 61.8485 6.5
    endloop
  endfacet
  facet normal 0 0 1
    outer loop
      vertex 79.5408 62.1087 6.5
      vertex 77.7116 62 6.5
      vertex 79.3333 61.9978 6.5
    endloop
  endfacet
  facet normal 0 0 1
    outer loop
      vertex 79.7659 62.1769 6.5
      vertex 77.7116 62 6.5
      vertex 79.5408 62.1087 6.5
    endloop
  endfacet
  facet normal -0 0 1
    outer loop
      vertex -0.2 63.2 6.5
      vertex 77.7116 62 6.5
      vertex 82.2 63.2 6.5
    endloop
  endfacet
  facet normal 0 0 1
    outer loop
      vertex -0.2 63.2 6.5
      vertex 1 4.28835 6.5
      vertex 1 62 6.5
    endloop
  endfacet
  facet normal 0 0 1
    outer loop
      vertex -0.2 -0.2 6.5
      vertex 1 4.28835 6.5
      vertex -0.2 63.2 6.5
    endloop
  endfacet
  facet normal 0 -0 1
    outer loop
      vertex 0.823057 2.23411 6.5
      vertex 1 4.28835 6.5
      vertex -0.2 -0.2 6.5
    endloop
  endfacet
  facet normal 0 0 1
    outer loop
      vertex 1 4.28835 6.5
      vertex 0.823057 2.23411 6.5
      vertex 0.891344 2.45922 6.5
    endloop
  endfacet
  facet normal 0 0 1
    outer loop
      vertex 77.7116 62 6.5
      vertex -0.2 63.2 6.5
      vertex 1 62 6.5
    endloop
  endfacet
  facet normal 0 0 1
    outer loop
      vertex 81 58.7117 6.5
      vertex 82.2 63.2 6.5
      vertex 81.1769 60.7659 6.5
    endloop
  endfacet
  facet normal -0 0 1
    outer loop
      vertex 81.1769 1.76589 6.5
      vertex 82.2 -0.2 6.5
      vertex 81.2 2 6.5
    endloop
  endfacet
  facet normal -0 0 1
    outer loop
      vertex 81.1087 1.54078 6.5
      vertex 82.2 -0.2 6.5
      vertex 81.1769 1.76589 6.5
    endloop
  endfacet
  facet normal -0 0 1
    outer loop
      vertex 80.9978 1.33331 6.5
      vertex 82.2 -0.2 6.5
      vertex 81.1087 1.54078 6.5
    endloop
  endfacet
  facet normal -0 0 1
    outer loop
      vertex 80.8485 1.15147 6.5
      vertex 82.2 -0.2 6.5
      vertex 80.9978 1.33331 6.5
    endloop
  endfacet
  facet normal -0 0 1
    outer loop
      vertex 80.6667 1.00224 6.5
      vertex 82.2 -0.2 6.5
      vertex 80.8485 1.15147 6.5
    endloop
  endfacet
  facet normal -0 0 1
    outer loop
      vertex 80.4592 0.891344 6.5
      vertex 82.2 -0.2 6.5
      vertex 80.6667 1.00224 6.5
    endloop
  endfacet
  facet normal -0 0 1
    outer loop
      vertex 80.2341 0.823057 6.5
      vertex 82.2 -0.2 6.5
      vertex 80.4592 0.891344 6.5
    endloop
  endfacet
  facet normal -0 0 1
    outer loop
      vertex 80 0.799999 6.5
      vertex 82.2 -0.2 6.5
      vertex 80.2341 0.823057 6.5
    endloop
  endfacet
  facet normal 0 0 1
    outer loop
      vertex 79.7659 0.823057 6.5
      vertex 82.2 -0.2 6.5
      vertex 80 0.799999 6.5
    endloop
  endfacet
  facet normal 0 0 1
    outer loop
      vertex 77.7116 1 6.5
      vertex 79.7659 0.823057 6.5
      vertex 79.5408 0.891344 6.5
    endloop
  endfacet
  facet normal -0 0 1
    outer loop
      vertex 77.8349 3.25 6.5
      vertex 79.0022 2.66668 6.5
      vertex 78.0166 3.5219 6.5
    endloop
  endfacet
  facet normal 0 0 1
    outer loop
      vertex 79.0022 2.66668 6.5
      vertex 77.8349 3.25 6.5
      vertex 78.8913 2.45922 6.5
    endloop
  endfacet
  facet normal -0 0 1
    outer loop
      vertex 77.6903 2.95671 6.5
      vertex 78.8913 2.45922 6.5
      vertex 77.8349 3.25 6.5
    endloop
  endfacet
  facet normal -0 0 1
    outer loop
      vertex 77.5852 2.64705 6.5
      vertex 78.8913 2.45922 6.5
      vertex 77.6903 2.95671 6.5
    endloop
  endfacet
  facet normal 0 0 1
    outer loop
      vertex 78.8913 2.45922 6.5
      vertex 77.5852 2.64705 6.5
      vertex 78.8231 2.23411 6.5
    endloop
  endfacet
  facet normal 0 0 1
    outer loop
      vertex 78.8 2 6.5
      vertex 77.7116 1 6.5
      vertex 78.8231 1.76589 6.5
    endloop
  endfacet
  facet normal 0 0 1
    outer loop
      vertex 78.8231 1.76589 6.5
      vertex 77.7116 1 6.5
      vertex 78.8913 1.54078 6.5
    endloop
  endfacet
  facet normal 0 0 1
    outer loop
      vertex 78.8913 1.54078 6.5
      vertex 77.7116 1 6.5
      vertex 79.0022 1.33331 6.5
    endloop
  endfacet
  facet normal 0 0 1
    outer loop
      vertex 77.7116 1 6.5
      vertex 79.1515 1.15147 6.5
      vertex 79.0022 1.33331 6.5
    endloop
  endfacet
  facet normal 0 0 1
    outer loop
      vertex 77.7116 1 6.5
      vertex 79.3333 1.00224 6.5
      vertex 79.1515 1.15147 6.5
    endloop
  endfacet
  facet normal -0 0 1
    outer loop
      vertex 77.7116 1 6.5
      vertex 79.5408 0.891344 6.5
      vertex 79.3333 1.00224 6.5
    endloop
  endfacet
  facet normal 0 0 1
    outer loop
      vertex 79.7659 0.823057 6.5
      vertex 77.7116 1 6.5
      vertex 82.2 -0.2 6.5
    endloop
  endfacet
  facet normal -0 0 1
    outer loop
      vertex 4.28835 1 6.5
      vertex 82.2 -0.2 6.5
      vertex 77.7116 1 6.5
    endloop
  endfacet
  facet normal 0 0 1
    outer loop
      vertex 3.17694 2.23411 6.5
      vertex 4.16506 3.25 6.5
      vertex 3.98338 3.5219 6.5
    endloop
  endfacet
  facet normal 0 0 1
    outer loop
      vertex 3.17694 2.23411 6.5
      vertex 3.98338 3.5219 6.5
      vertex 3.76777 3.76777 6.5
    endloop
  endfacet
  facet normal 0 0 1
    outer loop
      vertex 3.17694 2.23411 6.5
      vertex 3.76777 3.76777 6.5
      vertex 3.5219 3.98338 6.5
    endloop
  endfacet
  facet normal 0 0 1
    outer loop
      vertex 2.66668 2.99776 6.5
      vertex 3.5219 3.98338 6.5
      vertex 3.25 4.16506 6.5
    endloop
  endfacet
  facet normal -0 0 1
    outer loop
      vertex 3.10865 1.54078 6.5
      vertex 4.41481 1.35295 6.5
      vertex 3.17694 1.76589 6.5
    endloop
  endfacet
  facet normal 0 0 1
    outer loop
      vertex 4.41481 1.35295 6.5
      vertex 3.10865 1.54078 6.5
      vertex 4.3097 1.04329 6.5
    endloop
  endfacet
  facet normal 0 0 1
    outer loop
      vertex 4.3097 1.04329 6.5
      vertex 3.10865 1.54078 6.5
      vertex 4.28835 1 6.5
    endloop
  endfacet
  facet normal -0 0 1
    outer loop
      vertex 2.99776 1.33331 6.5
      vertex 4.28835 1 6.5
      vertex 3.10865 1.54078 6.5
    endloop
  endfacet
  facet normal -0 0 1
    outer loop
      vertex 2.84853 1.15147 6.5
      vertex 4.28835 1 6.5
      vertex 2.99776 1.33331 6.5
    endloop
  endfacet
  facet normal -0 0 1
    outer loop
      vertex 2.66668 1.00224 6.5
      vertex 4.28835 1 6.5
      vertex 2.84853 1.15147 6.5
    endloop
  endfacet
  facet normal 0 0 1
    outer loop
      vertex 2.45922 0.891344 6.5
      vertex 4.28835 1 6.5
      vertex 2.66668 1.00224 6.5
    endloop
  endfacet
  facet normal 0 0 1
    outer loop
      vertex 2.23411 0.823057 6.5
      vertex 4.28835 1 6.5
      vertex 2.45922 0.891344 6.5
    endloop
  endfacet
  facet normal 0 0 1
    outer loop
      vertex 4.28835 1 6.5
      vertex 2.23411 0.823057 6.5
      vertex -0.2 -0.2 6.5
    endloop
  endfacet
  facet normal 0 0 1
    outer loop
      vertex -0.2 -0.2 6.5
      vertex 2.23411 0.823057 6.5
      vertex 2 0.799999 6.5
    endloop
  endfacet
  facet normal 0 0 1
    outer loop
      vertex 4.28835 1 6.5
      vertex -0.2 -0.2 6.5
      vertex 82.2 -0.2 6.5
    endloop
  endfacet
  facet normal 0 0 1
    outer loop
      vertex 1.76589 0.823057 6.5
      vertex -0.2 -0.2 6.5
      vertex 2 0.799999 6.5
    endloop
  endfacet
  facet normal 0 0 1
    outer loop
      vertex 1.54078 0.891344 6.5
      vertex -0.2 -0.2 6.5
      vertex 1.76589 0.823057 6.5
    endloop
  endfacet
  facet normal 0 0 1
    outer loop
      vertex 1.33331 1.00224 6.5
      vertex -0.2 -0.2 6.5
      vertex 1.54078 0.891344 6.5
    endloop
  endfacet
  facet normal 0 0 1
    outer loop
      vertex 1.15147 1.15147 6.5
      vertex -0.2 -0.2 6.5
      vertex 1.33331 1.00224 6.5
    endloop
  endfacet
  facet normal 0 0 1
    outer loop
      vertex 1.00224 1.33331 6.5
      vertex -0.2 -0.2 6.5
      vertex 1.15147 1.15147 6.5
    endloop
  endfacet
  facet normal 0 0 1
    outer loop
      vertex 0.891344 1.54078 6.5
      vertex -0.2 -0.2 6.5
      vertex 1.00224 1.33331 6.5
    endloop
  endfacet
  facet normal 0 0 1
    outer loop
      vertex 0.823057 1.76589 6.5
      vertex -0.2 -0.2 6.5
      vertex 0.891344 1.54078 6.5
    endloop
  endfacet
  facet normal 0 0 1
    outer loop
      vertex 0.799999 2 6.5
      vertex -0.2 -0.2 6.5
      vertex 0.823057 1.76589 6.5
    endloop
  endfacet
  facet normal 0 0 1
    outer loop
      vertex 0.823057 2.23411 6.5
      vertex -0.2 -0.2 6.5
      vertex 0.799999 2 6.5
    endloop
  endfacet
  facet normal 0 0 1
    outer loop
      vertex 81.1769 2.23411 6.5
      vertex 81 4.28835 6.5
      vertex 81.1087 2.45922 6.5
    endloop
  endfacet
  facet normal 0 0 1
    outer loop
      vertex 81 4.28835 6.5
      vertex 80.9978 2.66668 6.5
      vertex 81.1087 2.45922 6.5
    endloop
  endfacet
  facet normal 0 0 1
    outer loop
      vertex 80.4592 3.10865 6.5
      vertex 81 4.28835 6.5
      vertex 80.9567 4.3097 6.5
    endloop
  endfacet
  facet normal 0 0 1
    outer loop
      vertex 81 4.28835 6.5
      vertex 80.8485 2.84853 6.5
      vertex 80.9978 2.66668 6.5
    endloop
  endfacet
  facet normal 0 0 1
    outer loop
      vertex 81 4.28835 6.5
      vertex 80.6667 2.99776 6.5
      vertex 80.8485 2.84853 6.5
    endloop
  endfacet
  facet normal 0 0 1
    outer loop
      vertex 80.4592 3.10865 6.5
      vertex 80.9567 4.3097 6.5
      vertex 80.647 4.41481 6.5
    endloop
  endfacet
  facet normal 0 0 1
    outer loop
      vertex 81 4.28835 6.5
      vertex 80.4592 3.10865 6.5
      vertex 80.6667 2.99776 6.5
    endloop
  endfacet
  facet normal 0 0 1
    outer loop
      vertex 80.2341 3.17694 6.5
      vertex 80.647 4.41481 6.5
      vertex 80.3263 4.47861 6.5
    endloop
  endfacet
  facet normal 0 0 1
    outer loop
      vertex 80.647 4.41481 6.5
      vertex 80.2341 3.17694 6.5
      vertex 80.4592 3.10865 6.5
    endloop
  endfacet
  facet normal 0 0 1
    outer loop
      vertex 80 3.2 6.5
      vertex 80.3263 4.47861 6.5
      vertex 80 4.5 6.5
    endloop
  endfacet
  facet normal 0 0 1
    outer loop
      vertex 80.3263 4.47861 6.5
      vertex 80 3.2 6.5
      vertex 80.2341 3.17694 6.5
    endloop
  endfacet
  facet normal -0 0 1
    outer loop
      vertex 79.6737 4.47861 6.5
      vertex 80 3.2 6.5
      vertex 80 4.5 6.5
    endloop
  endfacet
  facet normal 0 0 1
    outer loop
      vertex 80 3.2 6.5
      vertex 79.6737 4.47861 6.5
      vertex 79.7659 3.17694 6.5
    endloop
  endfacet
  facet normal -0 0 1
    outer loop
      vertex 79.353 4.41481 6.5
      vertex 79.7659 3.17694 6.5
      vertex 79.6737 4.47861 6.5
    endloop
  endfacet
  facet normal 0 0 1
    outer loop
      vertex 79.7659 3.17694 6.5
      vertex 79.353 4.41481 6.5
      vertex 79.5408 3.10865 6.5
    endloop
  endfacet
  facet normal -0 0 1
    outer loop
      vertex 79.0433 4.3097 6.5
      vertex 79.5408 3.10865 6.5
      vertex 79.353 4.41481 6.5
    endloop
  endfacet
  facet normal -0 0 1
    outer loop
      vertex 78.75 4.16506 6.5
      vertex 79.5408 3.10865 6.5
      vertex 79.0433 4.3097 6.5
    endloop
  endfacet
  facet normal 0 0 1
    outer loop
      vertex 79.5408 3.10865 6.5
      vertex 78.75 4.16506 6.5
      vertex 79.3333 2.99776 6.5
    endloop
  endfacet
  facet normal -0 0 1
    outer loop
      vertex 78.4781 3.98338 6.5
      vertex 79.3333 2.99776 6.5
      vertex 78.75 4.16506 6.5
    endloop
  endfacet
  facet normal 0 0 1
    outer loop
      vertex 79.3333 2.99776 6.5
      vertex 78.4781 3.98338 6.5
      vertex 79.1515 2.84853 6.5
    endloop
  endfacet
  facet normal -0 0 1
    outer loop
      vertex 78.2322 3.76777 6.5
      vertex 79.1515 2.84853 6.5
      vertex 78.4781 3.98338 6.5
    endloop
  endfacet
  facet normal 0 0 1
    outer loop
      vertex 79.1515 2.84853 6.5
      vertex 78.0166 3.5219 6.5
      vertex 79.0022 2.66668 6.5
    endloop
  endfacet
  facet normal -0 0 1
    outer loop
      vertex 78.0166 3.5219 6.5
      vertex 79.1515 2.84853 6.5
      vertex 78.2322 3.76777 6.5
    endloop
  endfacet
  facet normal -1 0 0
    outer loop
      vertex 81 4.28835 3
      vertex 81 58.7117 6.5
      vertex 81 58.7117 3
    endloop
  endfacet
  facet normal -1 -0 0
    outer loop
      vertex 81 58.7117 6.5
      vertex 81 4.28835 3
      vertex 81 4.28835 6.5
    endloop
  endfacet
  facet normal 1 -0 0
    outer loop
      vertex 1 4.28835 6.5
      vertex 1 62 3
      vertex 1 62 6.5
    endloop
  endfacet
  facet normal 1 0 0
    outer loop
      vertex 1 62 3
      vertex 1 4.28835 6.5
      vertex 1 4.28835 3
    endloop
  endfacet
  facet normal 0 -1 0
    outer loop
      vertex 1 62 3
      vertex 77.7116 62 6.5
      vertex 1 62 6.5
    endloop
  endfacet
  facet normal 0 -1 -0
    outer loop
      vertex 77.7116 62 6.5
      vertex 1 62 3
      vertex 77.7116 62 3
    endloop
  endfacet
  facet normal 0 1 -0
    outer loop
      vertex 77.7116 1 3
      vertex 4.28835 1 6.5
      vertex 77.7116 1 6.5
    endloop
  endfacet
  facet normal 0 1 0
    outer loop
      vertex 4.28835 1 6.5
      vertex 77.7116 1 3
      vertex 4.28835 1 3
    endloop
  endfacet
  facet normal 0.980785 0.195093 0
    outer loop
      vertex 4.47861 2.32631 6.5
      vertex 4.41481 2.64705 3
      vertex 4.41481 2.64705 6.5
    endloop
  endfacet
  facet normal 0.980785 0.195093 0
    outer loop
      vertex 4.41481 2.64705 3
      vertex 4.47861 2.32631 6.5
      vertex 4.47861 2.32631 3
    endloop
  endfacet
  facet normal 0.997858 0.0654108 0
    outer loop
      vertex 4.5 2 6.5
      vertex 4.47861 2.32631 3
      vertex 4.47861 2.32631 6.5
    endloop
  endfacet
  facet normal 0.997858 0.0654108 0
    outer loop
      vertex 4.47861 2.32631 3
      vertex 4.5 2 6.5
      vertex 4.5 2 3
    endloop
  endfacet
  facet normal 0.442302 0.896866 -0
    outer loop
      vertex 3.25 4.16506 3
      vertex 2.95671 4.3097 6.5
      vertex 3.25 4.16506 6.5
    endloop
  endfacet
  facet normal 0.442302 0.896866 0
    outer loop
      vertex 2.95671 4.3097 6.5
      vertex 3.25 4.16506 3
      vertex 2.95671 4.3097 3
    endloop
  endfacet
  facet normal 0.659325 0.751858 -0
    outer loop
      vertex 3.76777 3.76777 3
      vertex 3.5219 3.98338 6.5
      vertex 3.76777 3.76777 6.5
    endloop
  endfacet
  facet normal 0.659325 0.751858 0
    outer loop
      vertex 3.5219 3.98338 6.5
      vertex 3.76777 3.76777 3
      vertex 3.5219 3.98338 3
    endloop
  endfacet
  facet normal 0.195093 0.980785 -0
    outer loop
      vertex 2.64705 4.41481 3
      vertex 2.32631 4.47861 6.5
      vertex 2.64705 4.41481 6.5
    endloop
  endfacet
  facet normal 0.195093 0.980785 0
    outer loop
      vertex 2.32631 4.47861 6.5
      vertex 2.64705 4.41481 3
      vertex 2.32631 4.47861 3
    endloop
  endfacet
  facet normal -0.0654088 0.997859 0
    outer loop
      vertex 2 4.5 3
      vertex 1.67368 4.47861 6.5
      vertex 2 4.5 6.5
    endloop
  endfacet
  facet normal -0.0654088 0.997859 0
    outer loop
      vertex 1.67368 4.47861 6.5
      vertex 2 4.5 3
      vertex 1.67368 4.47861 3
    endloop
  endfacet
  facet normal 0.321425 0.946935 -0
    outer loop
      vertex 2.95671 4.3097 3
      vertex 2.64705 4.41481 6.5
      vertex 2.95671 4.3097 6.5
    endloop
  endfacet
  facet normal 0.321425 0.946935 0
    outer loop
      vertex 2.64705 4.41481 6.5
      vertex 2.95671 4.3097 3
      vertex 2.64705 4.41481 3
    endloop
  endfacet
  facet normal 0.831466 0.555575 0
    outer loop
      vertex 4.16506 3.25 6.5
      vertex 3.98338 3.5219 3
      vertex 3.98338 3.5219 6.5
    endloop
  endfacet
  facet normal 0.831466 0.555575 0
    outer loop
      vertex 3.98338 3.5219 3
      vertex 4.16506 3.25 6.5
      vertex 4.16506 3.25 3
    endloop
  endfacet
  facet normal 0.896866 0.442302 0
    outer loop
      vertex 4.3097 2.95671 6.5
      vertex 4.16506 3.25 3
      vertex 4.16506 3.25 6.5
    endloop
  endfacet
  facet normal 0.896866 0.442302 0
    outer loop
      vertex 4.16506 3.25 3
      vertex 4.3097 2.95671 6.5
      vertex 4.3097 2.95671 3
    endloop
  endfacet
  facet normal 0.896858 -0.442318 0
    outer loop
      vertex 4.28835 1 6.5
      vertex 4.3097 1.04329 3
      vertex 4.3097 1.04329 6.5
    endloop
  endfacet
  facet normal 0.896858 -0.442318 0
    outer loop
      vertex 4.3097 1.04329 3
      vertex 4.28835 1 6.5
      vertex 4.28835 1 3
    endloop
  endfacet
  facet normal 0.997859 -0.0654088 0
    outer loop
      vertex 4.47861 1.67368 6.5
      vertex 4.5 2 3
      vertex 4.5 2 6.5
    endloop
  endfacet
  facet normal 0.997859 -0.0654088 0
    outer loop
      vertex 4.5 2 3
      vertex 4.47861 1.67368 6.5
      vertex 4.47861 1.67368 3
    endloop
  endfacet
  facet normal 0.555575 0.831466 -0
    outer loop
      vertex 3.5219 3.98338 3
      vertex 3.25 4.16506 6.5
      vertex 3.5219 3.98338 6.5
    endloop
  endfacet
  facet normal 0.555575 0.831466 0
    outer loop
      vertex 3.25 4.16506 6.5
      vertex 3.5219 3.98338 3
      vertex 3.25 4.16506 3
    endloop
  endfacet
  facet normal -0.442318 0.896858 0
    outer loop
      vertex 1.04329 4.3097 3
      vertex 1 4.28835 6.5
      vertex 1.04329 4.3097 6.5
    endloop
  endfacet
  facet normal -0.442318 0.896858 0
    outer loop
      vertex 1 4.28835 6.5
      vertex 1.04329 4.3097 3
      vertex 1 4.28835 3
    endloop
  endfacet
  facet normal 0.980784 -0.195099 0
    outer loop
      vertex 4.41481 1.35295 6.5
      vertex 4.47861 1.67368 3
      vertex 4.47861 1.67368 6.5
    endloop
  endfacet
  facet normal 0.980784 -0.195099 0
    outer loop
      vertex 4.47861 1.67368 3
      vertex 4.41481 1.35295 6.5
      vertex 4.41481 1.35295 3
    endloop
  endfacet
  facet normal 0.946935 0.321425 0
    outer loop
      vertex 4.41481 2.64705 6.5
      vertex 4.3097 2.95671 3
      vertex 4.3097 2.95671 6.5
    endloop
  endfacet
  facet normal 0.946935 0.321425 0
    outer loop
      vertex 4.3097 2.95671 3
      vertex 4.41481 2.64705 6.5
      vertex 4.41481 2.64705 3
    endloop
  endfacet
  facet normal 0.946935 -0.321425 0
    outer loop
      vertex 4.3097 1.04329 6.5
      vertex 4.41481 1.35295 3
      vertex 4.41481 1.35295 6.5
    endloop
  endfacet
  facet normal 0.946935 -0.321425 0
    outer loop
      vertex 4.41481 1.35295 3
      vertex 4.3097 1.04329 6.5
      vertex 4.3097 1.04329 3
    endloop
  endfacet
  facet normal 0.751858 0.659325 0
    outer loop
      vertex 3.98338 3.5219 6.5
      vertex 3.76777 3.76777 3
      vertex 3.76777 3.76777 6.5
    endloop
  endfacet
  facet normal 0.751858 0.659325 0
    outer loop
      vertex 3.76777 3.76777 3
      vertex 3.98338 3.5219 6.5
      vertex 3.98338 3.5219 3
    endloop
  endfacet
  facet normal -0.195099 0.980784 0
    outer loop
      vertex 1.67368 4.47861 3
      vertex 1.35295 4.41481 6.5
      vertex 1.67368 4.47861 6.5
    endloop
  endfacet
  facet normal -0.195099 0.980784 0
    outer loop
      vertex 1.35295 4.41481 6.5
      vertex 1.67368 4.47861 3
      vertex 1.35295 4.41481 3
    endloop
  endfacet
  facet normal -0.321425 0.946935 0
    outer loop
      vertex 1.35295 4.41481 3
      vertex 1.04329 4.3097 6.5
      vertex 1.35295 4.41481 6.5
    endloop
  endfacet
  facet normal -0.321425 0.946935 0
    outer loop
      vertex 1.04329 4.3097 6.5
      vertex 1.35295 4.41481 3
      vertex 1.04329 4.3097 3
    endloop
  endfacet
  facet normal 0.0654108 0.997858 -0
    outer loop
      vertex 2.32631 4.47861 3
      vertex 2 4.5 6.5
      vertex 2.32631 4.47861 6.5
    endloop
  endfacet
  facet normal 0.0654108 0.997858 0
    outer loop
      vertex 2 4.5 6.5
      vertex 2.32631 4.47861 3
      vertex 2 4.5 3
    endloop
  endfacet
  facet normal 0.195116 0.98078 -0
    outer loop
      vertex 80.647 4.41481 3
      vertex 80.3263 4.47861 6.5
      vertex 80.647 4.41481 6.5
    endloop
  endfacet
  facet normal 0.195116 0.98078 0
    outer loop
      vertex 80.3263 4.47861 6.5
      vertex 80.647 4.41481 3
      vertex 80.3263 4.47861 3
    endloop
  endfacet
  facet normal 0.442235 0.896899 -0
    outer loop
      vertex 81 4.28835 3
      vertex 80.9567 4.3097 6.5
      vertex 81 4.28835 6.5
    endloop
  endfacet
  facet normal 0.442235 0.896899 0
    outer loop
      vertex 80.9567 4.3097 6.5
      vertex 81 4.28835 3
      vertex 80.9567 4.3097 3
    endloop
  endfacet
  facet normal -0.946944 -0.321397 0
    outer loop
      vertex 77.6903 1.04329 3
      vertex 77.5852 1.35295 6.5
      vertex 77.5852 1.35295 3
    endloop
  endfacet
  facet normal -0.946944 -0.321397 0
    outer loop
      vertex 77.5852 1.35295 6.5
      vertex 77.6903 1.04329 3
      vertex 77.6903 1.04329 6.5
    endloop
  endfacet
  facet normal -0.321387 0.946948 0
    outer loop
      vertex 79.353 4.41481 3
      vertex 79.0433 4.3097 6.5
      vertex 79.353 4.41481 6.5
    endloop
  endfacet
  facet normal -0.321387 0.946948 0
    outer loop
      vertex 79.0433 4.3097 6.5
      vertex 79.353 4.41481 3
      vertex 79.0433 4.3097 3
    endloop
  endfacet
  facet normal -0.555575 0.831466 0
    outer loop
      vertex 78.75 4.16506 3
      vertex 78.4781 3.98338 6.5
      vertex 78.75 4.16506 6.5
    endloop
  endfacet
  facet normal -0.555575 0.831466 0
    outer loop
      vertex 78.4781 3.98338 6.5
      vertex 78.75 4.16506 3
      vertex 78.4781 3.98338 3
    endloop
  endfacet
  facet normal -0.0654128 0.997858 0
    outer loop
      vertex 80 4.5 3
      vertex 79.6737 4.47861 6.5
      vertex 80 4.5 6.5
    endloop
  endfacet
  facet normal -0.0654128 0.997858 0
    outer loop
      vertex 79.6737 4.47861 6.5
      vertex 80 4.5 3
      vertex 79.6737 4.47861 3
    endloop
  endfacet
  facet normal 0.321387 0.946948 -0
    outer loop
      vertex 80.9567 4.3097 3
      vertex 80.647 4.41481 6.5
      vertex 80.9567 4.3097 6.5
    endloop
  endfacet
  facet normal 0.321387 0.946948 0
    outer loop
      vertex 80.647 4.41481 6.5
      vertex 80.9567 4.3097 3
      vertex 80.647 4.41481 3
    endloop
  endfacet
  facet normal -0.751873 0.659307 0
    outer loop
      vertex 78.0166 3.5219 3
      vertex 78.2322 3.76777 6.5
      vertex 78.2322 3.76777 3
    endloop
  endfacet
  facet normal -0.751873 0.659307 0
    outer loop
      vertex 78.2322 3.76777 6.5
      vertex 78.0166 3.5219 3
      vertex 78.0166 3.5219 6.5
    endloop
  endfacet
  facet normal -0.44229 0.896872 0
    outer loop
      vertex 79.0433 4.3097 3
      vertex 78.75 4.16506 6.5
      vertex 79.0433 4.3097 6.5
    endloop
  endfacet
  facet normal -0.44229 0.896872 0
    outer loop
      vertex 78.75 4.16506 6.5
      vertex 79.0433 4.3097 3
      vertex 78.75 4.16506 3
    endloop
  endfacet
  facet normal -0.997856 0.0654412 0
    outer loop
      vertex 77.5 2 3
      vertex 77.5214 2.32631 6.5
      vertex 77.5214 2.32631 3
    endloop
  endfacet
  facet normal -0.997856 0.0654412 0
    outer loop
      vertex 77.5214 2.32631 6.5
      vertex 77.5 2 3
      vertex 77.5 2 6.5
    endloop
  endfacet
  facet normal -0.980784 -0.195099 0
    outer loop
      vertex 77.5852 1.35295 3
      vertex 77.5214 1.67368 6.5
      vertex 77.5214 1.67368 3
    endloop
  endfacet
  facet normal -0.980784 -0.195099 0
    outer loop
      vertex 77.5214 1.67368 6.5
      vertex 77.5852 1.35295 3
      vertex 77.5852 1.35295 6.5
    endloop
  endfacet
  facet normal -0.897269 -0.441484 0
    outer loop
      vertex 77.7116 1 3
      vertex 77.6903 1.04329 6.5
      vertex 77.6903 1.04329 3
    endloop
  endfacet
  facet normal -0.897269 -0.441484 0
    outer loop
      vertex 77.6903 1.04329 6.5
      vertex 77.7116 1 3
      vertex 77.7116 1 6.5
    endloop
  endfacet
  facet normal 0.0654128 0.997858 -0
    outer loop
      vertex 80.3263 4.47861 3
      vertex 80 4.5 6.5
      vertex 80.3263 4.47861 6.5
    endloop
  endfacet
  facet normal 0.0654128 0.997858 0
    outer loop
      vertex 80 4.5 6.5
      vertex 80.3263 4.47861 3
      vertex 80 4.5 3
    endloop
  endfacet
  facet normal -0.195116 0.98078 0
    outer loop
      vertex 79.6737 4.47861 3
      vertex 79.353 4.41481 6.5
      vertex 79.6737 4.47861 6.5
    endloop
  endfacet
  facet normal -0.195116 0.98078 0
    outer loop
      vertex 79.353 4.41481 6.5
      vertex 79.6737 4.47861 3
      vertex 79.353 4.41481 3
    endloop
  endfacet
  facet normal -0.980785 0.195093 0
    outer loop
      vertex 77.5214 2.32631 3
      vertex 77.5852 2.64705 6.5
      vertex 77.5852 2.64705 3
    endloop
  endfacet
  facet normal -0.980785 0.195093 0
    outer loop
      vertex 77.5852 2.64705 6.5
      vertex 77.5214 2.32631 3
      vertex 77.5214 2.32631 6.5
    endloop
  endfacet
  facet normal -0.997857 -0.0654392 0
    outer loop
      vertex 77.5214 1.67368 3
      vertex 77.5 2 6.5
      vertex 77.5 2 3
    endloop
  endfacet
  facet normal -0.997857 -0.0654392 0
    outer loop
      vertex 77.5 2 6.5
      vertex 77.5214 1.67368 3
      vertex 77.5214 1.67368 6.5
    endloop
  endfacet
  facet normal -0.946944 0.321397 0
    outer loop
      vertex 77.5852 2.64705 3
      vertex 77.6903 2.95671 6.5
      vertex 77.6903 2.95671 3
    endloop
  endfacet
  facet normal -0.946944 0.321397 0
    outer loop
      vertex 77.6903 2.95671 6.5
      vertex 77.5852 2.64705 3
      vertex 77.5852 2.64705 6.5
    endloop
  endfacet
  facet normal -0.659279 0.751898 0
    outer loop
      vertex 78.4781 3.98338 3
      vertex 78.2322 3.76777 6.5
      vertex 78.4781 3.98338 6.5
    endloop
  endfacet
  facet normal -0.659279 0.751898 0
    outer loop
      vertex 78.2322 3.76777 6.5
      vertex 78.4781 3.98338 3
      vertex 78.2322 3.76777 3
    endloop
  endfacet
  facet normal -0.831438 0.555617 0
    outer loop
      vertex 77.8349 3.25 3
      vertex 78.0166 3.5219 6.5
      vertex 78.0166 3.5219 3
    endloop
  endfacet
  facet normal -0.831438 0.555617 0
    outer loop
      vertex 78.0166 3.5219 6.5
      vertex 77.8349 3.25 3
      vertex 77.8349 3.25 6.5
    endloop
  endfacet
  facet normal -0.896915 0.442204 0
    outer loop
      vertex 77.6903 2.95671 3
      vertex 77.8349 3.25 6.5
      vertex 77.8349 3.25 3
    endloop
  endfacet
  facet normal -0.896915 0.442204 0
    outer loop
      vertex 77.8349 3.25 6.5
      vertex 77.6903 2.95671 3
      vertex 77.6903 2.95671 6.5
    endloop
  endfacet
  facet normal 0.195116 -0.98078 0
    outer loop
      vertex 80.3263 58.5214 3
      vertex 80.647 58.5852 6.5
      vertex 80.3263 58.5214 6.5
    endloop
  endfacet
  facet normal 0.195116 -0.98078 0
    outer loop
      vertex 80.647 58.5852 6.5
      vertex 80.3263 58.5214 3
      vertex 80.647 58.5852 3
    endloop
  endfacet
  facet normal -0.751913 -0.659262 0
    outer loop
      vertex 78.2322 59.2322 3
      vertex 78.0166 59.4781 6.5
      vertex 78.0166 59.4781 3
    endloop
  endfacet
  facet normal -0.751913 -0.659262 0
    outer loop
      vertex 78.0166 59.4781 6.5
      vertex 78.2322 59.2322 3
      vertex 78.2322 59.2322 6.5
    endloop
  endfacet
  facet normal -0.831438 -0.555617 0
    outer loop
      vertex 78.0166 59.4781 3
      vertex 77.8349 59.75 6.5
      vertex 77.8349 59.75 3
    endloop
  endfacet
  facet normal -0.831438 -0.555617 0
    outer loop
      vertex 77.8349 59.75 6.5
      vertex 78.0166 59.4781 3
      vertex 78.0166 59.4781 6.5
    endloop
  endfacet
  facet normal -0.946957 -0.32136 0
    outer loop
      vertex 77.6903 60.0433 3
      vertex 77.5852 60.353 6.5
      vertex 77.5852 60.353 3
    endloop
  endfacet
  facet normal -0.946957 -0.32136 0
    outer loop
      vertex 77.5852 60.353 6.5
      vertex 77.6903 60.0433 3
      vertex 77.6903 60.0433 6.5
    endloop
  endfacet
  facet normal -0.442191 -0.896921 0
    outer loop
      vertex 78.75 58.8349 3
      vertex 79.0433 58.6903 6.5
      vertex 78.75 58.8349 6.5
    endloop
  endfacet
  facet normal -0.442191 -0.896921 -0
    outer loop
      vertex 79.0433 58.6903 6.5
      vertex 78.75 58.8349 3
      vertex 79.0433 58.6903 3
    endloop
  endfacet
  facet normal -0.997856 0.0654432 0
    outer loop
      vertex 77.5 61 3
      vertex 77.5214 61.3263 6.5
      vertex 77.5214 61.3263 3
    endloop
  endfacet
  facet normal -0.997856 0.0654432 0
    outer loop
      vertex 77.5214 61.3263 6.5
      vertex 77.5 61 3
      vertex 77.5 61 6.5
    endloop
  endfacet
  facet normal -0.32136 -0.946957 0
    outer loop
      vertex 79.0433 58.6903 3
      vertex 79.353 58.5852 6.5
      vertex 79.0433 58.6903 6.5
    endloop
  endfacet
  facet normal -0.32136 -0.946957 -0
    outer loop
      vertex 79.353 58.5852 6.5
      vertex 79.0433 58.6903 3
      vertex 79.353 58.5852 3
    endloop
  endfacet
  facet normal -0.0654432 -0.997856 0
    outer loop
      vertex 79.6737 58.5214 3
      vertex 80 58.5 6.5
      vertex 79.6737 58.5214 6.5
    endloop
  endfacet
  facet normal -0.0654432 -0.997856 -0
    outer loop
      vertex 80 58.5 6.5
      vertex 79.6737 58.5214 3
      vertex 80 58.5 3
    endloop
  endfacet
  facet normal -0.946957 0.32136 0
    outer loop
      vertex 77.5852 61.647 3
      vertex 77.6903 61.9567 6.5
      vertex 77.6903 61.9567 3
    endloop
  endfacet
  facet normal -0.946957 0.32136 0
    outer loop
      vertex 77.6903 61.9567 6.5
      vertex 77.5852 61.647 3
      vertex 77.5852 61.647 6.5
    endloop
  endfacet
  facet normal -0.997856 -0.0654432 0
    outer loop
      vertex 77.5214 60.6737 3
      vertex 77.5 61 6.5
      vertex 77.5 61 3
    endloop
  endfacet
  facet normal -0.997856 -0.0654432 0
    outer loop
      vertex 77.5 61 6.5
      vertex 77.5214 60.6737 3
      vertex 77.5214 60.6737 6.5
    endloop
  endfacet
  facet normal -0.98078 -0.195116 0
    outer loop
      vertex 77.5852 60.353 3
      vertex 77.5214 60.6737 6.5
      vertex 77.5214 60.6737 3
    endloop
  endfacet
  facet normal -0.98078 -0.195116 0
    outer loop
      vertex 77.5214 60.6737 6.5
      vertex 77.5852 60.353 3
      vertex 77.5852 60.353 6.5
    endloop
  endfacet
  facet normal 0.32136 -0.946957 0
    outer loop
      vertex 80.647 58.5852 3
      vertex 80.9567 58.6903 6.5
      vertex 80.647 58.5852 6.5
    endloop
  endfacet
  facet normal 0.32136 -0.946957 0
    outer loop
      vertex 80.9567 58.6903 6.5
      vertex 80.647 58.5852 3
      vertex 80.9567 58.6903 3
    endloop
  endfacet
  facet normal 0.443068 -0.896488 0
    outer loop
      vertex 80.9567 58.6903 3
      vertex 81 58.7117 6.5
      vertex 80.9567 58.6903 6.5
    endloop
  endfacet
  facet normal 0.443068 -0.896488 0
    outer loop
      vertex 81 58.7117 6.5
      vertex 80.9567 58.6903 3
      vertex 81 58.7117 3
    endloop
  endfacet
  facet normal -0.555617 -0.831438 0
    outer loop
      vertex 78.4781 59.0166 3
      vertex 78.75 58.8349 6.5
      vertex 78.4781 59.0166 6.5
    endloop
  endfacet
  facet normal -0.555617 -0.831438 -0
    outer loop
      vertex 78.75 58.8349 6.5
      vertex 78.4781 59.0166 3
      vertex 78.75 58.8349 3
    endloop
  endfacet
  facet normal -0.896921 -0.442191 0
    outer loop
      vertex 77.8349 59.75 3
      vertex 77.6903 60.0433 6.5
      vertex 77.6903 60.0433 3
    endloop
  endfacet
  facet normal -0.896921 -0.442191 0
    outer loop
      vertex 77.6903 60.0433 6.5
      vertex 77.8349 59.75 3
      vertex 77.8349 59.75 6.5
    endloop
  endfacet
  facet normal -0.659262 -0.751913 0
    outer loop
      vertex 78.2322 59.2322 3
      vertex 78.4781 59.0166 6.5
      vertex 78.2322 59.2322 6.5
    endloop
  endfacet
  facet normal -0.659262 -0.751913 -0
    outer loop
      vertex 78.4781 59.0166 6.5
      vertex 78.2322 59.2322 3
      vertex 78.4781 59.0166 3
    endloop
  endfacet
  facet normal -0.98078 0.195116 0
    outer loop
      vertex 77.5214 61.3263 3
      vertex 77.5852 61.647 6.5
      vertex 77.5852 61.647 3
    endloop
  endfacet
  facet normal -0.98078 0.195116 0
    outer loop
      vertex 77.5852 61.647 6.5
      vertex 77.5214 61.3263 3
      vertex 77.5214 61.3263 6.5
    endloop
  endfacet
  facet normal 0.0654432 -0.997856 0
    outer loop
      vertex 80 58.5 3
      vertex 80.3263 58.5214 6.5
      vertex 80 58.5 6.5
    endloop
  endfacet
  facet normal 0.0654432 -0.997856 0
    outer loop
      vertex 80.3263 58.5214 6.5
      vertex 80 58.5 3
      vertex 80.3263 58.5214 3
    endloop
  endfacet
  facet normal -0.89731 0.441402 0
    outer loop
      vertex 77.6903 61.9567 3
      vertex 77.7116 62 6.5
      vertex 77.7116 62 3
    endloop
  endfacet
  facet normal -0.89731 0.441402 0
    outer loop
      vertex 77.7116 62 6.5
      vertex 77.6903 61.9567 3
      vertex 77.6903 61.9567 6.5
    endloop
  endfacet
  facet normal -0.195116 -0.98078 0
    outer loop
      vertex 79.353 58.5852 3
      vertex 79.6737 58.5214 6.5
      vertex 79.353 58.5852 6.5
    endloop
  endfacet
  facet normal -0.195116 -0.98078 -0
    outer loop
      vertex 79.6737 58.5214 6.5
      vertex 79.353 58.5852 3
      vertex 79.6737 58.5214 3
    endloop
  endfacet
  facet normal 0.290299 -0.956936 0
    outer loop
      vertex 1.54078 3.10865 2
      vertex 1.76589 3.17694 6.5
      vertex 1.54078 3.10865 6.5
    endloop
  endfacet
  facet normal 0.290299 -0.956936 0
    outer loop
      vertex 1.76589 3.17694 6.5
      vertex 1.54078 3.10865 2
      vertex 1.76589 3.17694 2
    endloop
  endfacet
  facet normal -0.956936 -0.290299 0
    outer loop
      vertex 3.17694 2.23411 2
      vertex 3.10865 2.45922 6.5
      vertex 3.10865 2.45922 2
    endloop
  endfacet
  facet normal -0.956936 -0.290299 0
    outer loop
      vertex 3.10865 2.45922 6.5
      vertex 3.17694 2.23411 2
      vertex 3.17694 2.23411 6.5
    endloop
  endfacet
  facet normal -0.995184 -0.0980263 0
    outer loop
      vertex 3.2 2 2
      vertex 3.17694 2.23411 6.5
      vertex 3.17694 2.23411 2
    endloop
  endfacet
  facet normal -0.995184 -0.0980263 0
    outer loop
      vertex 3.17694 2.23411 6.5
      vertex 3.2 2 2
      vertex 3.2 2 6.5
    endloop
  endfacet
  facet normal -0.881921 -0.471398 0
    outer loop
      vertex 3.10865 2.45922 2
      vertex 2.99776 2.66668 6.5
      vertex 2.99776 2.66668 2
    endloop
  endfacet
  facet normal -0.881921 -0.471398 0
    outer loop
      vertex 2.99776 2.66668 6.5
      vertex 3.10865 2.45922 2
      vertex 3.10865 2.45922 6.5
    endloop
  endfacet
  facet normal -0.0980179 0.995185 0
    outer loop
      vertex 2.23411 0.823057 2
      vertex 2 0.799999 6.5
      vertex 2.23411 0.823057 6.5
    endloop
  endfacet
  facet normal -0.0980179 0.995185 0
    outer loop
      vertex 2 0.799999 6.5
      vertex 2.23411 0.823057 2
      vertex 2 0.799999 2
    endloop
  endfacet
  facet normal -0.290299 -0.956936 0
    outer loop
      vertex 2.23411 3.17694 2
      vertex 2.45922 3.10865 6.5
      vertex 2.23411 3.17694 6.5
    endloop
  endfacet
  facet normal -0.290299 -0.956936 -0
    outer loop
      vertex 2.45922 3.10865 6.5
      vertex 2.23411 3.17694 2
      vertex 2.45922 3.10865 2
    endloop
  endfacet
  facet normal 0.0980263 -0.995184 0
    outer loop
      vertex 1.76589 3.17694 2
      vertex 2 3.2 6.5
      vertex 1.76589 3.17694 6.5
    endloop
  endfacet
  facet normal 0.0980263 -0.995184 0
    outer loop
      vertex 2 3.2 6.5
      vertex 1.76589 3.17694 2
      vertex 2 3.2 2
    endloop
  endfacet
  facet normal -0.995184 0.0980263 0
    outer loop
      vertex 3.17694 1.76589 2
      vertex 3.2 2 6.5
      vertex 3.2 2 2
    endloop
  endfacet
  facet normal -0.995184 0.0980263 0
    outer loop
      vertex 3.2 2 6.5
      vertex 3.17694 1.76589 2
      vertex 3.17694 1.76589 6.5
    endloop
  endfacet
  facet normal 0.95694 -0.290287 0
    outer loop
      vertex 0.823057 2.23411 6.5
      vertex 0.891344 2.45922 2
      vertex 0.891344 2.45922 6.5
    endloop
  endfacet
  facet normal 0.95694 -0.290287 0
    outer loop
      vertex 0.891344 2.45922 2
      vertex 0.823057 2.23411 6.5
      vertex 0.823057 2.23411 2
    endloop
  endfacet
  facet normal 0.95694 0.290287 0
    outer loop
      vertex 0.891344 1.54078 6.5
      vertex 0.823057 1.76589 2
      vertex 0.823057 1.76589 6.5
    endloop
  endfacet
  facet normal 0.95694 0.290287 0
    outer loop
      vertex 0.823057 1.76589 2
      vertex 0.891344 1.54078 6.5
      vertex 0.891344 1.54078 2
    endloop
  endfacet
  facet normal -0.471418 0.88191 0
    outer loop
      vertex 2.66668 1.00224 2
      vertex 2.45922 0.891344 6.5
      vertex 2.66668 1.00224 6.5
    endloop
  endfacet
  facet normal -0.471418 0.88191 0
    outer loop
      vertex 2.45922 0.891344 6.5
      vertex 2.66668 1.00224 2
      vertex 2.45922 0.891344 2
    endloop
  endfacet
  facet normal 0.773032 -0.634367 0
    outer loop
      vertex 1.00224 2.66668 6.5
      vertex 1.15147 2.84853 2
      vertex 1.15147 2.84853 6.5
    endloop
  endfacet
  facet normal 0.773032 -0.634367 0
    outer loop
      vertex 1.15147 2.84853 2
      vertex 1.00224 2.66668 6.5
      vertex 1.00224 2.66668 2
    endloop
  endfacet
  facet normal -0.88193 0.47138 0
    outer loop
      vertex 2.99776 1.33331 2
      vertex 3.10865 1.54078 6.5
      vertex 3.10865 1.54078 2
    endloop
  endfacet
  facet normal -0.88193 0.47138 0
    outer loop
      vertex 3.10865 1.54078 6.5
      vertex 2.99776 1.33331 2
      vertex 2.99776 1.33331 6.5
    endloop
  endfacet
  facet normal -0.290287 0.95694 0
    outer loop
      vertex 2.45922 0.891344 2
      vertex 2.23411 0.823057 6.5
      vertex 2.45922 0.891344 6.5
    endloop
  endfacet
  facet normal -0.290287 0.95694 0
    outer loop
      vertex 2.23411 0.823057 6.5
      vertex 2.45922 0.891344 2
      vertex 2.23411 0.823057 2
    endloop
  endfacet
  facet normal -0.634367 -0.773032 0
    outer loop
      vertex 2.66668 2.99776 2
      vertex 2.84853 2.84853 6.5
      vertex 2.66668 2.99776 6.5
    endloop
  endfacet
  facet normal -0.634367 -0.773032 -0
    outer loop
      vertex 2.84853 2.84853 6.5
      vertex 2.66668 2.99776 2
      vertex 2.84853 2.84853 2
    endloop
  endfacet
  facet normal -0.634367 0.773032 0
    outer loop
      vertex 2.84853 1.15147 2
      vertex 2.66668 1.00224 6.5
      vertex 2.84853 1.15147 6.5
    endloop
  endfacet
  facet normal -0.634367 0.773032 0
    outer loop
      vertex 2.66668 1.00224 6.5
      vertex 2.84853 1.15147 2
      vertex 2.66668 1.00224 2
    endloop
  endfacet
  facet normal 0.47138 -0.88193 0
    outer loop
      vertex 1.33331 2.99776 2
      vertex 1.54078 3.10865 6.5
      vertex 1.33331 2.99776 6.5
    endloop
  endfacet
  facet normal 0.47138 -0.88193 0
    outer loop
      vertex 1.54078 3.10865 6.5
      vertex 1.33331 2.99776 2
      vertex 1.54078 3.10865 2
    endloop
  endfacet
  facet normal 0.88192 0.4714 0
    outer loop
      vertex 1.00224 1.33331 6.5
      vertex 0.891344 1.54078 2
      vertex 0.891344 1.54078 6.5
    endloop
  endfacet
  facet normal 0.88192 0.4714 0
    outer loop
      vertex 0.891344 1.54078 2
      vertex 1.00224 1.33331 6.5
      vertex 1.00224 1.33331 2
    endloop
  endfacet
  facet normal 0.634388 -0.773015 0
    outer loop
      vertex 1.15147 2.84853 2
      vertex 1.33331 2.99776 6.5
      vertex 1.15147 2.84853 6.5
    endloop
  endfacet
  facet normal 0.634388 -0.773015 0
    outer loop
      vertex 1.33331 2.99776 6.5
      vertex 1.15147 2.84853 2
      vertex 1.33331 2.99776 2
    endloop
  endfacet
  facet normal -0.773015 0.634388 0
    outer loop
      vertex 2.84853 1.15147 2
      vertex 2.99776 1.33331 6.5
      vertex 2.99776 1.33331 2
    endloop
  endfacet
  facet normal -0.773015 0.634388 0
    outer loop
      vertex 2.99776 1.33331 6.5
      vertex 2.84853 1.15147 2
      vertex 2.84853 1.15147 6.5
    endloop
  endfacet
  facet normal -0.0980263 -0.995184 0
    outer loop
      vertex 2 3.2 2
      vertex 2.23411 3.17694 6.5
      vertex 2 3.2 6.5
    endloop
  endfacet
  facet normal -0.0980263 -0.995184 -0
    outer loop
      vertex 2.23411 3.17694 6.5
      vertex 2 3.2 2
      vertex 2.23411 3.17694 2
    endloop
  endfacet
  facet normal 0.0980179 0.995185 -0
    outer loop
      vertex 2 0.799999 2
      vertex 1.76589 0.823057 6.5
      vertex 2 0.799999 6.5
    endloop
  endfacet
  facet normal 0.0980179 0.995185 0
    outer loop
      vertex 1.76589 0.823057 6.5
      vertex 2 0.799999 2
      vertex 1.76589 0.823057 2
    endloop
  endfacet
  facet normal -0.956936 0.290299 0
    outer loop
      vertex 3.10865 1.54078 2
      vertex 3.17694 1.76589 6.5
      vertex 3.17694 1.76589 2
    endloop
  endfacet
  facet normal -0.956936 0.290299 0
    outer loop
      vertex 3.17694 1.76589 6.5
      vertex 3.10865 1.54078 2
      vertex 3.10865 1.54078 6.5
    endloop
  endfacet
  facet normal -0.471398 -0.881921 0
    outer loop
      vertex 2.45922 3.10865 2
      vertex 2.66668 2.99776 6.5
      vertex 2.45922 3.10865 6.5
    endloop
  endfacet
  facet normal -0.471398 -0.881921 -0
    outer loop
      vertex 2.66668 2.99776 6.5
      vertex 2.45922 3.10865 2
      vertex 2.66668 2.99776 2
    endloop
  endfacet
  facet normal 0.995185 -0.0980179 0
    outer loop
      vertex 0.799999 2 6.5
      vertex 0.823057 2.23411 2
      vertex 0.823057 2.23411 6.5
    endloop
  endfacet
  facet normal 0.995185 -0.0980179 0
    outer loop
      vertex 0.823057 2.23411 2
      vertex 0.799999 2 6.5
      vertex 0.799999 2 2
    endloop
  endfacet
  facet normal -0.773032 -0.634367 0
    outer loop
      vertex 2.99776 2.66668 2
      vertex 2.84853 2.84853 6.5
      vertex 2.84853 2.84853 2
    endloop
  endfacet
  facet normal -0.773032 -0.634367 0
    outer loop
      vertex 2.84853 2.84853 6.5
      vertex 2.99776 2.66668 2
      vertex 2.99776 2.66668 6.5
    endloop
  endfacet
  facet normal 0.634388 0.773015 -0
    outer loop
      vertex 1.33331 1.00224 2
      vertex 1.15147 1.15147 6.5
      vertex 1.33331 1.00224 6.5
    endloop
  endfacet
  facet normal 0.634388 0.773015 0
    outer loop
      vertex 1.15147 1.15147 6.5
      vertex 1.33331 1.00224 2
      vertex 1.15147 1.15147 2
    endloop
  endfacet
  facet normal 0.773015 0.634388 0
    outer loop
      vertex 1.15147 1.15147 6.5
      vertex 1.00224 1.33331 2
      vertex 1.00224 1.33331 6.5
    endloop
  endfacet
  facet normal 0.773015 0.634388 0
    outer loop
      vertex 1.00224 1.33331 2
      vertex 1.15147 1.15147 6.5
      vertex 1.15147 1.15147 2
    endloop
  endfacet
  facet normal 0.4714 0.88192 -0
    outer loop
      vertex 1.54078 0.891344 2
      vertex 1.33331 1.00224 6.5
      vertex 1.54078 0.891344 6.5
    endloop
  endfacet
  facet normal 0.4714 0.88192 0
    outer loop
      vertex 1.33331 1.00224 6.5
      vertex 1.54078 0.891344 2
      vertex 1.33331 1.00224 2
    endloop
  endfacet
  facet normal 0.290287 0.95694 -0
    outer loop
      vertex 1.76589 0.823057 2
      vertex 1.54078 0.891344 6.5
      vertex 1.76589 0.823057 6.5
    endloop
  endfacet
  facet normal 0.290287 0.95694 0
    outer loop
      vertex 1.54078 0.891344 6.5
      vertex 1.76589 0.823057 2
      vertex 1.54078 0.891344 2
    endloop
  endfacet
  facet normal 0.995185 0.0980179 0
    outer loop
      vertex 0.823057 1.76589 6.5
      vertex 0.799999 2 2
      vertex 0.799999 2 6.5
    endloop
  endfacet
  facet normal 0.995185 0.0980179 0
    outer loop
      vertex 0.799999 2 2
      vertex 0.823057 1.76589 6.5
      vertex 0.823057 1.76589 2
    endloop
  endfacet
  facet normal 0.88191 -0.471418 0
    outer loop
      vertex 0.891344 2.45922 6.5
      vertex 1.00224 2.66668 2
      vertex 1.00224 2.66668 6.5
    endloop
  endfacet
  facet normal 0.88191 -0.471418 0
    outer loop
      vertex 1.00224 2.66668 2
      vertex 0.891344 2.45922 6.5
      vertex 0.891344 2.45922 2
    endloop
  endfacet
  facet normal 0.290303 -0.956935 0
    outer loop
      vertex 1.1581 4.03253 0
      vertex 1.5708 4.15773 2
      vertex 1.1581 4.03253 2
    endloop
  endfacet
  facet normal 0.290303 -0.956935 0
    outer loop
      vertex 1.5708 4.15773 2
      vertex 1.1581 4.03253 0
      vertex 1.5708 4.15773 0
    endloop
  endfacet
  facet normal -0.956935 -0.290303 0
    outer loop
      vertex 4.15773 2.4292 0
      vertex 4.03253 2.8419 2
      vertex 4.03253 2.8419 0
    endloop
  endfacet
  facet normal -0.956935 -0.290303 0
    outer loop
      vertex 4.03253 2.8419 2
      vertex 4.15773 2.4292 0
      vertex 4.15773 2.4292 2
    endloop
  endfacet
  facet normal -0.995185 -0.0980114 0
    outer loop
      vertex 4.2 2 0
      vertex 4.15773 2.4292 2
      vertex 4.15773 2.4292 0
    endloop
  endfacet
  facet normal -0.995185 -0.0980114 0
    outer loop
      vertex 4.15773 2.4292 2
      vertex 4.2 2 0
      vertex 4.2 2 2
    endloop
  endfacet
  facet normal -0.881923 -0.471394 0
    outer loop
      vertex 4.03253 2.8419 0
      vertex 3.82923 3.22225 2
      vertex 3.82923 3.22225 0
    endloop
  endfacet
  facet normal -0.881923 -0.471394 0
    outer loop
      vertex 3.82923 3.22225 2
      vertex 4.03253 2.8419 0
      vertex 4.03253 2.8419 2
    endloop
  endfacet
  facet normal 0.471392 0.881924 -0
    outer loop
      vertex 1.1581 -0.0325346 0
      vertex 0.777745 0.170767 2
      vertex 1.1581 -0.0325346 2
    endloop
  endfacet
  facet normal 0.471392 0.881924 0
    outer loop
      vertex 0.777745 0.170767 2
      vertex 1.1581 -0.0325346 0
      vertex 0.777745 0.170767 0
    endloop
  endfacet
  facet normal -0.995185 0.0980114 0
    outer loop
      vertex 4.15773 1.5708 0
      vertex 4.2 2 2
      vertex 4.2 2 0
    endloop
  endfacet
  facet normal -0.995185 0.0980114 0
    outer loop
      vertex 4.2 2 2
      vertex 4.15773 1.5708 0
      vertex 4.15773 1.5708 2
    endloop
  endfacet
  facet normal 0.95694 -0.290287 0
    outer loop
      vertex -0.157727 2.4292 2
      vertex -0.0325346 2.8419 0
      vertex -0.0325346 2.8419 2
    endloop
  endfacet
  facet normal 0.95694 -0.290287 0
    outer loop
      vertex -0.0325346 2.8419 0
      vertex -0.157727 2.4292 2
      vertex -0.157727 2.4292 0
    endloop
  endfacet
  facet normal -0.773008 -0.634396 0
    outer loop
      vertex 3.82923 3.22225 0
      vertex 3.55563 3.55563 2
      vertex 3.55563 3.55563 0
    endloop
  endfacet
  facet normal -0.773008 -0.634396 0
    outer loop
      vertex 3.55563 3.55563 2
      vertex 3.82923 3.22225 0
      vertex 3.82923 3.22225 2
    endloop
  endfacet
  facet normal 0.77301 -0.634393 0
    outer loop
      vertex 0.170767 3.22225 2
      vertex 0.444365 3.55563 0
      vertex 0.444365 3.55563 2
    endloop
  endfacet
  facet normal 0.77301 -0.634393 0
    outer loop
      vertex 0.444365 3.55563 0
      vertex 0.170767 3.22225 2
      vertex 0.170767 3.22225 0
    endloop
  endfacet
  facet normal -0.881925 0.47139 0
    outer loop
      vertex 3.82923 0.777745 0
      vertex 4.03253 1.1581 2
      vertex 4.03253 1.1581 0
    endloop
  endfacet
  facet normal -0.881925 0.47139 0
    outer loop
      vertex 4.03253 1.1581 2
      vertex 3.82923 0.777745 0
      vertex 3.82923 0.777745 2
    endloop
  endfacet
  facet normal -0.0980114 -0.995185 0
    outer loop
      vertex 2 4.2 0
      vertex 2.4292 4.15773 2
      vertex 2 4.2 2
    endloop
  endfacet
  facet normal -0.0980114 -0.995185 -0
    outer loop
      vertex 2.4292 4.15773 2
      vertex 2 4.2 0
      vertex 2.4292 4.15773 0
    endloop
  endfacet
  facet normal -0.773008 0.634396 0
    outer loop
      vertex 3.55563 0.444365 0
      vertex 3.82923 0.777745 2
      vertex 3.82923 0.777745 0
    endloop
  endfacet
  facet normal -0.773008 0.634396 0
    outer loop
      vertex 3.82923 0.777745 2
      vertex 3.55563 0.444365 0
      vertex 3.55563 0.444365 2
    endloop
  endfacet
  facet normal -0.956935 0.290303 0
    outer loop
      vertex 4.03253 1.1581 0
      vertex 4.15773 1.5708 2
      vertex 4.15773 1.5708 0
    endloop
  endfacet
  facet normal -0.956935 0.290303 0
    outer loop
      vertex 4.15773 1.5708 2
      vertex 4.03253 1.1581 0
      vertex 4.03253 1.1581 2
    endloop
  endfacet
  facet normal 0.634396 -0.773008 0
    outer loop
      vertex 0.444365 3.55563 0
      vertex 0.777745 3.82923 2
      vertex 0.444365 3.55563 2
    endloop
  endfacet
  facet normal 0.634396 -0.773008 0
    outer loop
      vertex 0.777745 3.82923 2
      vertex 0.444365 3.55563 0
      vertex 0.777745 3.82923 0
    endloop
  endfacet
  facet normal 0.290287 0.95694 -0
    outer loop
      vertex 1.5708 -0.157727 0
      vertex 1.1581 -0.0325346 2
      vertex 1.5708 -0.157727 2
    endloop
  endfacet
  facet normal 0.290287 0.95694 0
    outer loop
      vertex 1.1581 -0.0325346 2
      vertex 1.5708 -0.157727 0
      vertex 1.1581 -0.0325346 0
    endloop
  endfacet
  facet normal -0.634393 0.77301 0
    outer loop
      vertex 3.55563 0.444365 0
      vertex 3.22225 0.170767 2
      vertex 3.55563 0.444365 2
    endloop
  endfacet
  facet normal -0.634393 0.77301 0
    outer loop
      vertex 3.22225 0.170767 2
      vertex 3.55563 0.444365 0
      vertex 3.22225 0.170767 0
    endloop
  endfacet
  facet normal -0.471397 0.881921 0
    outer loop
      vertex 3.22225 0.170767 0
      vertex 2.8419 -0.0325346 2
      vertex 3.22225 0.170767 2
    endloop
  endfacet
  facet normal -0.471397 0.881921 0
    outer loop
      vertex 2.8419 -0.0325346 2
      vertex 3.22225 0.170767 0
      vertex 2.8419 -0.0325346 0
    endloop
  endfacet
  facet normal 0.47139 -0.881925 0
    outer loop
      vertex 0.777745 3.82923 0
      vertex 1.1581 4.03253 2
      vertex 0.777745 3.82923 2
    endloop
  endfacet
  facet normal 0.47139 -0.881925 0
    outer loop
      vertex 1.1581 4.03253 2
      vertex 0.777745 3.82923 0
      vertex 1.1581 4.03253 0
    endloop
  endfacet
  facet normal 0.995185 -0.0980183 0
    outer loop
      vertex -0.2 2 2
      vertex -0.157727 2.4292 0
      vertex -0.157727 2.4292 2
    endloop
  endfacet
  facet normal 0.995185 -0.0980183 0
    outer loop
      vertex -0.157727 2.4292 0
      vertex -0.2 2 2
      vertex -0.2 2 0
    endloop
  endfacet
  facet normal -0.290303 -0.956935 0
    outer loop
      vertex 2.4292 4.15773 0
      vertex 2.8419 4.03253 2
      vertex 2.4292 4.15773 2
    endloop
  endfacet
  facet normal -0.290303 -0.956935 -0
    outer loop
      vertex 2.8419 4.03253 2
      vertex 2.4292 4.15773 0
      vertex 2.8419 4.03253 0
    endloop
  endfacet
  facet normal 0.881924 0.471392 0
    outer loop
      vertex 0.170767 0.777745 2
      vertex -0.0325346 1.1581 0
      vertex -0.0325346 1.1581 2
    endloop
  endfacet
  facet normal 0.881924 0.471392 0
    outer loop
      vertex -0.0325346 1.1581 0
      vertex 0.170767 0.777745 2
      vertex 0.170767 0.777745 0
    endloop
  endfacet
  facet normal 0 0 -1
    outer loop
      vertex 3.2 2 2
      vertex 4.2 2 2
      vertex 4.15773 1.5708 2
    endloop
  endfacet
  facet normal 0 0 -1
    outer loop
      vertex 3.17694 1.76589 2
      vertex 4.15773 1.5708 2
      vertex 4.03253 1.1581 2
    endloop
  endfacet
  facet normal 0 0 -1
    outer loop
      vertex 4.2 2 2
      vertex 3.2 2 2
      vertex 4.15773 2.4292 2
    endloop
  endfacet
  facet normal 0 0 -1
    outer loop
      vertex 3.10865 1.54078 2
      vertex 4.03253 1.1581 2
      vertex 3.82923 0.777745 2
    endloop
  endfacet
  facet normal 0 0 -1
    outer loop
      vertex 3.17694 2.23411 2
      vertex 4.15773 2.4292 2
      vertex 3.2 2 2
    endloop
  endfacet
  facet normal 0 0 -1
    outer loop
      vertex 2.99776 1.33331 2
      vertex 3.82923 0.777745 2
      vertex 3.55563 0.444365 2
    endloop
  endfacet
  facet normal -0 0 -1
    outer loop
      vertex 4.15773 2.4292 2
      vertex 3.17694 2.23411 2
      vertex 4.03253 2.8419 2
    endloop
  endfacet
  facet normal 0 0 -1
    outer loop
      vertex 2.84853 1.15147 2
      vertex 3.55563 0.444365 2
      vertex 3.22225 0.170767 2
    endloop
  endfacet
  facet normal 0 0 -1
    outer loop
      vertex 3.10865 2.45922 2
      vertex 4.03253 2.8419 2
      vertex 3.17694 2.23411 2
    endloop
  endfacet
  facet normal -0 0 -1
    outer loop
      vertex 4.03253 2.8419 2
      vertex 3.10865 2.45922 2
      vertex 3.82923 3.22225 2
    endloop
  endfacet
  facet normal 0 0 -1
    outer loop
      vertex 4.15773 1.5708 2
      vertex 3.17694 1.76589 2
      vertex 3.2 2 2
    endloop
  endfacet
  facet normal 0 0 -1
    outer loop
      vertex 4.03253 1.1581 2
      vertex 3.10865 1.54078 2
      vertex 3.17694 1.76589 2
    endloop
  endfacet
  facet normal 0 0 -1
    outer loop
      vertex 3.82923 0.777745 2
      vertex 2.99776 1.33331 2
      vertex 3.10865 1.54078 2
    endloop
  endfacet
  facet normal 0 0 -1
    outer loop
      vertex 3.55563 0.444365 2
      vertex 2.84853 1.15147 2
      vertex 2.99776 1.33331 2
    endloop
  endfacet
  facet normal 0 0 -1
    outer loop
      vertex 2.66668 1.00224 2
      vertex 3.22225 0.170767 2
      vertex 2.8419 -0.0325346 2
    endloop
  endfacet
  facet normal 0 0 -1
    outer loop
      vertex 3.22225 0.170767 2
      vertex 2.66668 1.00224 2
      vertex 2.84853 1.15147 2
    endloop
  endfacet
  facet normal 0 0 -1
    outer loop
      vertex 2.8419 -0.0325346 2
      vertex 2.45922 0.891344 2
      vertex 2.66668 1.00224 2
    endloop
  endfacet
  facet normal 0 0 -1
    outer loop
      vertex 2.4292 -0.157727 2
      vertex 2.45922 0.891344 2
      vertex 2.8419 -0.0325346 2
    endloop
  endfacet
  facet normal 0 0 -1
    outer loop
      vertex 2.4292 -0.157727 2
      vertex 2.23411 0.823057 2
      vertex 2.45922 0.891344 2
    endloop
  endfacet
  facet normal 0 0 -1
    outer loop
      vertex 2 -0.2 2
      vertex 2.23411 0.823057 2
      vertex 2.4292 -0.157727 2
    endloop
  endfacet
  facet normal 0 0 -1
    outer loop
      vertex 2 -0.2 2
      vertex 2 0.799999 2
      vertex 2.23411 0.823057 2
    endloop
  endfacet
  facet normal 0 0 -1
    outer loop
      vertex 2 -0.2 2
      vertex 1.76589 0.823057 2
      vertex 2 0.799999 2
    endloop
  endfacet
  facet normal 0 0 -1
    outer loop
      vertex 1.5708 -0.157727 2
      vertex 1.76589 0.823057 2
      vertex 2 -0.2 2
    endloop
  endfacet
  facet normal 0 0 -1
    outer loop
      vertex 1.5708 -0.157727 2
      vertex 1.54078 0.891344 2
      vertex 1.76589 0.823057 2
    endloop
  endfacet
  facet normal 0 0 -1
    outer loop
      vertex 1.1581 -0.0325346 2
      vertex 1.54078 0.891344 2
      vertex 1.5708 -0.157727 2
    endloop
  endfacet
  facet normal -0 0 -1
    outer loop
      vertex 1.54078 0.891344 2
      vertex 1.1581 -0.0325346 2
      vertex 1.33331 1.00224 2
    endloop
  endfacet
  facet normal 0 0 -1
    outer loop
      vertex 0.777745 0.170767 2
      vertex 1.33331 1.00224 2
      vertex 1.1581 -0.0325346 2
    endloop
  endfacet
  facet normal -0 0 -1
    outer loop
      vertex 1.33331 1.00224 2
      vertex 0.777745 0.170767 2
      vertex 1.15147 1.15147 2
    endloop
  endfacet
  facet normal 0 0 -1
    outer loop
      vertex 0.444365 0.444365 2
      vertex 1.15147 1.15147 2
      vertex 0.777745 0.170767 2
    endloop
  endfacet
  facet normal -0 0 -1
    outer loop
      vertex 1.15147 1.15147 2
      vertex 0.444365 0.444365 2
      vertex 1.00224 1.33331 2
    endloop
  endfacet
  facet normal -0 0 -1
    outer loop
      vertex 1.00224 1.33331 2
      vertex 0.170767 0.777745 2
      vertex 0.891344 1.54078 2
    endloop
  endfacet
  facet normal 0 0 -1
    outer loop
      vertex 0.170767 0.777745 2
      vertex 1.00224 1.33331 2
      vertex 0.444365 0.444365 2
    endloop
  endfacet
  facet normal 0 0 -1
    outer loop
      vertex 2.99776 2.66668 2
      vertex 3.82923 3.22225 2
      vertex 3.10865 2.45922 2
    endloop
  endfacet
  facet normal -0 0 -1
    outer loop
      vertex 3.82923 3.22225 2
      vertex 2.99776 2.66668 2
      vertex 3.55563 3.55563 2
    endloop
  endfacet
  facet normal 0 0 -1
    outer loop
      vertex 2.84853 2.84853 2
      vertex 3.55563 3.55563 2
      vertex 2.99776 2.66668 2
    endloop
  endfacet
  facet normal -0 0 -1
    outer loop
      vertex 3.55563 3.55563 2
      vertex 2.84853 2.84853 2
      vertex 3.22225 3.82923 2
    endloop
  endfacet
  facet normal 0 0 -1
    outer loop
      vertex 2.66668 2.99776 2
      vertex 3.22225 3.82923 2
      vertex 2.84853 2.84853 2
    endloop
  endfacet
  facet normal -0 0 -1
    outer loop
      vertex 3.22225 3.82923 2
      vertex 2.66668 2.99776 2
      vertex 2.8419 4.03253 2
    endloop
  endfacet
  facet normal 0 0 -1
    outer loop
      vertex 2.45922 3.10865 2
      vertex 2.8419 4.03253 2
      vertex 2.66668 2.99776 2
    endloop
  endfacet
  facet normal 0 0 -1
    outer loop
      vertex 2.45922 3.10865 2
      vertex 2.4292 4.15773 2
      vertex 2.8419 4.03253 2
    endloop
  endfacet
  facet normal 0 0 -1
    outer loop
      vertex 2.23411 3.17694 2
      vertex 2.4292 4.15773 2
      vertex 2.45922 3.10865 2
    endloop
  endfacet
  facet normal 0 0 -1
    outer loop
      vertex 2 3.2 2
      vertex 2.4292 4.15773 2
      vertex 2.23411 3.17694 2
    endloop
  endfacet
  facet normal 0 0 -1
    outer loop
      vertex 2 3.2 2
      vertex 2 4.2 2
      vertex 2.4292 4.15773 2
    endloop
  endfacet
  facet normal 0 0 -1
    outer loop
      vertex 1.76589 3.17694 2
      vertex 2 4.2 2
      vertex 2 3.2 2
    endloop
  endfacet
  facet normal 0 0 -1
    outer loop
      vertex 1.76589 3.17694 2
      vertex 1.5708 4.15773 2
      vertex 2 4.2 2
    endloop
  endfacet
  facet normal 0 0 -1
    outer loop
      vertex 1.54078 3.10865 2
      vertex 1.5708 4.15773 2
      vertex 1.76589 3.17694 2
    endloop
  endfacet
  facet normal 0 0 -1
    outer loop
      vertex 1.1581 4.03253 2
      vertex 1.54078 3.10865 2
      vertex 1.33331 2.99776 2
    endloop
  endfacet
  facet normal 0 0 -1
    outer loop
      vertex 1.54078 3.10865 2
      vertex 1.1581 4.03253 2
      vertex 1.5708 4.15773 2
    endloop
  endfacet
  facet normal 0 0 -1
    outer loop
      vertex 0.777745 3.82923 2
      vertex 1.33331 2.99776 2
      vertex 1.15147 2.84853 2
    endloop
  endfacet
  facet normal 0 0 -1
    outer loop
      vertex 0.444365 3.55563 2
      vertex 1.15147 2.84853 2
      vertex 1.00224 2.66668 2
    endloop
  endfacet
  facet normal 0 0 -1
    outer loop
      vertex 0.170767 3.22225 2
      vertex 1.00224 2.66668 2
      vertex 0.891344 2.45922 2
    endloop
  endfacet
  facet normal 0 0 -1
    outer loop
      vertex -0.0325346 2.8419 2
      vertex 0.891344 2.45922 2
      vertex 0.823057 2.23411 2
    endloop
  endfacet
  facet normal 0 0 -1
    outer loop
      vertex 1.33331 2.99776 2
      vertex 0.777745 3.82923 2
      vertex 1.1581 4.03253 2
    endloop
  endfacet
  facet normal 0 0 -1
    outer loop
      vertex -0.157727 2.4292 2
      vertex 0.823057 2.23411 2
      vertex 0.799999 2 2
    endloop
  endfacet
  facet normal 0 0 -1
    outer loop
      vertex -0.0325346 1.1581 2
      vertex 0.891344 1.54078 2
      vertex 0.170767 0.777745 2
    endloop
  endfacet
  facet normal -0 0 -1
    outer loop
      vertex 0.891344 1.54078 2
      vertex -0.0325346 1.1581 2
      vertex 0.823057 1.76589 2
    endloop
  endfacet
  facet normal 0 0 -1
    outer loop
      vertex 1.15147 2.84853 2
      vertex 0.444365 3.55563 2
      vertex 0.777745 3.82923 2
    endloop
  endfacet
  facet normal 0 0 -1
    outer loop
      vertex -0.157727 1.5708 2
      vertex 0.823057 1.76589 2
      vertex -0.0325346 1.1581 2
    endloop
  endfacet
  facet normal 0 0 -1
    outer loop
      vertex 1.00224 2.66668 2
      vertex 0.170767 3.22225 2
      vertex 0.444365 3.55563 2
    endloop
  endfacet
  facet normal -0 0 -1
    outer loop
      vertex 0.823057 1.76589 2
      vertex -0.157727 1.5708 2
      vertex 0.799999 2 2
    endloop
  endfacet
  facet normal 0 0 -1
    outer loop
      vertex 0.891344 2.45922 2
      vertex -0.0325346 2.8419 2
      vertex 0.170767 3.22225 2
    endloop
  endfacet
  facet normal 0 0 -1
    outer loop
      vertex -0.2 2 2
      vertex 0.799999 2 2
      vertex -0.157727 1.5708 2
    endloop
  endfacet
  facet normal 0 0 -1
    outer loop
      vertex 0.823057 2.23411 2
      vertex -0.157727 2.4292 2
      vertex -0.0325346 2.8419 2
    endloop
  endfacet
  facet normal 0 0 -1
    outer loop
      vertex 0.799999 2 2
      vertex -0.2 2 2
      vertex -0.157727 2.4292 2
    endloop
  endfacet
  facet normal 0.0980183 0.995185 -0
    outer loop
      vertex 2 -0.2 0
      vertex 1.5708 -0.157727 2
      vertex 2 -0.2 2
    endloop
  endfacet
  facet normal 0.0980183 0.995185 0
    outer loop
      vertex 1.5708 -0.157727 2
      vertex 2 -0.2 0
      vertex 1.5708 -0.157727 0
    endloop
  endfacet
  facet normal -0.290287 0.95694 0
    outer loop
      vertex 2.8419 -0.0325346 0
      vertex 2.4292 -0.157727 2
      vertex 2.8419 -0.0325346 2
    endloop
  endfacet
  facet normal -0.290287 0.95694 0
    outer loop
      vertex 2.4292 -0.157727 2
      vertex 2.8419 -0.0325346 0
      vertex 2.4292 -0.157727 0
    endloop
  endfacet
  facet normal -0.634396 -0.773008 0
    outer loop
      vertex 3.22225 3.82923 0
      vertex 3.55563 3.55563 2
      vertex 3.22225 3.82923 2
    endloop
  endfacet
  facet normal -0.634396 -0.773008 -0
    outer loop
      vertex 3.55563 3.55563 2
      vertex 3.22225 3.82923 0
      vertex 3.55563 3.55563 0
    endloop
  endfacet
  facet normal -0.471394 -0.881923 0
    outer loop
      vertex 2.8419 4.03253 0
      vertex 3.22225 3.82923 2
      vertex 2.8419 4.03253 2
    endloop
  endfacet
  facet normal -0.471394 -0.881923 -0
    outer loop
      vertex 3.22225 3.82923 2
      vertex 2.8419 4.03253 0
      vertex 3.22225 3.82923 0
    endloop
  endfacet
  facet normal 0.634393 0.77301 -0
    outer loop
      vertex 0.777745 0.170767 0
      vertex 0.444365 0.444365 2
      vertex 0.777745 0.170767 2
    endloop
  endfacet
  facet normal 0.634393 0.77301 0
    outer loop
      vertex 0.444365 0.444365 2
      vertex 0.777745 0.170767 0
      vertex 0.444365 0.444365 0
    endloop
  endfacet
  facet normal 0.77301 0.634393 0
    outer loop
      vertex 0.444365 0.444365 2
      vertex 0.170767 0.777745 0
      vertex 0.170767 0.777745 2
    endloop
  endfacet
  facet normal 0.77301 0.634393 0
    outer loop
      vertex 0.170767 0.777745 0
      vertex 0.444365 0.444365 2
      vertex 0.444365 0.444365 0
    endloop
  endfacet
  facet normal 0.95694 0.290287 0
    outer loop
      vertex -0.0325346 1.1581 2
      vertex -0.157727 1.5708 0
      vertex -0.157727 1.5708 2
    endloop
  endfacet
  facet normal 0.95694 0.290287 0
    outer loop
      vertex -0.157727 1.5708 0
      vertex -0.0325346 1.1581 2
      vertex -0.0325346 1.1581 0
    endloop
  endfacet
  facet normal -0.0980183 0.995185 0
    outer loop
      vertex 2.4292 -0.157727 0
      vertex 2 -0.2 2
      vertex 2.4292 -0.157727 2
    endloop
  endfacet
  facet normal -0.0980183 0.995185 0
    outer loop
      vertex 2 -0.2 2
      vertex 2.4292 -0.157727 0
      vertex 2 -0.2 0
    endloop
  endfacet
  facet normal 0.0980114 -0.995185 0
    outer loop
      vertex 1.5708 4.15773 0
      vertex 2 4.2 2
      vertex 1.5708 4.15773 2
    endloop
  endfacet
  facet normal 0.0980114 -0.995185 0
    outer loop
      vertex 2 4.2 2
      vertex 1.5708 4.15773 0
      vertex 2 4.2 0
    endloop
  endfacet
  facet normal 0.995185 0.0980183 0
    outer loop
      vertex -0.157727 1.5708 2
      vertex -0.2 2 0
      vertex -0.2 2 2
    endloop
  endfacet
  facet normal 0.995185 0.0980183 0
    outer loop
      vertex -0.2 2 0
      vertex -0.157727 1.5708 2
      vertex -0.157727 1.5708 0
    endloop
  endfacet
  facet normal 0.881921 -0.471397 0
    outer loop
      vertex -0.0325346 2.8419 2
      vertex 0.170767 3.22225 0
      vertex 0.170767 3.22225 2
    endloop
  endfacet
  facet normal 0.881921 -0.471397 0
    outer loop
      vertex 0.170767 3.22225 0
      vertex -0.0325346 2.8419 2
      vertex -0.0325346 2.8419 0
    endloop
  endfacet
  facet normal 0.290311 -0.956932 0
    outer loop
      vertex 79.5408 3.10865 2
      vertex 79.7659 3.17694 6.5
      vertex 79.5408 3.10865 6.5
    endloop
  endfacet
  facet normal 0.290311 -0.956932 0
    outer loop
      vertex 79.7659 3.17694 6.5
      vertex 79.5408 3.10865 2
      vertex 79.7659 3.17694 2
    endloop
  endfacet
  facet normal -0.957042 -0.289948 0
    outer loop
      vertex 81.1769 2.23411 2
      vertex 81.1087 2.45922 6.5
      vertex 81.1087 2.45922 2
    endloop
  endfacet
  facet normal -0.957042 -0.289948 0
    outer loop
      vertex 81.1087 2.45922 6.5
      vertex 81.1769 2.23411 2
      vertex 81.1769 2.23411 6.5
    endloop
  endfacet
  facet normal -0.995167 -0.0981947 0
    outer loop
      vertex 81.2 2 2
      vertex 81.1769 2.23411 6.5
      vertex 81.1769 2.23411 2
    endloop
  endfacet
  facet normal -0.995167 -0.0981947 0
    outer loop
      vertex 81.1769 2.23411 6.5
      vertex 81.2 2 2
      vertex 81.2 2 6.5
    endloop
  endfacet
  facet normal -0.881903 -0.471431 0
    outer loop
      vertex 81.1087 2.45922 2
      vertex 80.9978 2.66668 6.5
      vertex 80.9978 2.66668 2
    endloop
  endfacet
  facet normal -0.881903 -0.471431 0
    outer loop
      vertex 80.9978 2.66668 6.5
      vertex 81.1087 2.45922 2
      vertex 81.1087 2.45922 6.5
    endloop
  endfacet
  facet normal -0.098022 0.995184 0
    outer loop
      vertex 80.2341 0.823057 2
      vertex 80 0.799999 6.5
      vertex 80.2341 0.823057 6.5
    endloop
  endfacet
  facet normal -0.098022 0.995184 0
    outer loop
      vertex 80 0.799999 6.5
      vertex 80.2341 0.823057 2
      vertex 80 0.799999 2
    endloop
  endfacet
  facet normal -0.290311 -0.956932 0
    outer loop
      vertex 80.2341 3.17694 2
      vertex 80.4592 3.10865 6.5
      vertex 80.2341 3.17694 6.5
    endloop
  endfacet
  facet normal -0.290311 -0.956932 -0
    outer loop
      vertex 80.4592 3.10865 6.5
      vertex 80.2341 3.17694 2
      vertex 80.4592 3.10865 2
    endloop
  endfacet
  facet normal 0.0980305 -0.995183 0
    outer loop
      vertex 79.7659 3.17694 2
      vertex 80 3.2 6.5
      vertex 79.7659 3.17694 6.5
    endloop
  endfacet
  facet normal 0.0980305 -0.995183 0
    outer loop
      vertex 80 3.2 6.5
      vertex 79.7659 3.17694 2
      vertex 80 3.2 2
    endloop
  endfacet
  facet normal -0.995167 0.0981947 0
    outer loop
      vertex 81.1769 1.76589 2
      vertex 81.2 2 6.5
      vertex 81.2 2 2
    endloop
  endfacet
  facet normal -0.995167 0.0981947 0
    outer loop
      vertex 81.2 2 6.5
      vertex 81.1769 1.76589 2
      vertex 81.1769 1.76589 6.5
    endloop
  endfacet
  facet normal 0.957042 -0.289948 0
    outer loop
      vertex 78.8231 2.23411 6.5
      vertex 78.8913 2.45922 2
      vertex 78.8913 2.45922 6.5
    endloop
  endfacet
  facet normal 0.957042 -0.289948 0
    outer loop
      vertex 78.8913 2.45922 2
      vertex 78.8231 2.23411 6.5
      vertex 78.8231 2.23411 2
    endloop
  endfacet
  facet normal 0.957042 0.289948 0
    outer loop
      vertex 78.8913 1.54078 6.5
      vertex 78.8231 1.76589 2
      vertex 78.8231 1.76589 6.5
    endloop
  endfacet
  facet normal 0.957042 0.289948 0
    outer loop
      vertex 78.8231 1.76589 2
      vertex 78.8913 1.54078 6.5
      vertex 78.8913 1.54078 2
    endloop
  endfacet
  facet normal -0.471347 0.881948 0
    outer loop
      vertex 80.6667 1.00224 2
      vertex 80.4592 0.891344 6.5
      vertex 80.6667 1.00224 6.5
    endloop
  endfacet
  facet normal -0.471347 0.881948 0
    outer loop
      vertex 80.4592 0.891344 6.5
      vertex 80.6667 1.00224 2
      vertex 80.4592 0.891344 2
    endloop
  endfacet
  facet normal 0.772886 -0.634545 0
    outer loop
      vertex 79.0022 2.66668 6.5
      vertex 79.1515 2.84853 2
      vertex 79.1515 2.84853 6.5
    endloop
  endfacet
  facet normal 0.772886 -0.634545 0
    outer loop
      vertex 79.1515 2.84853 2
      vertex 79.0022 2.66668 6.5
      vertex 79.0022 2.66668 2
    endloop
  endfacet
  facet normal -0.881912 0.471413 0
    outer loop
      vertex 80.9978 1.33331 2
      vertex 81.1087 1.54078 6.5
      vertex 81.1087 1.54078 2
    endloop
  endfacet
  facet normal -0.881912 0.471413 0
    outer loop
      vertex 81.1087 1.54078 6.5
      vertex 80.9978 1.33331 2
      vertex 80.9978 1.33331 6.5
    endloop
  endfacet
  facet normal -0.290299 0.956936 0
    outer loop
      vertex 80.4592 0.891344 2
      vertex 80.2341 0.823057 6.5
      vertex 80.4592 0.891344 6.5
    endloop
  endfacet
  facet normal -0.290299 0.956936 0
    outer loop
      vertex 80.2341 0.823057 6.5
      vertex 80.4592 0.891344 2
      vertex 80.2341 0.823057 2
    endloop
  endfacet
  facet normal -0.634471 -0.772947 0
    outer loop
      vertex 80.6667 2.99776 2
      vertex 80.8485 2.84853 6.5
      vertex 80.6667 2.99776 6.5
    endloop
  endfacet
  facet normal -0.634471 -0.772947 -0
    outer loop
      vertex 80.8485 2.84853 6.5
      vertex 80.6667 2.99776 2
      vertex 80.8485 2.84853 2
    endloop
  endfacet
  facet normal -0.634471 0.772947 0
    outer loop
      vertex 80.8485 1.15147 2
      vertex 80.6667 1.00224 6.5
      vertex 80.8485 1.15147 6.5
    endloop
  endfacet
  facet normal -0.634471 0.772947 0
    outer loop
      vertex 80.6667 1.00224 6.5
      vertex 80.8485 1.15147 2
      vertex 80.6667 1.00224 2
    endloop
  endfacet
  facet normal 0.471327 -0.881958 0
    outer loop
      vertex 79.3333 2.99776 2
      vertex 79.5408 3.10865 6.5
      vertex 79.3333 2.99776 6.5
    endloop
  endfacet
  facet normal 0.471327 -0.881958 0
    outer loop
      vertex 79.5408 3.10865 6.5
      vertex 79.3333 2.99776 2
      vertex 79.5408 3.10865 2
    endloop
  endfacet
  facet normal 0.634471 -0.772947 0
    outer loop
      vertex 79.1515 2.84853 2
      vertex 79.3333 2.99776 6.5
      vertex 79.1515 2.84853 6.5
    endloop
  endfacet
  facet normal 0.634471 -0.772947 0
    outer loop
      vertex 79.3333 2.99776 6.5
      vertex 79.1515 2.84853 2
      vertex 79.3333 2.99776 2
    endloop
  endfacet
  facet normal -0.772869 0.634565 0
    outer loop
      vertex 80.8485 1.15147 2
      vertex 80.9978 1.33331 6.5
      vertex 80.9978 1.33331 2
    endloop
  endfacet
  facet normal -0.772869 0.634565 0
    outer loop
      vertex 80.9978 1.33331 6.5
      vertex 80.8485 1.15147 2
      vertex 80.8485 1.15147 6.5
    endloop
  endfacet
  facet normal -0.0980305 -0.995183 0
    outer loop
      vertex 80 3.2 2
      vertex 80.2341 3.17694 6.5
      vertex 80 3.2 6.5
    endloop
  endfacet
  facet normal -0.0980305 -0.995183 -0
    outer loop
      vertex 80.2341 3.17694 6.5
      vertex 80 3.2 2
      vertex 80.2341 3.17694 2
    endloop
  endfacet
  facet normal 0.098022 0.995184 -0
    outer loop
      vertex 80 0.799999 2
      vertex 79.7659 0.823057 6.5
      vertex 80 0.799999 6.5
    endloop
  endfacet
  facet normal 0.098022 0.995184 0
    outer loop
      vertex 79.7659 0.823057 6.5
      vertex 80 0.799999 2
      vertex 79.7659 0.823057 2
    endloop
  endfacet
  facet normal 0.290299 0.956936 -0
    outer loop
      vertex 79.7659 0.823057 2
      vertex 79.5408 0.891344 6.5
      vertex 79.7659 0.823057 6.5
    endloop
  endfacet
  facet normal 0.290299 0.956936 0
    outer loop
      vertex 79.5408 0.891344 6.5
      vertex 79.7659 0.823057 2
      vertex 79.5408 0.891344 2
    endloop
  endfacet
  facet normal -0.957042 0.289948 0
    outer loop
      vertex 81.1087 1.54078 2
      vertex 81.1769 1.76589 6.5
      vertex 81.1769 1.76589 2
    endloop
  endfacet
  facet normal -0.957042 0.289948 0
    outer loop
      vertex 81.1769 1.76589 6.5
      vertex 81.1087 1.54078 2
      vertex 81.1087 1.54078 6.5
    endloop
  endfacet
  facet normal -0.471327 -0.881958 0
    outer loop
      vertex 80.4592 3.10865 2
      vertex 80.6667 2.99776 6.5
      vertex 80.4592 3.10865 6.5
    endloop
  endfacet
  facet normal -0.471327 -0.881958 -0
    outer loop
      vertex 80.6667 2.99776 6.5
      vertex 80.4592 3.10865 2
      vertex 80.6667 2.99776 2
    endloop
  endfacet
  facet normal 0.995167 -0.0981947 0
    outer loop
      vertex 78.8 2 6.5
      vertex 78.8231 2.23411 2
      vertex 78.8231 2.23411 6.5
    endloop
  endfacet
  facet normal 0.995167 -0.0981947 0
    outer loop
      vertex 78.8231 2.23411 2
      vertex 78.8 2 6.5
      vertex 78.8 2 2
    endloop
  endfacet
  facet normal -0.772886 -0.634545 0
    outer loop
      vertex 80.9978 2.66668 2
      vertex 80.8485 2.84853 6.5
      vertex 80.8485 2.84853 2
    endloop
  endfacet
  facet normal -0.772886 -0.634545 0
    outer loop
      vertex 80.8485 2.84853 6.5
      vertex 80.9978 2.66668 2
      vertex 80.9978 2.66668 6.5
    endloop
  endfacet
  facet normal 0.634471 0.772947 -0
    outer loop
      vertex 79.3333 1.00224 2
      vertex 79.1515 1.15147 6.5
      vertex 79.3333 1.00224 6.5
    endloop
  endfacet
  facet normal 0.634471 0.772947 0
    outer loop
      vertex 79.1515 1.15147 6.5
      vertex 79.3333 1.00224 2
      vertex 79.1515 1.15147 2
    endloop
  endfacet
  facet normal 0.772869 0.634565 0
    outer loop
      vertex 79.1515 1.15147 6.5
      vertex 79.0022 1.33331 2
      vertex 79.0022 1.33331 6.5
    endloop
  endfacet
  facet normal 0.772869 0.634565 0
    outer loop
      vertex 79.0022 1.33331 2
      vertex 79.1515 1.15147 6.5
      vertex 79.1515 1.15147 2
    endloop
  endfacet
  facet normal 0.471347 0.881948 -0
    outer loop
      vertex 79.5408 0.891344 2
      vertex 79.3333 1.00224 6.5
      vertex 79.5408 0.891344 6.5
    endloop
  endfacet
  facet normal 0.471347 0.881948 0
    outer loop
      vertex 79.3333 1.00224 6.5
      vertex 79.5408 0.891344 2
      vertex 79.3333 1.00224 2
    endloop
  endfacet
  facet normal 0.881912 0.471413 0
    outer loop
      vertex 79.0022 1.33331 6.5
      vertex 78.8913 1.54078 2
      vertex 78.8913 1.54078 6.5
    endloop
  endfacet
  facet normal 0.881912 0.471413 0
    outer loop
      vertex 78.8913 1.54078 2
      vertex 79.0022 1.33331 6.5
      vertex 79.0022 1.33331 2
    endloop
  endfacet
  facet normal 0.995167 0.0981947 0
    outer loop
      vertex 78.8231 1.76589 6.5
      vertex 78.8 2 2
      vertex 78.8 2 6.5
    endloop
  endfacet
  facet normal 0.995167 0.0981947 0
    outer loop
      vertex 78.8 2 2
      vertex 78.8231 1.76589 6.5
      vertex 78.8231 1.76589 2
    endloop
  endfacet
  facet normal 0.881903 -0.471431 0
    outer loop
      vertex 78.8913 2.45922 6.5
      vertex 79.0022 2.66668 2
      vertex 79.0022 2.66668 6.5
    endloop
  endfacet
  facet normal 0.881903 -0.471431 0
    outer loop
      vertex 79.0022 2.66668 2
      vertex 78.8913 2.45922 6.5
      vertex 78.8913 2.45922 2
    endloop
  endfacet
  facet normal 0.290303 -0.956935 0
    outer loop
      vertex 79.1581 4.03253 0
      vertex 79.5708 4.15773 2
      vertex 79.1581 4.03253 2
    endloop
  endfacet
  facet normal 0.290303 -0.956935 0
    outer loop
      vertex 79.5708 4.15773 2
      vertex 79.1581 4.03253 0
      vertex 79.5708 4.15773 0
    endloop
  endfacet
  facet normal -0.956935 -0.290303 0
    outer loop
      vertex 82.1577 2.4292 0
      vertex 82.0325 2.8419 2
      vertex 82.0325 2.8419 0
    endloop
  endfacet
  facet normal -0.956935 -0.290303 0
    outer loop
      vertex 82.0325 2.8419 2
      vertex 82.1577 2.4292 0
      vertex 82.1577 2.4292 2
    endloop
  endfacet
  facet normal -0.995179 -0.0980803 0
    outer loop
      vertex 82.2 2 0
      vertex 82.1577 2.4292 2
      vertex 82.1577 2.4292 0
    endloop
  endfacet
  facet normal -0.995179 -0.0980803 0
    outer loop
      vertex 82.1577 2.4292 2
      vertex 82.2 2 0
      vertex 82.2 2 2
    endloop
  endfacet
  facet normal -0.881923 -0.471394 0
    outer loop
      vertex 82.0325 2.8419 0
      vertex 81.8292 3.22225 2
      vertex 81.8292 3.22225 0
    endloop
  endfacet
  facet normal -0.881923 -0.471394 0
    outer loop
      vertex 81.8292 3.22225 2
      vertex 82.0325 2.8419 0
      vertex 82.0325 2.8419 2
    endloop
  endfacet
  facet normal 0 0 -1
    outer loop
      vertex 81.2 2 2
      vertex 82.2 2 2
      vertex 82.1577 1.5708 2
    endloop
  endfacet
  facet normal 0 0 -1
    outer loop
      vertex 81.1769 1.76589 2
      vertex 82.1577 1.5708 2
      vertex 82.0325 1.1581 2
    endloop
  endfacet
  facet normal 0 0 -1
    outer loop
      vertex 82.2 2 2
      vertex 81.2 2 2
      vertex 82.1577 2.4292 2
    endloop
  endfacet
  facet normal 0 0 -1
    outer loop
      vertex 81.1087 1.54078 2
      vertex 82.0325 1.1581 2
      vertex 81.8292 0.777745 2
    endloop
  endfacet
  facet normal 0 0 -1
    outer loop
      vertex 81.1769 2.23411 2
      vertex 82.1577 2.4292 2
      vertex 81.2 2 2
    endloop
  endfacet
  facet normal 0 0 -1
    outer loop
      vertex 80.9978 1.33331 2
      vertex 81.8292 0.777745 2
      vertex 81.5556 0.444365 2
    endloop
  endfacet
  facet normal -0 0 -1
    outer loop
      vertex 82.1577 2.4292 2
      vertex 81.1769 2.23411 2
      vertex 82.0325 2.8419 2
    endloop
  endfacet
  facet normal 0 0 -1
    outer loop
      vertex 80.8485 1.15147 2
      vertex 81.5556 0.444365 2
      vertex 81.2223 0.170767 2
    endloop
  endfacet
  facet normal 0 0 -1
    outer loop
      vertex 81.1087 2.45922 2
      vertex 82.0325 2.8419 2
      vertex 81.1769 2.23411 2
    endloop
  endfacet
  facet normal -0 0 -1
    outer loop
      vertex 82.0325 2.8419 2
      vertex 81.1087 2.45922 2
      vertex 81.8292 3.22225 2
    endloop
  endfacet
  facet normal 0 0 -1
    outer loop
      vertex 82.1577 1.5708 2
      vertex 81.1769 1.76589 2
      vertex 81.2 2 2
    endloop
  endfacet
  facet normal 0 0 -1
    outer loop
      vertex 82.0325 1.1581 2
      vertex 81.1087 1.54078 2
      vertex 81.1769 1.76589 2
    endloop
  endfacet
  facet normal 0 0 -1
    outer loop
      vertex 81.8292 0.777745 2
      vertex 80.9978 1.33331 2
      vertex 81.1087 1.54078 2
    endloop
  endfacet
  facet normal 0 0 -1
    outer loop
      vertex 81.5556 0.444365 2
      vertex 80.8485 1.15147 2
      vertex 80.9978 1.33331 2
    endloop
  endfacet
  facet normal 0 0 -1
    outer loop
      vertex 80.6667 1.00224 2
      vertex 81.2223 0.170767 2
      vertex 80.8419 -0.0325346 2
    endloop
  endfacet
  facet normal 0 0 -1
    outer loop
      vertex 81.2223 0.170767 2
      vertex 80.6667 1.00224 2
      vertex 80.8485 1.15147 2
    endloop
  endfacet
  facet normal 0 0 -1
    outer loop
      vertex 80.8419 -0.0325346 2
      vertex 80.4592 0.891344 2
      vertex 80.6667 1.00224 2
    endloop
  endfacet
  facet normal 0 0 -1
    outer loop
      vertex 80.4292 -0.157727 2
      vertex 80.4592 0.891344 2
      vertex 80.8419 -0.0325346 2
    endloop
  endfacet
  facet normal 0 0 -1
    outer loop
      vertex 80.4292 -0.157727 2
      vertex 80.2341 0.823057 2
      vertex 80.4592 0.891344 2
    endloop
  endfacet
  facet normal 0 0 -1
    outer loop
      vertex 80 -0.2 2
      vertex 80.2341 0.823057 2
      vertex 80.4292 -0.157727 2
    endloop
  endfacet
  facet normal 0 0 -1
    outer loop
      vertex 80 -0.2 2
      vertex 80 0.799999 2
      vertex 80.2341 0.823057 2
    endloop
  endfacet
  facet normal 0 0 -1
    outer loop
      vertex 80 -0.2 2
      vertex 79.7659 0.823057 2
      vertex 80 0.799999 2
    endloop
  endfacet
  facet normal 0 0 -1
    outer loop
      vertex 79.5708 -0.157727 2
      vertex 79.7659 0.823057 2
      vertex 80 -0.2 2
    endloop
  endfacet
  facet normal 0 0 -1
    outer loop
      vertex 79.5708 -0.157727 2
      vertex 79.5408 0.891344 2
      vertex 79.7659 0.823057 2
    endloop
  endfacet
  facet normal 0 0 -1
    outer loop
      vertex 79.1581 -0.0325346 2
      vertex 79.5408 0.891344 2
      vertex 79.5708 -0.157727 2
    endloop
  endfacet
  facet normal -0 0 -1
    outer loop
      vertex 79.5408 0.891344 2
      vertex 79.1581 -0.0325346 2
      vertex 79.3333 1.00224 2
    endloop
  endfacet
  facet normal 0 0 -1
    outer loop
      vertex 78.7777 0.170767 2
      vertex 79.3333 1.00224 2
      vertex 79.1581 -0.0325346 2
    endloop
  endfacet
  facet normal -0 0 -1
    outer loop
      vertex 79.3333 1.00224 2
      vertex 78.7777 0.170767 2
      vertex 79.1515 1.15147 2
    endloop
  endfacet
  facet normal 0 0 -1
    outer loop
      vertex 78.4444 0.444365 2
      vertex 79.1515 1.15147 2
      vertex 78.7777 0.170767 2
    endloop
  endfacet
  facet normal -0 0 -1
    outer loop
      vertex 79.1515 1.15147 2
      vertex 78.4444 0.444365 2
      vertex 79.0022 1.33331 2
    endloop
  endfacet
  facet normal -0 0 -1
    outer loop
      vertex 79.0022 1.33331 2
      vertex 78.1708 0.777745 2
      vertex 78.8913 1.54078 2
    endloop
  endfacet
  facet normal 0 0 -1
    outer loop
      vertex 78.1708 0.777745 2
      vertex 79.0022 1.33331 2
      vertex 78.4444 0.444365 2
    endloop
  endfacet
  facet normal 0 0 -1
    outer loop
      vertex 80.9978 2.66668 2
      vertex 81.8292 3.22225 2
      vertex 81.1087 2.45922 2
    endloop
  endfacet
  facet normal -0 0 -1
    outer loop
      vertex 81.8292 3.22225 2
      vertex 80.9978 2.66668 2
      vertex 81.5556 3.55563 2
    endloop
  endfacet
  facet normal 0 0 -1
    outer loop
      vertex 80.8485 2.84853 2
      vertex 81.5556 3.55563 2
      vertex 80.9978 2.66668 2
    endloop
  endfacet
  facet normal -0 0 -1
    outer loop
      vertex 81.5556 3.55563 2
      vertex 80.8485 2.84853 2
      vertex 81.2223 3.82923 2
    endloop
  endfacet
  facet normal 0 0 -1
    outer loop
      vertex 80.6667 2.99776 2
      vertex 81.2223 3.82923 2
      vertex 80.8485 2.84853 2
    endloop
  endfacet
  facet normal -0 0 -1
    outer loop
      vertex 81.2223 3.82923 2
      vertex 80.6667 2.99776 2
      vertex 80.8419 4.03253 2
    endloop
  endfacet
  facet normal 0 0 -1
    outer loop
      vertex 80.4592 3.10865 2
      vertex 80.8419 4.03253 2
      vertex 80.6667 2.99776 2
    endloop
  endfacet
  facet normal 0 0 -1
    outer loop
      vertex 80.4592 3.10865 2
      vertex 80.4292 4.15773 2
      vertex 80.8419 4.03253 2
    endloop
  endfacet
  facet normal 0 0 -1
    outer loop
      vertex 80.2341 3.17694 2
      vertex 80.4292 4.15773 2
      vertex 80.4592 3.10865 2
    endloop
  endfacet
  facet normal 0 0 -1
    outer loop
      vertex 80 3.2 2
      vertex 80.4292 4.15773 2
      vertex 80.2341 3.17694 2
    endloop
  endfacet
  facet normal 0 0 -1
    outer loop
      vertex 80 3.2 2
      vertex 80 4.2 2
      vertex 80.4292 4.15773 2
    endloop
  endfacet
  facet normal 0 0 -1
    outer loop
      vertex 79.7659 3.17694 2
      vertex 80 4.2 2
      vertex 80 3.2 2
    endloop
  endfacet
  facet normal 0 0 -1
    outer loop
      vertex 79.7659 3.17694 2
      vertex 79.5708 4.15773 2
      vertex 80 4.2 2
    endloop
  endfacet
  facet normal 0 0 -1
    outer loop
      vertex 79.5408 3.10865 2
      vertex 79.5708 4.15773 2
      vertex 79.7659 3.17694 2
    endloop
  endfacet
  facet normal 0 0 -1
    outer loop
      vertex 79.1581 4.03253 2
      vertex 79.5408 3.10865 2
      vertex 79.3333 2.99776 2
    endloop
  endfacet
  facet normal 0 0 -1
    outer loop
      vertex 79.5408 3.10865 2
      vertex 79.1581 4.03253 2
      vertex 79.5708 4.15773 2
    endloop
  endfacet
  facet normal 0 0 -1
    outer loop
      vertex 78.7777 3.82923 2
      vertex 79.3333 2.99776 2
      vertex 79.1515 2.84853 2
    endloop
  endfacet
  facet normal 0 0 -1
    outer loop
      vertex 78.4444 3.55563 2
      vertex 79.1515 2.84853 2
      vertex 79.0022 2.66668 2
    endloop
  endfacet
  facet normal 0 0 -1
    outer loop
      vertex 78.1708 3.22225 2
      vertex 79.0022 2.66668 2
      vertex 78.8913 2.45922 2
    endloop
  endfacet
  facet normal 0 0 -1
    outer loop
      vertex 77.9675 2.8419 2
      vertex 78.8913 2.45922 2
      vertex 78.8231 2.23411 2
    endloop
  endfacet
  facet normal 0 0 -1
    outer loop
      vertex 79.3333 2.99776 2
      vertex 78.7777 3.82923 2
      vertex 79.1581 4.03253 2
    endloop
  endfacet
  facet normal 0 0 -1
    outer loop
      vertex 77.8423 2.4292 2
      vertex 78.8231 2.23411 2
      vertex 78.8 2 2
    endloop
  endfacet
  facet normal 0 0 -1
    outer loop
      vertex 77.9675 1.1581 2
      vertex 78.8913 1.54078 2
      vertex 78.1708 0.777745 2
    endloop
  endfacet
  facet normal -0 0 -1
    outer loop
      vertex 78.8913 1.54078 2
      vertex 77.9675 1.1581 2
      vertex 78.8231 1.76589 2
    endloop
  endfacet
  facet normal 0 0 -1
    outer loop
      vertex 79.1515 2.84853 2
      vertex 78.4444 3.55563 2
      vertex 78.7777 3.82923 2
    endloop
  endfacet
  facet normal 0 0 -1
    outer loop
      vertex 77.8423 1.5708 2
      vertex 78.8231 1.76589 2
      vertex 77.9675 1.1581 2
    endloop
  endfacet
  facet normal 0 0 -1
    outer loop
      vertex 79.0022 2.66668 2
      vertex 78.1708 3.22225 2
      vertex 78.4444 3.55563 2
    endloop
  endfacet
  facet normal -0 0 -1
    outer loop
      vertex 78.8231 1.76589 2
      vertex 77.8423 1.5708 2
      vertex 78.8 2 2
    endloop
  endfacet
  facet normal 0 0 -1
    outer loop
      vertex 78.8913 2.45922 2
      vertex 77.9675 2.8419 2
      vertex 78.1708 3.22225 2
    endloop
  endfacet
  facet normal 0 0 -1
    outer loop
      vertex 77.8 2 2
      vertex 78.8 2 2
      vertex 77.8423 1.5708 2
    endloop
  endfacet
  facet normal 0 0 -1
    outer loop
      vertex 78.8231 2.23411 2
      vertex 77.8423 2.4292 2
      vertex 77.9675 2.8419 2
    endloop
  endfacet
  facet normal 0 0 -1
    outer loop
      vertex 78.8 2 2
      vertex 77.8 2 2
      vertex 77.8423 2.4292 2
    endloop
  endfacet
  facet normal -0.290303 -0.956935 0
    outer loop
      vertex 80.4292 4.15773 0
      vertex 80.8419 4.03253 2
      vertex 80.4292 4.15773 2
    endloop
  endfacet
  facet normal -0.290303 -0.956935 -0
    outer loop
      vertex 80.8419 4.03253 2
      vertex 80.4292 4.15773 0
      vertex 80.8419 4.03253 0
    endloop
  endfacet
  facet normal -0.881925 0.47139 0
    outer loop
      vertex 81.8292 0.777745 0
      vertex 82.0325 1.1581 2
      vertex 82.0325 1.1581 0
    endloop
  endfacet
  facet normal -0.881925 0.47139 0
    outer loop
      vertex 82.0325 1.1581 2
      vertex 81.8292 0.777745 0
      vertex 81.8292 0.777745 2
    endloop
  endfacet
  facet normal -0.995179 0.0980803 0
    outer loop
      vertex 82.1577 1.5708 0
      vertex 82.2 2 2
      vertex 82.2 2 0
    endloop
  endfacet
  facet normal -0.995179 0.0980803 0
    outer loop
      vertex 82.2 2 2
      vertex 82.1577 1.5708 0
      vertex 82.1577 1.5708 2
    endloop
  endfacet
  facet normal 0.956935 -0.290303 0
    outer loop
      vertex 77.8423 2.4292 2
      vertex 77.9675 2.8419 0
      vertex 77.9675 2.8419 2
    endloop
  endfacet
  facet normal 0.956935 -0.290303 0
    outer loop
      vertex 77.9675 2.8419 0
      vertex 77.8423 2.4292 2
      vertex 77.8423 2.4292 0
    endloop
  endfacet
  facet normal 0.956935 0.290303 0
    outer loop
      vertex 77.9675 1.1581 2
      vertex 77.8423 1.5708 0
      vertex 77.8423 1.5708 2
    endloop
  endfacet
  facet normal 0.956935 0.290303 0
    outer loop
      vertex 77.8423 1.5708 0
      vertex 77.9675 1.1581 2
      vertex 77.9675 1.1581 0
    endloop
  endfacet
  facet normal 0.0980183 0.995185 -0
    outer loop
      vertex 80 -0.2 0
      vertex 79.5708 -0.157727 2
      vertex 80 -0.2 2
    endloop
  endfacet
  facet normal 0.0980183 0.995185 0
    outer loop
      vertex 79.5708 -0.157727 2
      vertex 80 -0.2 0
      vertex 79.5708 -0.157727 0
    endloop
  endfacet
  facet normal 0.773008 -0.634396 0
    outer loop
      vertex 78.1708 3.22225 2
      vertex 78.4444 3.55563 0
      vertex 78.4444 3.55563 2
    endloop
  endfacet
  facet normal 0.773008 -0.634396 0
    outer loop
      vertex 78.4444 3.55563 0
      vertex 78.1708 3.22225 2
      vertex 78.1708 3.22225 0
    endloop
  endfacet
  facet normal -0.290287 0.95694 0
    outer loop
      vertex 80.8419 -0.0325346 0
      vertex 80.4292 -0.157727 2
      vertex 80.8419 -0.0325346 2
    endloop
  endfacet
  facet normal -0.290287 0.95694 0
    outer loop
      vertex 80.4292 -0.157727 2
      vertex 80.8419 -0.0325346 0
      vertex 80.4292 -0.157727 0
    endloop
  endfacet
  facet normal -0.956935 0.290303 0
    outer loop
      vertex 82.0325 1.1581 0
      vertex 82.1577 1.5708 2
      vertex 82.1577 1.5708 0
    endloop
  endfacet
  facet normal -0.956935 0.290303 0
    outer loop
      vertex 82.1577 1.5708 2
      vertex 82.0325 1.1581 0
      vertex 82.0325 1.1581 2
    endloop
  endfacet
  facet normal 0.290287 0.95694 -0
    outer loop
      vertex 79.5708 -0.157727 0
      vertex 79.1581 -0.0325346 2
      vertex 79.5708 -0.157727 2
    endloop
  endfacet
  facet normal 0.290287 0.95694 0
    outer loop
      vertex 79.1581 -0.0325346 2
      vertex 79.5708 -0.157727 0
      vertex 79.1581 -0.0325346 0
    endloop
  endfacet
  facet normal -0.634487 -0.772933 0
    outer loop
      vertex 81.2223 3.82923 0
      vertex 81.5556 3.55563 2
      vertex 81.2223 3.82923 2
    endloop
  endfacet
  facet normal -0.634487 -0.772933 -0
    outer loop
      vertex 81.5556 3.55563 2
      vertex 81.2223 3.82923 0
      vertex 81.5556 3.55563 0
    endloop
  endfacet
  facet normal -0.634484 0.772936 0
    outer loop
      vertex 81.5556 0.444365 0
      vertex 81.2223 0.170767 2
      vertex 81.5556 0.444365 2
    endloop
  endfacet
  facet normal -0.634484 0.772936 0
    outer loop
      vertex 81.2223 0.170767 2
      vertex 81.5556 0.444365 0
      vertex 81.2223 0.170767 0
    endloop
  endfacet
  facet normal -0.0980114 -0.995185 0
    outer loop
      vertex 80 4.2 0
      vertex 80.4292 4.15773 2
      vertex 80 4.2 2
    endloop
  endfacet
  facet normal -0.0980114 -0.995185 -0
    outer loop
      vertex 80.4292 4.15773 2
      vertex 80 4.2 0
      vertex 80.4292 4.15773 0
    endloop
  endfacet
  facet normal -0.773008 0.634396 0
    outer loop
      vertex 81.5556 0.444365 0
      vertex 81.8292 0.777745 2
      vertex 81.8292 0.777745 0
    endloop
  endfacet
  facet normal -0.773008 0.634396 0
    outer loop
      vertex 81.8292 0.777745 2
      vertex 81.5556 0.444365 0
      vertex 81.5556 0.444365 2
    endloop
  endfacet
  facet normal 0.471346 -0.881948 0
    outer loop
      vertex 78.7777 3.82923 0
      vertex 79.1581 4.03253 2
      vertex 78.7777 3.82923 2
    endloop
  endfacet
  facet normal 0.471346 -0.881948 0
    outer loop
      vertex 79.1581 4.03253 2
      vertex 78.7777 3.82923 0
      vertex 79.1581 4.03253 0
    endloop
  endfacet
  facet normal 0.634487 -0.772933 0
    outer loop
      vertex 78.4444 3.55563 0
      vertex 78.7777 3.82923 2
      vertex 78.4444 3.55563 2
    endloop
  endfacet
  facet normal 0.634487 -0.772933 0
    outer loop
      vertex 78.7777 3.82923 2
      vertex 78.4444 3.55563 0
      vertex 78.7777 3.82923 0
    endloop
  endfacet
  facet normal -0.471346 -0.881948 0
    outer loop
      vertex 80.8419 4.03253 0
      vertex 81.2223 3.82923 2
      vertex 80.8419 4.03253 2
    endloop
  endfacet
  facet normal -0.471346 -0.881948 -0
    outer loop
      vertex 81.2223 3.82923 2
      vertex 80.8419 4.03253 0
      vertex 81.2223 3.82923 0
    endloop
  endfacet
  facet normal 0.773008 0.634396 0
    outer loop
      vertex 78.4444 0.444365 2
      vertex 78.1708 0.777745 0
      vertex 78.1708 0.777745 2
    endloop
  endfacet
  facet normal 0.773008 0.634396 0
    outer loop
      vertex 78.1708 0.777745 0
      vertex 78.4444 0.444365 2
      vertex 78.4444 0.444365 0
    endloop
  endfacet
  facet normal 0.995179 -0.0980803 0
    outer loop
      vertex 77.8 2 2
      vertex 77.8423 2.4292 0
      vertex 77.8423 2.4292 2
    endloop
  endfacet
  facet normal 0.995179 -0.0980803 0
    outer loop
      vertex 77.8423 2.4292 0
      vertex 77.8 2 2
      vertex 77.8 2 0
    endloop
  endfacet
  facet normal -0.0980183 0.995185 0
    outer loop
      vertex 80.4292 -0.157727 0
      vertex 80 -0.2 2
      vertex 80.4292 -0.157727 2
    endloop
  endfacet
  facet normal -0.0980183 0.995185 0
    outer loop
      vertex 80 -0.2 2
      vertex 80.4292 -0.157727 0
      vertex 80 -0.2 0
    endloop
  endfacet
  facet normal -0.773008 -0.634396 0
    outer loop
      vertex 81.8292 3.22225 0
      vertex 81.5556 3.55563 2
      vertex 81.5556 3.55563 0
    endloop
  endfacet
  facet normal -0.773008 -0.634396 0
    outer loop
      vertex 81.5556 3.55563 2
      vertex 81.8292 3.22225 0
      vertex 81.8292 3.22225 2
    endloop
  endfacet
  facet normal 0.634484 0.772936 -0
    outer loop
      vertex 78.7777 0.170767 0
      vertex 78.4444 0.444365 2
      vertex 78.7777 0.170767 2
    endloop
  endfacet
  facet normal 0.634484 0.772936 0
    outer loop
      vertex 78.4444 0.444365 2
      vertex 78.7777 0.170767 0
      vertex 78.4444 0.444365 0
    endloop
  endfacet
  facet normal 0.471349 0.881947 -0
    outer loop
      vertex 79.1581 -0.0325346 0
      vertex 78.7777 0.170767 2
      vertex 79.1581 -0.0325346 2
    endloop
  endfacet
  facet normal 0.471349 0.881947 0
    outer loop
      vertex 78.7777 0.170767 2
      vertex 79.1581 -0.0325346 0
      vertex 78.7777 0.170767 0
    endloop
  endfacet
  facet normal 0.881925 0.47139 0
    outer loop
      vertex 78.1708 0.777745 2
      vertex 77.9675 1.1581 0
      vertex 77.9675 1.1581 2
    endloop
  endfacet
  facet normal 0.881925 0.47139 0
    outer loop
      vertex 77.9675 1.1581 0
      vertex 78.1708 0.777745 2
      vertex 78.1708 0.777745 0
    endloop
  endfacet
  facet normal -0.471349 0.881947 0
    outer loop
      vertex 81.2223 0.170767 0
      vertex 80.8419 -0.0325346 2
      vertex 81.2223 0.170767 2
    endloop
  endfacet
  facet normal -0.471349 0.881947 0
    outer loop
      vertex 80.8419 -0.0325346 2
      vertex 81.2223 0.170767 0
      vertex 80.8419 -0.0325346 0
    endloop
  endfacet
  facet normal 0.0980114 -0.995185 0
    outer loop
      vertex 79.5708 4.15773 0
      vertex 80 4.2 2
      vertex 79.5708 4.15773 2
    endloop
  endfacet
  facet normal 0.0980114 -0.995185 0
    outer loop
      vertex 80 4.2 2
      vertex 79.5708 4.15773 0
      vertex 80 4.2 0
    endloop
  endfacet
  facet normal 0.995179 0.0980803 0
    outer loop
      vertex 77.8423 1.5708 2
      vertex 77.8 2 0
      vertex 77.8 2 2
    endloop
  endfacet
  facet normal 0.995179 0.0980803 0
    outer loop
      vertex 77.8 2 0
      vertex 77.8423 1.5708 2
      vertex 77.8423 1.5708 0
    endloop
  endfacet
  facet normal 0.881923 -0.471394 0
    outer loop
      vertex 77.9675 2.8419 2
      vertex 78.1708 3.22225 0
      vertex 78.1708 3.22225 2
    endloop
  endfacet
  facet normal 0.881923 -0.471394 0
    outer loop
      vertex 78.1708 3.22225 0
      vertex 77.9675 2.8419 2
      vertex 77.9675 2.8419 0
    endloop
  endfacet
  facet normal 0.28996 -0.957039 0
    outer loop
      vertex 79.5408 62.1087 2
      vertex 79.7659 62.1769 6.5
      vertex 79.5408 62.1087 6.5
    endloop
  endfacet
  facet normal 0.28996 -0.957039 0
    outer loop
      vertex 79.7659 62.1769 6.5
      vertex 79.5408 62.1087 2
      vertex 79.7659 62.1769 2
    endloop
  endfacet
  facet normal -0.957039 -0.28996 0
    outer loop
      vertex 81.1769 61.2341 2
      vertex 81.1087 61.4592 6.5
      vertex 81.1087 61.4592 2
    endloop
  endfacet
  facet normal -0.957039 -0.28996 0
    outer loop
      vertex 81.1087 61.4592 6.5
      vertex 81.1769 61.2341 2
      vertex 81.1769 61.2341 6.5
    endloop
  endfacet
  facet normal -0.995167 -0.0981989 0
    outer loop
      vertex 81.2 61 2
      vertex 81.1769 61.2341 6.5
      vertex 81.1769 61.2341 2
    endloop
  endfacet
  facet normal -0.995167 -0.0981989 0
    outer loop
      vertex 81.1769 61.2341 6.5
      vertex 81.2 61 2
      vertex 81.2 61 6.5
    endloop
  endfacet
  facet normal -0.881941 -0.47136 0
    outer loop
      vertex 81.1087 61.4592 2
      vertex 80.9978 61.6667 6.5
      vertex 80.9978 61.6667 2
    endloop
  endfacet
  facet normal -0.881941 -0.47136 0
    outer loop
      vertex 80.9978 61.6667 6.5
      vertex 81.1087 61.4592 2
      vertex 81.1087 61.4592 6.5
    endloop
  endfacet
  facet normal -0.0981989 0.995167 0
    outer loop
      vertex 80.2341 59.8231 2
      vertex 80 59.8 6.5
      vertex 80.2341 59.8231 6.5
    endloop
  endfacet
  facet normal -0.0981989 0.995167 0
    outer loop
      vertex 80 59.8 6.5
      vertex 80.2341 59.8231 2
      vertex 80 59.8 2
    endloop
  endfacet
  facet normal -0.28996 -0.957039 0
    outer loop
      vertex 80.2341 62.1769 2
      vertex 80.4592 62.1087 6.5
      vertex 80.2341 62.1769 6.5
    endloop
  endfacet
  facet normal -0.28996 -0.957039 -0
    outer loop
      vertex 80.4592 62.1087 6.5
      vertex 80.2341 62.1769 2
      vertex 80.4592 62.1087 2
    endloop
  endfacet
  facet normal 0.0981989 -0.995167 0
    outer loop
      vertex 79.7659 62.1769 2
      vertex 80 62.2 6.5
      vertex 79.7659 62.1769 6.5
    endloop
  endfacet
  facet normal 0.0981989 -0.995167 0
    outer loop
      vertex 80 62.2 6.5
      vertex 79.7659 62.1769 2
      vertex 80 62.2 2
    endloop
  endfacet
  facet normal -0.995167 0.0981989 0
    outer loop
      vertex 81.1769 60.7659 2
      vertex 81.2 61 6.5
      vertex 81.2 61 2
    endloop
  endfacet
  facet normal -0.995167 0.0981989 0
    outer loop
      vertex 81.2 61 6.5
      vertex 81.1769 60.7659 2
      vertex 81.1769 60.7659 6.5
    endloop
  endfacet
  facet normal 0.957039 -0.28996 0
    outer loop
      vertex 78.8231 61.2341 6.5
      vertex 78.8913 61.4592 2
      vertex 78.8913 61.4592 6.5
    endloop
  endfacet
  facet normal 0.957039 -0.28996 0
    outer loop
      vertex 78.8913 61.4592 2
      vertex 78.8231 61.2341 6.5
      vertex 78.8231 61.2341 2
    endloop
  endfacet
  facet normal 0.957039 0.28996 0
    outer loop
      vertex 78.8913 60.5408 6.5
      vertex 78.8231 60.7659 2
      vertex 78.8231 60.7659 6.5
    endloop
  endfacet
  facet normal 0.957039 0.28996 0
    outer loop
      vertex 78.8231 60.7659 2
      vertex 78.8913 60.5408 6.5
      vertex 78.8913 60.5408 2
    endloop
  endfacet
  facet normal -0.47136 0.881941 0
    outer loop
      vertex 80.6667 60.0022 2
      vertex 80.4592 59.8913 6.5
      vertex 80.6667 60.0022 6.5
    endloop
  endfacet
  facet normal -0.47136 0.881941 0
    outer loop
      vertex 80.4592 59.8913 6.5
      vertex 80.6667 60.0022 2
      vertex 80.4592 59.8913 2
    endloop
  endfacet
  facet normal 0.772801 -0.634649 0
    outer loop
      vertex 79.0022 61.6667 6.5
      vertex 79.1515 61.8485 2
      vertex 79.1515 61.8485 6.5
    endloop
  endfacet
  facet normal 0.772801 -0.634649 0
    outer loop
      vertex 79.1515 61.8485 2
      vertex 79.0022 61.6667 6.5
      vertex 79.0022 61.6667 2
    endloop
  endfacet
  facet normal -0.957039 0.28996 0
    outer loop
      vertex 81.1087 60.5408 2
      vertex 81.1769 60.7659 6.5
      vertex 81.1769 60.7659 2
    endloop
  endfacet
  facet normal -0.957039 0.28996 0
    outer loop
      vertex 81.1769 60.7659 6.5
      vertex 81.1087 60.5408 2
      vertex 81.1087 60.5408 6.5
    endloop
  endfacet
  facet normal -0.881941 0.47136 0
    outer loop
      vertex 80.9978 60.3333 2
      vertex 81.1087 60.5408 6.5
      vertex 81.1087 60.5408 2
    endloop
  endfacet
  facet normal -0.881941 0.47136 0
    outer loop
      vertex 81.1087 60.5408 6.5
      vertex 80.9978 60.3333 2
      vertex 80.9978 60.3333 6.5
    endloop
  endfacet
  facet normal -0.28996 0.957039 0
    outer loop
      vertex 80.4592 59.8913 2
      vertex 80.2341 59.8231 6.5
      vertex 80.4592 59.8913 6.5
    endloop
  endfacet
  facet normal -0.28996 0.957039 0
    outer loop
      vertex 80.2341 59.8231 6.5
      vertex 80.4592 59.8913 2
      vertex 80.2341 59.8231 2
    endloop
  endfacet
  facet normal -0.634649 -0.772801 0
    outer loop
      vertex 80.6667 61.9978 2
      vertex 80.8485 61.8485 6.5
      vertex 80.6667 61.9978 6.5
    endloop
  endfacet
  facet normal -0.634649 -0.772801 -0
    outer loop
      vertex 80.8485 61.8485 6.5
      vertex 80.6667 61.9978 2
      vertex 80.8485 61.8485 2
    endloop
  endfacet
  facet normal -0.634649 0.772801 0
    outer loop
      vertex 80.8485 60.1515 2
      vertex 80.6667 60.0022 6.5
      vertex 80.8485 60.1515 6.5
    endloop
  endfacet
  facet normal -0.634649 0.772801 0
    outer loop
      vertex 80.6667 60.0022 6.5
      vertex 80.8485 60.1515 2
      vertex 80.6667 60.0022 2
    endloop
  endfacet
  facet normal 0.47136 -0.881941 0
    outer loop
      vertex 79.3333 61.9978 2
      vertex 79.5408 62.1087 6.5
      vertex 79.3333 61.9978 6.5
    endloop
  endfacet
  facet normal 0.47136 -0.881941 0
    outer loop
      vertex 79.5408 62.1087 6.5
      vertex 79.3333 61.9978 2
      vertex 79.5408 62.1087 2
    endloop
  endfacet
  facet normal 0.881941 0.47136 0
    outer loop
      vertex 79.0022 60.3333 6.5
      vertex 78.8913 60.5408 2
      vertex 78.8913 60.5408 6.5
    endloop
  endfacet
  facet normal 0.881941 0.47136 0
    outer loop
      vertex 78.8913 60.5408 2
      vertex 79.0022 60.3333 6.5
      vertex 79.0022 60.3333 2
    endloop
  endfacet
  facet normal 0.634649 -0.772801 0
    outer loop
      vertex 79.1515 61.8485 2
      vertex 79.3333 61.9978 6.5
      vertex 79.1515 61.8485 6.5
    endloop
  endfacet
  facet normal 0.634649 -0.772801 0
    outer loop
      vertex 79.3333 61.9978 6.5
      vertex 79.1515 61.8485 2
      vertex 79.3333 61.9978 2
    endloop
  endfacet
  facet normal -0.772801 0.634649 0
    outer loop
      vertex 80.8485 60.1515 2
      vertex 80.9978 60.3333 6.5
      vertex 80.9978 60.3333 2
    endloop
  endfacet
  facet normal -0.772801 0.634649 0
    outer loop
      vertex 80.9978 60.3333 6.5
      vertex 80.8485 60.1515 2
      vertex 80.8485 60.1515 6.5
    endloop
  endfacet
  facet normal -0.0981989 -0.995167 0
    outer loop
      vertex 80 62.2 2
      vertex 80.2341 62.1769 6.5
      vertex 80 62.2 6.5
    endloop
  endfacet
  facet normal -0.0981989 -0.995167 -0
    outer loop
      vertex 80.2341 62.1769 6.5
      vertex 80 62.2 2
      vertex 80.2341 62.1769 2
    endloop
  endfacet
  facet normal 0.0981989 0.995167 -0
    outer loop
      vertex 80 59.8 2
      vertex 79.7659 59.8231 6.5
      vertex 80 59.8 6.5
    endloop
  endfacet
  facet normal 0.0981989 0.995167 0
    outer loop
      vertex 79.7659 59.8231 6.5
      vertex 80 59.8 2
      vertex 79.7659 59.8231 2
    endloop
  endfacet
  facet normal -0.47136 -0.881941 0
    outer loop
      vertex 80.4592 62.1087 2
      vertex 80.6667 61.9978 6.5
      vertex 80.4592 62.1087 6.5
    endloop
  endfacet
  facet normal -0.47136 -0.881941 -0
    outer loop
      vertex 80.6667 61.9978 6.5
      vertex 80.4592 62.1087 2
      vertex 80.6667 61.9978 2
    endloop
  endfacet
  facet normal 0.995167 -0.0981989 0
    outer loop
      vertex 78.8 61 6.5
      vertex 78.8231 61.2341 2
      vertex 78.8231 61.2341 6.5
    endloop
  endfacet
  facet normal 0.995167 -0.0981989 0
    outer loop
      vertex 78.8231 61.2341 2
      vertex 78.8 61 6.5
      vertex 78.8 61 2
    endloop
  endfacet
  facet normal -0.772801 -0.634649 0
    outer loop
      vertex 80.9978 61.6667 2
      vertex 80.8485 61.8485 6.5
      vertex 80.8485 61.8485 2
    endloop
  endfacet
  facet normal -0.772801 -0.634649 0
    outer loop
      vertex 80.8485 61.8485 6.5
      vertex 80.9978 61.6667 2
      vertex 80.9978 61.6667 6.5
    endloop
  endfacet
  facet normal 0.634649 0.772801 -0
    outer loop
      vertex 79.3333 60.0022 2
      vertex 79.1515 60.1515 6.5
      vertex 79.3333 60.0022 6.5
    endloop
  endfacet
  facet normal 0.634649 0.772801 0
    outer loop
      vertex 79.1515 60.1515 6.5
      vertex 79.3333 60.0022 2
      vertex 79.1515 60.1515 2
    endloop
  endfacet
  facet normal 0.772801 0.634649 0
    outer loop
      vertex 79.1515 60.1515 6.5
      vertex 79.0022 60.3333 2
      vertex 79.0022 60.3333 6.5
    endloop
  endfacet
  facet normal 0.772801 0.634649 0
    outer loop
      vertex 79.0022 60.3333 2
      vertex 79.1515 60.1515 6.5
      vertex 79.1515 60.1515 2
    endloop
  endfacet
  facet normal 0.47136 0.881941 -0
    outer loop
      vertex 79.5408 59.8913 2
      vertex 79.3333 60.0022 6.5
      vertex 79.5408 59.8913 6.5
    endloop
  endfacet
  facet normal 0.47136 0.881941 0
    outer loop
      vertex 79.3333 60.0022 6.5
      vertex 79.5408 59.8913 2
      vertex 79.3333 60.0022 2
    endloop
  endfacet
  facet normal 0.28996 0.957039 -0
    outer loop
      vertex 79.7659 59.8231 2
      vertex 79.5408 59.8913 6.5
      vertex 79.7659 59.8231 6.5
    endloop
  endfacet
  facet normal 0.28996 0.957039 0
    outer loop
      vertex 79.5408 59.8913 6.5
      vertex 79.7659 59.8231 2
      vertex 79.5408 59.8913 2
    endloop
  endfacet
  facet normal 0.995167 0.0981989 0
    outer loop
      vertex 78.8231 60.7659 6.5
      vertex 78.8 61 2
      vertex 78.8 61 6.5
    endloop
  endfacet
  facet normal 0.995167 0.0981989 0
    outer loop
      vertex 78.8 61 2
      vertex 78.8231 60.7659 6.5
      vertex 78.8231 60.7659 2
    endloop
  endfacet
  facet normal 0.881941 -0.47136 0
    outer loop
      vertex 78.8913 61.4592 6.5
      vertex 79.0022 61.6667 2
      vertex 79.0022 61.6667 6.5
    endloop
  endfacet
  facet normal 0.881941 -0.47136 0
    outer loop
      vertex 79.0022 61.6667 2
      vertex 78.8913 61.4592 6.5
      vertex 78.8913 61.4592 2
    endloop
  endfacet
  facet normal 0.290303 -0.956935 0
    outer loop
      vertex 79.1581 63.0325 0
      vertex 79.5708 63.1577 2
      vertex 79.1581 63.0325 2
    endloop
  endfacet
  facet normal 0.290303 -0.956935 0
    outer loop
      vertex 79.5708 63.1577 2
      vertex 79.1581 63.0325 0
      vertex 79.5708 63.1577 0
    endloop
  endfacet
  facet normal -0.956935 -0.290303 0
    outer loop
      vertex 82.1577 61.4292 0
      vertex 82.0325 61.8419 2
      vertex 82.0325 61.8419 0
    endloop
  endfacet
  facet normal -0.956935 -0.290303 0
    outer loop
      vertex 82.0325 61.8419 2
      vertex 82.1577 61.4292 0
      vertex 82.1577 61.4292 2
    endloop
  endfacet
  facet normal -0.995179 -0.0980803 0
    outer loop
      vertex 82.2 61 0
      vertex 82.1577 61.4292 2
      vertex 82.1577 61.4292 0
    endloop
  endfacet
  facet normal -0.995179 -0.0980803 0
    outer loop
      vertex 82.1577 61.4292 2
      vertex 82.2 61 0
      vertex 82.2 61 2
    endloop
  endfacet
  facet normal -0.881948 -0.471346 0
    outer loop
      vertex 82.0325 61.8419 0
      vertex 81.8292 62.2223 2
      vertex 81.8292 62.2223 0
    endloop
  endfacet
  facet normal -0.881948 -0.471346 0
    outer loop
      vertex 81.8292 62.2223 2
      vertex 82.0325 61.8419 0
      vertex 82.0325 61.8419 2
    endloop
  endfacet
  facet normal -0.0980803 0.995179 0
    outer loop
      vertex 80.4292 58.8423 0
      vertex 80 58.8 2
      vertex 80.4292 58.8423 2
    endloop
  endfacet
  facet normal -0.0980803 0.995179 0
    outer loop
      vertex 80 58.8 2
      vertex 80.4292 58.8423 0
      vertex 80 58.8 0
    endloop
  endfacet
  facet normal -0.290303 -0.956935 0
    outer loop
      vertex 80.4292 63.1577 0
      vertex 80.8419 63.0325 2
      vertex 80.4292 63.1577 2
    endloop
  endfacet
  facet normal -0.290303 -0.956935 -0
    outer loop
      vertex 80.8419 63.0325 2
      vertex 80.4292 63.1577 0
      vertex 80.8419 63.0325 0
    endloop
  endfacet
  facet normal 0.0980803 -0.995179 0
    outer loop
      vertex 79.5708 63.1577 0
      vertex 80 63.2 2
      vertex 79.5708 63.1577 2
    endloop
  endfacet
  facet normal 0.0980803 -0.995179 0
    outer loop
      vertex 80 63.2 2
      vertex 79.5708 63.1577 0
      vertex 80 63.2 0
    endloop
  endfacet
  facet normal -0.995179 0.0980803 0
    outer loop
      vertex 82.1577 60.5708 0
      vertex 82.2 61 2
      vertex 82.2 61 0
    endloop
  endfacet
  facet normal -0.995179 0.0980803 0
    outer loop
      vertex 82.2 61 2
      vertex 82.1577 60.5708 0
      vertex 82.1577 60.5708 2
    endloop
  endfacet
  facet normal 0.956935 -0.290303 0
    outer loop
      vertex 77.8423 61.4292 2
      vertex 77.9675 61.8419 0
      vertex 77.9675 61.8419 2
    endloop
  endfacet
  facet normal 0.956935 -0.290303 0
    outer loop
      vertex 77.9675 61.8419 0
      vertex 77.8423 61.4292 2
      vertex 77.8423 61.4292 0
    endloop
  endfacet
  facet normal 0 0 -1
    outer loop
      vertex 81.2 61 2
      vertex 82.2 61 2
      vertex 82.1577 60.5708 2
    endloop
  endfacet
  facet normal 0 0 -1
    outer loop
      vertex 81.1769 60.7659 2
      vertex 82.1577 60.5708 2
      vertex 82.0325 60.1581 2
    endloop
  endfacet
  facet normal 0 0 -1
    outer loop
      vertex 82.2 61 2
      vertex 81.2 61 2
      vertex 82.1577 61.4292 2
    endloop
  endfacet
  facet normal 0 0 -1
    outer loop
      vertex 81.1087 60.5408 2
      vertex 82.0325 60.1581 2
      vertex 81.8292 59.7777 2
    endloop
  endfacet
  facet normal 0 0 -1
    outer loop
      vertex 81.1769 61.2341 2
      vertex 82.1577 61.4292 2
      vertex 81.2 61 2
    endloop
  endfacet
  facet normal 0 0 -1
    outer loop
      vertex 80.9978 60.3333 2
      vertex 81.8292 59.7777 2
      vertex 81.5556 59.4444 2
    endloop
  endfacet
  facet normal -0 0 -1
    outer loop
      vertex 82.1577 61.4292 2
      vertex 81.1769 61.2341 2
      vertex 82.0325 61.8419 2
    endloop
  endfacet
  facet normal 0 0 -1
    outer loop
      vertex 80.8485 60.1515 2
      vertex 81.5556 59.4444 2
      vertex 81.2223 59.1708 2
    endloop
  endfacet
  facet normal 0 0 -1
    outer loop
      vertex 81.1087 61.4592 2
      vertex 82.0325 61.8419 2
      vertex 81.1769 61.2341 2
    endloop
  endfacet
  facet normal -0 0 -1
    outer loop
      vertex 82.0325 61.8419 2
      vertex 81.1087 61.4592 2
      vertex 81.8292 62.2223 2
    endloop
  endfacet
  facet normal 0 0 -1
    outer loop
      vertex 82.1577 60.5708 2
      vertex 81.1769 60.7659 2
      vertex 81.2 61 2
    endloop
  endfacet
  facet normal 0 0 -1
    outer loop
      vertex 82.0325 60.1581 2
      vertex 81.1087 60.5408 2
      vertex 81.1769 60.7659 2
    endloop
  endfacet
  facet normal 0 0 -1
    outer loop
      vertex 81.8292 59.7777 2
      vertex 80.9978 60.3333 2
      vertex 81.1087 60.5408 2
    endloop
  endfacet
  facet normal 0 0 -1
    outer loop
      vertex 81.5556 59.4444 2
      vertex 80.8485 60.1515 2
      vertex 80.9978 60.3333 2
    endloop
  endfacet
  facet normal 0 0 -1
    outer loop
      vertex 80.6667 60.0022 2
      vertex 81.2223 59.1708 2
      vertex 80.8419 58.9675 2
    endloop
  endfacet
  facet normal 0 0 -1
    outer loop
      vertex 81.2223 59.1708 2
      vertex 80.6667 60.0022 2
      vertex 80.8485 60.1515 2
    endloop
  endfacet
  facet normal 0 0 -1
    outer loop
      vertex 80.8419 58.9675 2
      vertex 80.4592 59.8913 2
      vertex 80.6667 60.0022 2
    endloop
  endfacet
  facet normal 0 0 -1
    outer loop
      vertex 80.4292 58.8423 2
      vertex 80.4592 59.8913 2
      vertex 80.8419 58.9675 2
    endloop
  endfacet
  facet normal 0 0 -1
    outer loop
      vertex 80.4292 58.8423 2
      vertex 80.2341 59.8231 2
      vertex 80.4592 59.8913 2
    endloop
  endfacet
  facet normal 0 0 -1
    outer loop
      vertex 80 58.8 2
      vertex 80.2341 59.8231 2
      vertex 80.4292 58.8423 2
    endloop
  endfacet
  facet normal 0 0 -1
    outer loop
      vertex 80 58.8 2
      vertex 80 59.8 2
      vertex 80.2341 59.8231 2
    endloop
  endfacet
  facet normal 0 0 -1
    outer loop
      vertex 80 58.8 2
      vertex 79.7659 59.8231 2
      vertex 80 59.8 2
    endloop
  endfacet
  facet normal 0 0 -1
    outer loop
      vertex 79.5708 58.8423 2
      vertex 79.7659 59.8231 2
      vertex 80 58.8 2
    endloop
  endfacet
  facet normal 0 0 -1
    outer loop
      vertex 79.5708 58.8423 2
      vertex 79.5408 59.8913 2
      vertex 79.7659 59.8231 2
    endloop
  endfacet
  facet normal 0 0 -1
    outer loop
      vertex 79.1581 58.9675 2
      vertex 79.5408 59.8913 2
      vertex 79.5708 58.8423 2
    endloop
  endfacet
  facet normal -0 0 -1
    outer loop
      vertex 79.5408 59.8913 2
      vertex 79.1581 58.9675 2
      vertex 79.3333 60.0022 2
    endloop
  endfacet
  facet normal 0 0 -1
    outer loop
      vertex 78.7777 59.1708 2
      vertex 79.3333 60.0022 2
      vertex 79.1581 58.9675 2
    endloop
  endfacet
  facet normal -0 0 -1
    outer loop
      vertex 79.3333 60.0022 2
      vertex 78.7777 59.1708 2
      vertex 79.1515 60.1515 2
    endloop
  endfacet
  facet normal 0 0 -1
    outer loop
      vertex 78.4444 59.4444 2
      vertex 79.1515 60.1515 2
      vertex 78.7777 59.1708 2
    endloop
  endfacet
  facet normal -0 0 -1
    outer loop
      vertex 79.1515 60.1515 2
      vertex 78.4444 59.4444 2
      vertex 79.0022 60.3333 2
    endloop
  endfacet
  facet normal -0 0 -1
    outer loop
      vertex 79.0022 60.3333 2
      vertex 78.1708 59.7777 2
      vertex 78.8913 60.5408 2
    endloop
  endfacet
  facet normal 0 0 -1
    outer loop
      vertex 78.1708 59.7777 2
      vertex 79.0022 60.3333 2
      vertex 78.4444 59.4444 2
    endloop
  endfacet
  facet normal 0 0 -1
    outer loop
      vertex 80.9978 61.6667 2
      vertex 81.8292 62.2223 2
      vertex 81.1087 61.4592 2
    endloop
  endfacet
  facet normal -0 0 -1
    outer loop
      vertex 81.8292 62.2223 2
      vertex 80.9978 61.6667 2
      vertex 81.5556 62.5556 2
    endloop
  endfacet
  facet normal 0 0 -1
    outer loop
      vertex 80.8485 61.8485 2
      vertex 81.5556 62.5556 2
      vertex 80.9978 61.6667 2
    endloop
  endfacet
  facet normal -0 0 -1
    outer loop
      vertex 81.5556 62.5556 2
      vertex 80.8485 61.8485 2
      vertex 81.2223 62.8292 2
    endloop
  endfacet
  facet normal 0 0 -1
    outer loop
      vertex 80.6667 61.9978 2
      vertex 81.2223 62.8292 2
      vertex 80.8485 61.8485 2
    endloop
  endfacet
  facet normal -0 0 -1
    outer loop
      vertex 81.2223 62.8292 2
      vertex 80.6667 61.9978 2
      vertex 80.8419 63.0325 2
    endloop
  endfacet
  facet normal 0 0 -1
    outer loop
      vertex 80.4592 62.1087 2
      vertex 80.8419 63.0325 2
      vertex 80.6667 61.9978 2
    endloop
  endfacet
  facet normal 0 0 -1
    outer loop
      vertex 80.4592 62.1087 2
      vertex 80.4292 63.1577 2
      vertex 80.8419 63.0325 2
    endloop
  endfacet
  facet normal 0 0 -1
    outer loop
      vertex 80.2341 62.1769 2
      vertex 80.4292 63.1577 2
      vertex 80.4592 62.1087 2
    endloop
  endfacet
  facet normal 0 0 -1
    outer loop
      vertex 80 62.2 2
      vertex 80.4292 63.1577 2
      vertex 80.2341 62.1769 2
    endloop
  endfacet
  facet normal 0 0 -1
    outer loop
      vertex 80 62.2 2
      vertex 80 63.2 2
      vertex 80.4292 63.1577 2
    endloop
  endfacet
  facet normal 0 0 -1
    outer loop
      vertex 79.7659 62.1769 2
      vertex 80 63.2 2
      vertex 80 62.2 2
    endloop
  endfacet
  facet normal 0 0 -1
    outer loop
      vertex 79.7659 62.1769 2
      vertex 79.5708 63.1577 2
      vertex 80 63.2 2
    endloop
  endfacet
  facet normal 0 0 -1
    outer loop
      vertex 79.5408 62.1087 2
      vertex 79.5708 63.1577 2
      vertex 79.7659 62.1769 2
    endloop
  endfacet
  facet normal 0 0 -1
    outer loop
      vertex 79.1581 63.0325 2
      vertex 79.5408 62.1087 2
      vertex 79.3333 61.9978 2
    endloop
  endfacet
  facet normal 0 0 -1
    outer loop
      vertex 79.5408 62.1087 2
      vertex 79.1581 63.0325 2
      vertex 79.5708 63.1577 2
    endloop
  endfacet
  facet normal 0 0 -1
    outer loop
      vertex 78.7777 62.8292 2
      vertex 79.3333 61.9978 2
      vertex 79.1515 61.8485 2
    endloop
  endfacet
  facet normal 0 0 -1
    outer loop
      vertex 78.4444 62.5556 2
      vertex 79.1515 61.8485 2
      vertex 79.0022 61.6667 2
    endloop
  endfacet
  facet normal 0 0 -1
    outer loop
      vertex 78.1708 62.2223 2
      vertex 79.0022 61.6667 2
      vertex 78.8913 61.4592 2
    endloop
  endfacet
  facet normal 0 0 -1
    outer loop
      vertex 77.9675 61.8419 2
      vertex 78.8913 61.4592 2
      vertex 78.8231 61.2341 2
    endloop
  endfacet
  facet normal 0 0 -1
    outer loop
      vertex 79.3333 61.9978 2
      vertex 78.7777 62.8292 2
      vertex 79.1581 63.0325 2
    endloop
  endfacet
  facet normal 0 0 -1
    outer loop
      vertex 77.8423 61.4292 2
      vertex 78.8231 61.2341 2
      vertex 78.8 61 2
    endloop
  endfacet
  facet normal 0 0 -1
    outer loop
      vertex 77.9675 60.1581 2
      vertex 78.8913 60.5408 2
      vertex 78.1708 59.7777 2
    endloop
  endfacet
  facet normal -0 0 -1
    outer loop
      vertex 78.8913 60.5408 2
      vertex 77.9675 60.1581 2
      vertex 78.8231 60.7659 2
    endloop
  endfacet
  facet normal 0 0 -1
    outer loop
      vertex 79.1515 61.8485 2
      vertex 78.4444 62.5556 2
      vertex 78.7777 62.8292 2
    endloop
  endfacet
  facet normal 0 0 -1
    outer loop
      vertex 77.8423 60.5708 2
      vertex 78.8231 60.7659 2
      vertex 77.9675 60.1581 2
    endloop
  endfacet
  facet normal 0 0 -1
    outer loop
      vertex 79.0022 61.6667 2
      vertex 78.1708 62.2223 2
      vertex 78.4444 62.5556 2
    endloop
  endfacet
  facet normal -0 0 -1
    outer loop
      vertex 78.8231 60.7659 2
      vertex 77.8423 60.5708 2
      vertex 78.8 61 2
    endloop
  endfacet
  facet normal 0 0 -1
    outer loop
      vertex 78.8913 61.4592 2
      vertex 77.9675 61.8419 2
      vertex 78.1708 62.2223 2
    endloop
  endfacet
  facet normal 0 0 -1
    outer loop
      vertex 77.8 61 2
      vertex 78.8 61 2
      vertex 77.8423 60.5708 2
    endloop
  endfacet
  facet normal 0 0 -1
    outer loop
      vertex 78.8231 61.2341 2
      vertex 77.8423 61.4292 2
      vertex 77.9675 61.8419 2
    endloop
  endfacet
  facet normal 0 0 -1
    outer loop
      vertex 78.8 61 2
      vertex 77.8 61 2
      vertex 77.8423 61.4292 2
    endloop
  endfacet
  facet normal 0.956935 0.290303 0
    outer loop
      vertex 77.9675 60.1581 2
      vertex 77.8423 60.5708 0
      vertex 77.8423 60.5708 2
    endloop
  endfacet
  facet normal 0.956935 0.290303 0
    outer loop
      vertex 77.8423 60.5708 0
      vertex 77.9675 60.1581 2
      vertex 77.9675 60.1581 0
    endloop
  endfacet
  facet normal -0.471346 0.881948 0
    outer loop
      vertex 81.2223 59.1708 0
      vertex 80.8419 58.9675 2
      vertex 81.2223 59.1708 2
    endloop
  endfacet
  facet normal -0.471346 0.881948 0
    outer loop
      vertex 80.8419 58.9675 2
      vertex 81.2223 59.1708 0
      vertex 80.8419 58.9675 0
    endloop
  endfacet
  facet normal 0.772933 -0.634487 0
    outer loop
      vertex 78.1708 62.2223 2
      vertex 78.4444 62.5556 0
      vertex 78.4444 62.5556 2
    endloop
  endfacet
  facet normal 0.772933 -0.634487 0
    outer loop
      vertex 78.4444 62.5556 0
      vertex 78.1708 62.2223 2
      vertex 78.1708 62.2223 0
    endloop
  endfacet
  facet normal -0.881948 0.471346 0
    outer loop
      vertex 81.8292 59.7777 0
      vertex 82.0325 60.1581 2
      vertex 82.0325 60.1581 0
    endloop
  endfacet
  facet normal -0.881948 0.471346 0
    outer loop
      vertex 82.0325 60.1581 2
      vertex 81.8292 59.7777 0
      vertex 81.8292 59.7777 2
    endloop
  endfacet
  facet normal -0.290303 0.956935 0
    outer loop
      vertex 80.8419 58.9675 0
      vertex 80.4292 58.8423 2
      vertex 80.8419 58.9675 2
    endloop
  endfacet
  facet normal -0.290303 0.956935 0
    outer loop
      vertex 80.4292 58.8423 2
      vertex 80.8419 58.9675 0
      vertex 80.4292 58.8423 0
    endloop
  endfacet
  facet normal -0.634487 -0.772933 0
    outer loop
      vertex 81.2223 62.8292 0
      vertex 81.5556 62.5556 2
      vertex 81.2223 62.8292 2
    endloop
  endfacet
  facet normal -0.634487 -0.772933 -0
    outer loop
      vertex 81.5556 62.5556 2
      vertex 81.2223 62.8292 0
      vertex 81.5556 62.5556 0
    endloop
  endfacet
  facet normal -0.634487 0.772933 0
    outer loop
      vertex 81.5556 59.4444 0
      vertex 81.2223 59.1708 2
      vertex 81.5556 59.4444 2
    endloop
  endfacet
  facet normal -0.634487 0.772933 0
    outer loop
      vertex 81.2223 59.1708 2
      vertex 81.5556 59.4444 0
      vertex 81.2223 59.1708 0
    endloop
  endfacet
  facet normal 0.471346 -0.881948 0
    outer loop
      vertex 78.7777 62.8292 0
      vertex 79.1581 63.0325 2
      vertex 78.7777 62.8292 2
    endloop
  endfacet
  facet normal 0.471346 -0.881948 0
    outer loop
      vertex 79.1581 63.0325 2
      vertex 78.7777 62.8292 0
      vertex 79.1581 63.0325 0
    endloop
  endfacet
  facet normal 0.881948 0.471346 0
    outer loop
      vertex 78.1708 59.7777 2
      vertex 77.9675 60.1581 0
      vertex 77.9675 60.1581 2
    endloop
  endfacet
  facet normal 0.881948 0.471346 0
    outer loop
      vertex 77.9675 60.1581 0
      vertex 78.1708 59.7777 2
      vertex 78.1708 59.7777 0
    endloop
  endfacet
  facet normal 0.634487 -0.772933 0
    outer loop
      vertex 78.4444 62.5556 0
      vertex 78.7777 62.8292 2
      vertex 78.4444 62.5556 2
    endloop
  endfacet
  facet normal 0.634487 -0.772933 0
    outer loop
      vertex 78.7777 62.8292 2
      vertex 78.4444 62.5556 0
      vertex 78.7777 62.8292 0
    endloop
  endfacet
  facet normal -0.772933 0.634487 0
    outer loop
      vertex 81.5556 59.4444 0
      vertex 81.8292 59.7777 2
      vertex 81.8292 59.7777 0
    endloop
  endfacet
  facet normal -0.772933 0.634487 0
    outer loop
      vertex 81.8292 59.7777 2
      vertex 81.5556 59.4444 0
      vertex 81.5556 59.4444 2
    endloop
  endfacet
  facet normal -0.0980803 -0.995179 0
    outer loop
      vertex 80 63.2 0
      vertex 80.4292 63.1577 2
      vertex 80 63.2 2
    endloop
  endfacet
  facet normal -0.0980803 -0.995179 -0
    outer loop
      vertex 80.4292 63.1577 2
      vertex 80 63.2 0
      vertex 80.4292 63.1577 0
    endloop
  endfacet
  facet normal 0.0980803 0.995179 -0
    outer loop
      vertex 80 58.8 0
      vertex 79.5708 58.8423 2
      vertex 80 58.8 2
    endloop
  endfacet
  facet normal 0.0980803 0.995179 0
    outer loop
      vertex 79.5708 58.8423 2
      vertex 80 58.8 0
      vertex 79.5708 58.8423 0
    endloop
  endfacet
  facet normal 0.290303 0.956935 -0
    outer loop
      vertex 79.5708 58.8423 0
      vertex 79.1581 58.9675 2
      vertex 79.5708 58.8423 2
    endloop
  endfacet
  facet normal 0.290303 0.956935 0
    outer loop
      vertex 79.1581 58.9675 2
      vertex 79.5708 58.8423 0
      vertex 79.1581 58.9675 0
    endloop
  endfacet
  facet normal -0.956935 0.290303 0
    outer loop
      vertex 82.0325 60.1581 0
      vertex 82.1577 60.5708 2
      vertex 82.1577 60.5708 0
    endloop
  endfacet
  facet normal -0.956935 0.290303 0
    outer loop
      vertex 82.1577 60.5708 2
      vertex 82.0325 60.1581 0
      vertex 82.0325 60.1581 2
    endloop
  endfacet
  facet normal 0.995179 -0.0980803 0
    outer loop
      vertex 77.8 61 2
      vertex 77.8423 61.4292 0
      vertex 77.8423 61.4292 2
    endloop
  endfacet
  facet normal 0.995179 -0.0980803 0
    outer loop
      vertex 77.8423 61.4292 0
      vertex 77.8 61 2
      vertex 77.8 61 0
    endloop
  endfacet
  facet normal -0.772933 -0.634487 0
    outer loop
      vertex 81.8292 62.2223 0
      vertex 81.5556 62.5556 2
      vertex 81.5556 62.5556 0
    endloop
  endfacet
  facet normal -0.772933 -0.634487 0
    outer loop
      vertex 81.5556 62.5556 2
      vertex 81.8292 62.2223 0
      vertex 81.8292 62.2223 2
    endloop
  endfacet
  facet normal -0.471346 -0.881948 0
    outer loop
      vertex 80.8419 63.0325 0
      vertex 81.2223 62.8292 2
      vertex 80.8419 63.0325 2
    endloop
  endfacet
  facet normal -0.471346 -0.881948 -0
    outer loop
      vertex 81.2223 62.8292 2
      vertex 80.8419 63.0325 0
      vertex 81.2223 62.8292 0
    endloop
  endfacet
  facet normal 0.634487 0.772933 -0
    outer loop
      vertex 78.7777 59.1708 0
      vertex 78.4444 59.4444 2
      vertex 78.7777 59.1708 2
    endloop
  endfacet
  facet normal 0.634487 0.772933 0
    outer loop
      vertex 78.4444 59.4444 2
      vertex 78.7777 59.1708 0
      vertex 78.4444 59.4444 0
    endloop
  endfacet
  facet normal 0.772933 0.634487 0
    outer loop
      vertex 78.4444 59.4444 2
      vertex 78.1708 59.7777 0
      vertex 78.1708 59.7777 2
    endloop
  endfacet
  facet normal 0.772933 0.634487 0
    outer loop
      vertex 78.1708 59.7777 0
      vertex 78.4444 59.4444 2
      vertex 78.4444 59.4444 0
    endloop
  endfacet
  facet normal 0.471346 0.881948 -0
    outer loop
      vertex 79.1581 58.9675 0
      vertex 78.7777 59.1708 2
      vertex 79.1581 58.9675 2
    endloop
  endfacet
  facet normal 0.471346 0.881948 0
    outer loop
      vertex 78.7777 59.1708 2
      vertex 79.1581 58.9675 0
      vertex 78.7777 59.1708 0
    endloop
  endfacet
  facet normal 0.995179 0.0980803 0
    outer loop
      vertex 77.8423 60.5708 2
      vertex 77.8 61 0
      vertex 77.8 61 2
    endloop
  endfacet
  facet normal 0.995179 0.0980803 0
    outer loop
      vertex 77.8 61 0
      vertex 77.8423 60.5708 2
      vertex 77.8423 60.5708 0
    endloop
  endfacet
  facet normal 0.881948 -0.471346 0
    outer loop
      vertex 77.9675 61.8419 2
      vertex 78.1708 62.2223 0
      vertex 78.1708 62.2223 2
    endloop
  endfacet
  facet normal 0.881948 -0.471346 0
    outer loop
      vertex 78.1708 62.2223 0
      vertex 77.9675 61.8419 2
      vertex 77.9675 61.8419 0
    endloop
  endfacet
  facet normal -1 0 0
    outer loop
      vertex 19 63.2 7.9
      vertex 19 65.6 13.1
      vertex 19 65.6 7.9
    endloop
  endfacet
  facet normal -1 -0 0
    outer loop
      vertex 19 65.6 13.1
      vertex 19 63.2 7.9
      vertex 19 63.2 13.1
    endloop
  endfacet
  facet normal -0 0 1
    outer loop
      vertex 7 65.6 7.9
      vertex 19 63.2 7.9
      vertex 19 65.6 7.9
    endloop
  endfacet
  facet normal 0 0 1
    outer loop
      vertex 19 63.2 7.9
      vertex 7 65.6 7.9
      vertex 7 63.2 7.9
    endloop
  endfacet
  facet normal 1 -0 0
    outer loop
      vertex 7 63.2 13.1
      vertex 7 65.6 7.9
      vertex 7 65.6 13.1
    endloop
  endfacet
  facet normal 1 0 0
    outer loop
      vertex 7 65.6 7.9
      vertex 7 63.2 13.1
      vertex 7 63.2 7.9
    endloop
  endfacet
endsolid OpenSCAD_Model
