solid OpenSCAD_Model
  facet normal -0 0 1
    outer loop
      vertex 81.9754 60.6871 3
      vertex 82 2 3
      vertex 82 61 3
    endloop
  endfacet
  facet normal 0 0 1
    outer loop
      vertex 81.9754 60.6871 3
      vertex 81.9754 2.31287 3
      vertex 82 2 3
    endloop
  endfacet
  facet normal -0 0 1
    outer loop
      vertex 81.9021 60.382 3
      vertex 81.9754 2.31287 3
      vertex 81.9754 60.6871 3
    endloop
  endfacet
  facet normal 0 0 1
    outer loop
      vertex 81.9021 60.382 3
      vertex 81.9021 2.61803 3
      vertex 81.9754 2.31287 3
    endloop
  endfacet
  facet normal -0 0 1
    outer loop
      vertex 81.782 60.092 3
      vertex 81.9021 2.61803 3
      vertex 81.9021 60.382 3
    endloop
  endfacet
  facet normal 0 0 1
    outer loop
      vertex 81.782 60.092 3
      vertex 81.782 2.90798 3
      vertex 81.9021 2.61803 3
    endloop
  endfacet
  facet normal -0 0 1
    outer loop
      vertex 81.618 59.8244 3
      vertex 81.782 2.90798 3
      vertex 81.782 60.092 3
    endloop
  endfacet
  facet normal 0 0 1
    outer loop
      vertex 81.618 59.8244 3
      vertex 81.618 3.17557 3
      vertex 81.782 2.90798 3
    endloop
  endfacet
  facet normal -0 0 1
    outer loop
      vertex 81.4142 59.5858 3
      vertex 81.618 3.17557 3
      vertex 81.618 59.8244 3
    endloop
  endfacet
  facet normal 0 0 1
    outer loop
      vertex 81.4142 59.5858 3
      vertex 81.4142 3.41421 3
      vertex 81.618 3.17557 3
    endloop
  endfacet
  facet normal -0 0 1
    outer loop
      vertex 81.1756 59.382 3
      vertex 81.4142 3.41421 3
      vertex 81.4142 59.5858 3
    endloop
  endfacet
  facet normal 0 0 1
    outer loop
      vertex 81.1756 59.382 3
      vertex 81.1756 3.61803 3
      vertex 81.4142 3.41421 3
    endloop
  endfacet
  facet normal -0 0 1
    outer loop
      vertex 81.05 59.305 3
      vertex 81.1756 3.61803 3
      vertex 81.1756 59.382 3
    endloop
  endfacet
  facet normal 0 0 1
    outer loop
      vertex 81.1756 3.61803 3
      vertex 81.05 59.305 3
      vertex 81.05 3.69499 3
    endloop
  endfacet
  facet normal 0 0 1
    outer loop
      vertex 82.05 63.05 3
      vertex 82 61 3
      vertex 82.05 -0.0499878 3
    endloop
  endfacet
  facet normal 0 0 1
    outer loop
      vertex 82.05 63.05 3
      vertex 81.9754 61.3129 3
      vertex 82 61 3
    endloop
  endfacet
  facet normal 0 0 1
    outer loop
      vertex 82.05 63.05 3
      vertex 81.9021 61.618 3
      vertex 81.9754 61.3129 3
    endloop
  endfacet
  facet normal 0 0 1
    outer loop
      vertex 82.05 63.05 3
      vertex 81.782 61.908 3
      vertex 81.9021 61.618 3
    endloop
  endfacet
  facet normal 0 0 1
    outer loop
      vertex 82.05 63.05 3
      vertex 81.618 62.1756 3
      vertex 81.782 61.908 3
    endloop
  endfacet
  facet normal 0 0 1
    outer loop
      vertex 82.05 63.05 3
      vertex 81.4142 62.4142 3
      vertex 81.618 62.1756 3
    endloop
  endfacet
  facet normal 0 0 1
    outer loop
      vertex 82.05 63.05 3
      vertex 81.1756 62.618 3
      vertex 81.4142 62.4142 3
    endloop
  endfacet
  facet normal 0 0 1
    outer loop
      vertex 82.05 63.05 3
      vertex 80.908 62.782 3
      vertex 81.1756 62.618 3
    endloop
  endfacet
  facet normal 0 0 1
    outer loop
      vertex 82.05 63.05 3
      vertex 80.618 62.9021 3
      vertex 80.908 62.782 3
    endloop
  endfacet
  facet normal 0 0 1
    outer loop
      vertex 82.05 63.05 3
      vertex 80.3129 62.9754 3
      vertex 80.618 62.9021 3
    endloop
  endfacet
  facet normal 0 0 1
    outer loop
      vertex 82.05 63.05 3
      vertex 80 63 3
      vertex 80.3129 62.9754 3
    endloop
  endfacet
  facet normal 0 0 1
    outer loop
      vertex 78.382 62.1756 3
      vertex 3.69498 62.05 3
      vertex 78.305 62.05 3
    endloop
  endfacet
  facet normal 0 0 1
    outer loop
      vertex 3.61803 62.1756 3
      vertex 78.382 62.1756 3
      vertex 78.5858 62.4142 3
    endloop
  endfacet
  facet normal 0 0 1
    outer loop
      vertex 3.41421 62.4142 3
      vertex 78.5858 62.4142 3
      vertex 78.8244 62.618 3
    endloop
  endfacet
  facet normal 0 0 1
    outer loop
      vertex 3.17557 62.618 3
      vertex 78.8244 62.618 3
      vertex 79.092 62.782 3
    endloop
  endfacet
  facet normal 0 0 1
    outer loop
      vertex 2.90798 62.782 3
      vertex 79.092 62.782 3
      vertex 79.382 62.9021 3
    endloop
  endfacet
  facet normal 0 0 1
    outer loop
      vertex 2.61803 62.9021 3
      vertex 79.382 62.9021 3
      vertex 79.6871 62.9754 3
    endloop
  endfacet
  facet normal 0 0 1
    outer loop
      vertex 2.31287 62.9754 3
      vertex 79.6871 62.9754 3
      vertex 80 63 3
    endloop
  endfacet
  facet normal 0 0 1
    outer loop
      vertex 2 63 3
      vertex 80 63 3
      vertex 82.05 63.05 3
    endloop
  endfacet
  facet normal 0 0 1
    outer loop
      vertex 78.382 62.1756 3
      vertex 3.61803 62.1756 3
      vertex 3.69498 62.05 3
    endloop
  endfacet
  facet normal 0 0 1
    outer loop
      vertex 78.5858 62.4142 3
      vertex 3.41421 62.4142 3
      vertex 3.61803 62.1756 3
    endloop
  endfacet
  facet normal 0 0 1
    outer loop
      vertex 78.8244 62.618 3
      vertex 3.17557 62.618 3
      vertex 3.41421 62.4142 3
    endloop
  endfacet
  facet normal 0 0 1
    outer loop
      vertex 79.092 62.782 3
      vertex 2.90798 62.782 3
      vertex 3.17557 62.618 3
    endloop
  endfacet
  facet normal 0 0 1
    outer loop
      vertex 79.382 62.9021 3
      vertex 2.61803 62.9021 3
      vertex 2.90798 62.782 3
    endloop
  endfacet
  facet normal 0 0 1
    outer loop
      vertex 79.6871 62.9754 3
      vertex 2.31287 62.9754 3
      vertex 2.61803 62.9021 3
    endloop
  endfacet
  facet normal 0 0 1
    outer loop
      vertex 80 63 3
      vertex 2 63 3
      vertex 2.31287 62.9754 3
    endloop
  endfacet
  facet normal 0 0 1
    outer loop
      vertex 0.0246229 61.3129 3
      vertex -0.0499878 63.05 3
      vertex 0 61 3
    endloop
  endfacet
  facet normal 0 0 1
    outer loop
      vertex 0.0978861 61.618 3
      vertex -0.0499878 63.05 3
      vertex 0.0246229 61.3129 3
    endloop
  endfacet
  facet normal 0 0 1
    outer loop
      vertex 0.217986 61.908 3
      vertex -0.0499878 63.05 3
      vertex 0.0978861 61.618 3
    endloop
  endfacet
  facet normal 0 0 1
    outer loop
      vertex 0.381966 62.1756 3
      vertex -0.0499878 63.05 3
      vertex 0.217986 61.908 3
    endloop
  endfacet
  facet normal 0 0 1
    outer loop
      vertex 0.585786 62.4142 3
      vertex -0.0499878 63.05 3
      vertex 0.381966 62.1756 3
    endloop
  endfacet
  facet normal 0 0 1
    outer loop
      vertex 0.824429 62.618 3
      vertex -0.0499878 63.05 3
      vertex 0.585786 62.4142 3
    endloop
  endfacet
  facet normal 0 0 1
    outer loop
      vertex 1.09202 62.782 3
      vertex -0.0499878 63.05 3
      vertex 0.824429 62.618 3
    endloop
  endfacet
  facet normal 0 0 1
    outer loop
      vertex 1.38197 62.9021 3
      vertex -0.0499878 63.05 3
      vertex 1.09202 62.782 3
    endloop
  endfacet
  facet normal 0 0 1
    outer loop
      vertex 1.68713 62.9754 3
      vertex -0.0499878 63.05 3
      vertex 1.38197 62.9021 3
    endloop
  endfacet
  facet normal 0 0 1
    outer loop
      vertex 2 63 3
      vertex -0.0499878 63.05 3
      vertex 1.68713 62.9754 3
    endloop
  endfacet
  facet normal -0 0 1
    outer loop
      vertex -0.0499878 63.05 3
      vertex 2 63 3
      vertex 82.05 63.05 3
    endloop
  endfacet
  facet normal -0 0 1
    outer loop
      vertex 82 2 3
      vertex 82.05 -0.0499878 3
      vertex 82 61 3
    endloop
  endfacet
  facet normal -0 0 1
    outer loop
      vertex 81.9754 1.68713 3
      vertex 82.05 -0.0499878 3
      vertex 82 2 3
    endloop
  endfacet
  facet normal -0 0 1
    outer loop
      vertex 81.9021 1.38197 3
      vertex 82.05 -0.0499878 3
      vertex 81.9754 1.68713 3
    endloop
  endfacet
  facet normal -0 0 1
    outer loop
      vertex 81.782 1.09202 3
      vertex 82.05 -0.0499878 3
      vertex 81.9021 1.38197 3
    endloop
  endfacet
  facet normal -0 0 1
    outer loop
      vertex 81.618 0.82443 3
      vertex 82.05 -0.0499878 3
      vertex 81.782 1.09202 3
    endloop
  endfacet
  facet normal -0 0 1
    outer loop
      vertex 81.4142 0.585787 3
      vertex 82.05 -0.0499878 3
      vertex 81.618 0.82443 3
    endloop
  endfacet
  facet normal -0 0 1
    outer loop
      vertex 81.1756 0.381967 3
      vertex 82.05 -0.0499878 3
      vertex 81.4142 0.585787 3
    endloop
  endfacet
  facet normal -0 0 1
    outer loop
      vertex 80.908 0.217987 3
      vertex 82.05 -0.0499878 3
      vertex 81.1756 0.381967 3
    endloop
  endfacet
  facet normal -0 0 1
    outer loop
      vertex 80.618 0.097887 3
      vertex 82.05 -0.0499878 3
      vertex 80.908 0.217987 3
    endloop
  endfacet
  facet normal -0 0 1
    outer loop
      vertex 80.3129 0.0246239 3
      vertex 82.05 -0.0499878 3
      vertex 80.618 0.097887 3
    endloop
  endfacet
  facet normal -0 0 1
    outer loop
      vertex 80 7.10543e-15 3
      vertex 82.05 -0.0499878 3
      vertex 80.3129 0.0246239 3
    endloop
  endfacet
  facet normal 0 0 1
    outer loop
      vertex 27 -0.0499878 3
      vertex 78.305 0.950012 3
      vertex 27 0.950012 3
    endloop
  endfacet
  facet normal 0 0 1
    outer loop
      vertex 78.305 0.950012 3
      vertex 27 -0.0499878 3
      vertex 78.382 0.82443 3
    endloop
  endfacet
  facet normal 0 0 1
    outer loop
      vertex 78.382 0.82443 3
      vertex 27 -0.0499878 3
      vertex 78.5858 0.585787 3
    endloop
  endfacet
  facet normal 0 0 1
    outer loop
      vertex 78.5858 0.585787 3
      vertex 27 -0.0499878 3
      vertex 78.8244 0.381967 3
    endloop
  endfacet
  facet normal 0 0 1
    outer loop
      vertex 78.8244 0.381967 3
      vertex 27 -0.0499878 3
      vertex 79.092 0.217987 3
    endloop
  endfacet
  facet normal 0 0 1
    outer loop
      vertex 79.092 0.217987 3
      vertex 27 -0.0499878 3
      vertex 79.382 0.097887 3
    endloop
  endfacet
  facet normal 0 0 1
    outer loop
      vertex 79.382 0.097887 3
      vertex 27 -0.0499878 3
      vertex 79.6871 0.0246239 3
    endloop
  endfacet
  facet normal 0 0 1
    outer loop
      vertex 79.6871 0.0246239 3
      vertex 27 -0.0499878 3
      vertex 80 7.10543e-15 3
    endloop
  endfacet
  facet normal 0 0 1
    outer loop
      vertex 80 7.10543e-15 3
      vertex 27 -0.0499878 3
      vertex 82.05 -0.0499878 3
    endloop
  endfacet
  facet normal 0 0 1
    outer loop
      vertex -0.0499878 19 3
      vertex 0.949997 59.305 3
      vertex 0.824429 59.382 3
    endloop
  endfacet
  facet normal 0 0 1
    outer loop
      vertex -0.0499878 19 3
      vertex 0.824429 59.382 3
      vertex 0.585786 59.5858 3
    endloop
  endfacet
  facet normal 0 0 1
    outer loop
      vertex -0.0499878 19 3
      vertex 0.585786 59.5858 3
      vertex 0.381966 59.8244 3
    endloop
  endfacet
  facet normal 0 0 1
    outer loop
      vertex -0.0499878 19 3
      vertex 0.381966 59.8244 3
      vertex 0.217986 60.092 3
    endloop
  endfacet
  facet normal 0 0 1
    outer loop
      vertex -0.0499878 19 3
      vertex 0.217986 60.092 3
      vertex 0.0978861 60.382 3
    endloop
  endfacet
  facet normal 0 0 1
    outer loop
      vertex -0.0499878 19 3
      vertex 0.0978861 60.382 3
      vertex 0.0246229 60.6871 3
    endloop
  endfacet
  facet normal 0 0 1
    outer loop
      vertex -0.0499878 19 3
      vertex 0.0246229 60.6871 3
      vertex 0 61 3
    endloop
  endfacet
  facet normal 0 0 1
    outer loop
      vertex -0.0499878 19 3
      vertex 0 61 3
      vertex -0.0499878 63.05 3
    endloop
  endfacet
  facet normal 0 0 1
    outer loop
      vertex 0.949997 59.305 3
      vertex -0.0499878 19 3
      vertex 0.949997 19 3
    endloop
  endfacet
  facet normal 0 -1 0
    outer loop
      vertex 27 -0.0499878 1.5
      vertex 82.05 -0.0499878 3
      vertex 27 -0.0499878 3
    endloop
  endfacet
  facet normal 0 -1 -0
    outer loop
      vertex 82.05 -0.0499878 3
      vertex 27 -0.0499878 1.5
      vertex 82.05 -0.0499878 1.5
    endloop
  endfacet
  facet normal -1 0 0
    outer loop
      vertex -0.0499878 19 1.5
      vertex -0.0499878 63.05 3
      vertex -0.0499878 63.05 1.5
    endloop
  endfacet
  facet normal -1 -0 0
    outer loop
      vertex -0.0499878 63.05 3
      vertex -0.0499878 19 1.5
      vertex -0.0499878 19 3
    endloop
  endfacet
  facet normal 0 1 -0
    outer loop
      vertex 82.05 63.05 1.5
      vertex -0.0499878 63.05 3
      vertex 82.05 63.05 3
    endloop
  endfacet
  facet normal 0 1 0
    outer loop
      vertex -0.0499878 63.05 3
      vertex 82.05 63.05 1.5
      vertex -0.0499878 63.05 1.5
    endloop
  endfacet
  facet normal 1 -0 0
    outer loop
      vertex 82.05 -0.0499878 3
      vertex 82.05 63.05 1.5
      vertex 82.05 63.05 3
    endloop
  endfacet
  facet normal 1 0 0
    outer loop
      vertex 82.05 63.05 1.5
      vertex 82.05 -0.0499878 3
      vertex 82.05 -0.0499878 1.5
    endloop
  endfacet
  facet normal 1 -0 0
    outer loop
      vertex 0.949997 19 3
      vertex 0.949997 59.305 1.5
      vertex 0.949997 59.305 3
    endloop
  endfacet
  facet normal 1 0 0
    outer loop
      vertex 0.949997 59.305 1.5
      vertex 0.949997 19 3
      vertex 0.949997 19 1.5
    endloop
  endfacet
  facet normal 0 1 -0
    outer loop
      vertex 78.305 0.950012 1.5
      vertex 27 0.950012 3
      vertex 78.305 0.950012 3
    endloop
  endfacet
  facet normal 0 1 0
    outer loop
      vertex 27 0.950012 3
      vertex 78.305 0.950012 1.5
      vertex 27 0.950012 1.5
    endloop
  endfacet
  facet normal -1 0 0
    outer loop
      vertex 81.05 3.69499 1.5
      vertex 81.05 59.305 3
      vertex 81.05 59.305 1.5
    endloop
  endfacet
  facet normal -1 -0 0
    outer loop
      vertex 81.05 59.305 3
      vertex 81.05 3.69499 1.5
      vertex 81.05 3.69499 3
    endloop
  endfacet
  facet normal 0 -1 0
    outer loop
      vertex 3.69498 62.05 1.5
      vertex 78.305 62.05 3
      vertex 3.69498 62.05 3
    endloop
  endfacet
  facet normal 0 -1 -0
    outer loop
      vertex 78.305 62.05 3
      vertex 3.69498 62.05 1.5
      vertex 78.305 62.05 1.5
    endloop
  endfacet
  facet normal -1 0 0
    outer loop
      vertex 27 -0.0499878 1.5
      vertex 27 0.950012 3
      vertex 27 0.950012 1.5
    endloop
  endfacet
  facet normal -1 -0 0
    outer loop
      vertex 27 0.950012 3
      vertex 27 -0.0499878 1.5
      vertex 27 -0.0499878 3
    endloop
  endfacet
  facet normal 0 -1 0
    outer loop
      vertex -0.0499878 19 1.5
      vertex 0.949997 19 3
      vertex -0.0499878 19 3
    endloop
  endfacet
  facet normal 0 -1 -0
    outer loop
      vertex 0.949997 19 3
      vertex -0.0499878 19 1.5
      vertex 0.949997 19 1.5
    endloop
  endfacet
  facet normal 0.972354 0.233512 0
    outer loop
      vertex 3.97538 61.3129 6.5
      vertex 3.90211 61.618 1.5
      vertex 3.90211 61.618 6.5
    endloop
  endfacet
  facet normal 0.972354 0.233512 0
    outer loop
      vertex 3.90211 61.618 1.5
      vertex 3.97538 61.3129 6.5
      vertex 3.97538 61.3129 1.5
    endloop
  endfacet
  facet normal 0.233559 0.972343 -0
    outer loop
      vertex 2.61803 62.9021 3
      vertex 2.31287 62.9754 6.5
      vertex 2.61803 62.9021 6.5
    endloop
  endfacet
  facet normal 0.233559 0.972343 0
    outer loop
      vertex 2.31287 62.9754 6.5
      vertex 2.61803 62.9021 3
      vertex 2.31287 62.9754 3
    endloop
  endfacet
  facet normal 0.972354 -0.233512 0
    outer loop
      vertex 3.90211 60.382 6.5
      vertex 3.97538 60.6871 1.5
      vertex 3.97538 60.6871 6.5
    endloop
  endfacet
  facet normal 0.972354 -0.233512 0
    outer loop
      vertex 3.97538 60.6871 1.5
      vertex 3.90211 60.382 6.5
      vertex 3.90211 60.382 1.5
    endloop
  endfacet
  facet normal 0.996919 -0.0784408 0
    outer loop
      vertex 3.97538 60.6871 6.5
      vertex 4 61 1.5
      vertex 4 61 6.5
    endloop
  endfacet
  facet normal 0.996919 -0.0784408 0
    outer loop
      vertex 4 61 1.5
      vertex 3.97538 60.6871 6.5
      vertex 3.97538 60.6871 1.5
    endloop
  endfacet
  facet normal 0.923904 -0.382624 0
    outer loop
      vertex 3.78201 60.092 6.5
      vertex 3.90211 60.382 1.5
      vertex 3.90211 60.382 6.5
    endloop
  endfacet
  facet normal 0.923904 -0.382624 0
    outer loop
      vertex 3.90211 60.382 1.5
      vertex 3.78201 60.092 6.5
      vertex 3.78201 60.092 1.5
    endloop
  endfacet
  facet normal -0.078385 -0.996923 0
    outer loop
      vertex 1.68713 59.0246 1.5
      vertex 2 59 6.5
      vertex 1.68713 59.0246 6.5
    endloop
  endfacet
  facet normal -0.078385 -0.996923 -0
    outer loop
      vertex 2 59 6.5
      vertex 1.68713 59.0246 1.5
      vertex 2 59 1.5
    endloop
  endfacet
  facet normal -0.923904 -0.382624 0
    outer loop
      vertex 0.217986 60.092 3
      vertex 0.0978861 60.382 6.5
      vertex 0.0978861 60.382 3
    endloop
  endfacet
  facet normal -0.923904 -0.382624 0
    outer loop
      vertex 0.0978861 60.382 6.5
      vertex 0.217986 60.092 3
      vertex 0.217986 60.092 6.5
    endloop
  endfacet
  facet normal -0.852648 -0.522486 0
    outer loop
      vertex 0.381966 59.8244 3
      vertex 0.217986 60.092 6.5
      vertex 0.217986 60.092 3
    endloop
  endfacet
  facet normal -0.852648 -0.522486 0
    outer loop
      vertex 0.217986 60.092 6.5
      vertex 0.381966 59.8244 3
      vertex 0.381966 59.8244 6.5
    endloop
  endfacet
  facet normal 0.078385 0.996923 -0
    outer loop
      vertex 2.31287 62.9754 3
      vertex 2 63 6.5
      vertex 2.31287 62.9754 6.5
    endloop
  endfacet
  facet normal 0.078385 0.996923 0
    outer loop
      vertex 2 63 6.5
      vertex 2.31287 62.9754 3
      vertex 2 63 3
    endloop
  endfacet
  facet normal -0.38268 0.923881 0
    outer loop
      vertex 1.38197 62.9021 3
      vertex 1.09202 62.782 6.5
      vertex 1.38197 62.9021 6.5
    endloop
  endfacet
  facet normal -0.38268 0.923881 0
    outer loop
      vertex 1.09202 62.782 6.5
      vertex 1.38197 62.9021 3
      vertex 1.09202 62.782 3
    endloop
  endfacet
  facet normal -0.923904 0.382624 0
    outer loop
      vertex 0.0978861 61.618 3
      vertex 0.217986 61.908 6.5
      vertex 0.217986 61.908 3
    endloop
  endfacet
  facet normal -0.923904 0.382624 0
    outer loop
      vertex 0.217986 61.908 6.5
      vertex 0.0978861 61.618 3
      vertex 0.0978861 61.618 6.5
    endloop
  endfacet
  facet normal -0.760349 -0.649515 0
    outer loop
      vertex 0.585786 59.5858 3
      vertex 0.381966 59.8244 6.5
      vertex 0.381966 59.8244 3
    endloop
  endfacet
  facet normal -0.760349 -0.649515 0
    outer loop
      vertex 0.381966 59.8244 6.5
      vertex 0.585786 59.5858 3
      vertex 0.585786 59.5858 6.5
    endloop
  endfacet
  facet normal 0.923904 0.382624 0
    outer loop
      vertex 3.90211 61.618 6.5
      vertex 3.78201 61.908 1.5
      vertex 3.78201 61.908 6.5
    endloop
  endfacet
  facet normal 0.923904 0.382624 0
    outer loop
      vertex 3.78201 61.908 1.5
      vertex 3.90211 61.618 6.5
      vertex 3.90211 61.618 1.5
    endloop
  endfacet
  facet normal -0.522545 0.852612 0
    outer loop
      vertex 1.09202 62.782 3
      vertex 0.824429 62.618 6.5
      vertex 1.09202 62.782 6.5
    endloop
  endfacet
  facet normal -0.522545 0.852612 0
    outer loop
      vertex 0.824429 62.618 6.5
      vertex 1.09202 62.782 3
      vertex 0.824429 62.618 3
    endloop
  endfacet
  facet normal -0.522754 -0.852483 0
    outer loop
      vertex 0.949997 59.305 3
      vertex 0.824429 59.382 6.5
      vertex 0.824429 59.382 3
    endloop
  endfacet
  facet normal -0.522545 -0.852612 1.03371e-05
    outer loop
      vertex 0.824429 59.382 6.5
      vertex 0.949997 59.305 3
      vertex 1.09202 59.218 6.5
    endloop
  endfacet
  facet normal -0.52236 -0.852725 0
    outer loop
      vertex 1.09202 59.218 1.5
      vertex 0.949997 59.305 3
      vertex 0.949997 59.305 1.5
    endloop
  endfacet
  facet normal -0.52236 -0.852725 0
    outer loop
      vertex 0.949997 59.305 3
      vertex 1.09202 59.218 1.5
      vertex 1.09202 59.218 6.5
    endloop
  endfacet
  facet normal -0.996918 0.07845 0
    outer loop
      vertex 0 61 3
      vertex 0.0246229 61.3129 6.5
      vertex 0.0246229 61.3129 3
    endloop
  endfacet
  facet normal -0.996918 0.07845 0
    outer loop
      vertex 0.0246229 61.3129 6.5
      vertex 0 61 3
      vertex 0 61 6.5
    endloop
  endfacet
  facet normal 0 0 1
    outer loop
      vertex 2.9 61 6.5
      vertex 4 61 6.5
      vertex 3.97538 61.3129 6.5
    endloop
  endfacet
  facet normal 0 0 1
    outer loop
      vertex 2.86933 61.2329 6.5
      vertex 3.97538 61.3129 6.5
      vertex 3.90211 61.618 6.5
    endloop
  endfacet
  facet normal 0 0 1
    outer loop
      vertex 4 61 6.5
      vertex 2.9 61 6.5
      vertex 3.97538 60.6871 6.5
    endloop
  endfacet
  facet normal 0 0 1
    outer loop
      vertex 2.86933 61.2329 6.5
      vertex 3.90211 61.618 6.5
      vertex 3.78201 61.908 6.5
    endloop
  endfacet
  facet normal -0 0 1
    outer loop
      vertex 2.86933 60.7671 6.5
      vertex 3.97538 60.6871 6.5
      vertex 2.9 61 6.5
    endloop
  endfacet
  facet normal 0 0 1
    outer loop
      vertex 2.77942 61.45 6.5
      vertex 3.78201 61.908 6.5
      vertex 3.61803 62.1756 6.5
    endloop
  endfacet
  facet normal 0 0 1
    outer loop
      vertex 3.97538 60.6871 6.5
      vertex 2.86933 60.7671 6.5
      vertex 3.90211 60.382 6.5
    endloop
  endfacet
  facet normal 0 0 1
    outer loop
      vertex 2.6364 61.6364 6.5
      vertex 3.61803 62.1756 6.5
      vertex 3.41421 62.4142 6.5
    endloop
  endfacet
  facet normal 0 0 1
    outer loop
      vertex 3.90211 60.382 6.5
      vertex 2.86933 60.7671 6.5
      vertex 3.78201 60.092 6.5
    endloop
  endfacet
  facet normal 0 0 1
    outer loop
      vertex 2.6364 61.6364 6.5
      vertex 3.41421 62.4142 6.5
      vertex 3.17557 62.618 6.5
    endloop
  endfacet
  facet normal -0 0 1
    outer loop
      vertex 2.77942 60.55 6.5
      vertex 3.78201 60.092 6.5
      vertex 2.86933 60.7671 6.5
    endloop
  endfacet
  facet normal 0 0 1
    outer loop
      vertex 2.45 61.7794 6.5
      vertex 3.17557 62.618 6.5
      vertex 2.90798 62.782 6.5
    endloop
  endfacet
  facet normal 0 0 1
    outer loop
      vertex 3.78201 60.092 6.5
      vertex 2.77942 60.55 6.5
      vertex 3.61803 59.8244 6.5
    endloop
  endfacet
  facet normal -0 0 1
    outer loop
      vertex 2.6364 60.3636 6.5
      vertex 3.61803 59.8244 6.5
      vertex 2.77942 60.55 6.5
    endloop
  endfacet
  facet normal 0 0 1
    outer loop
      vertex 3.97538 61.3129 6.5
      vertex 2.86933 61.2329 6.5
      vertex 2.9 61 6.5
    endloop
  endfacet
  facet normal 0 0 1
    outer loop
      vertex 3.78201 61.908 6.5
      vertex 2.77942 61.45 6.5
      vertex 2.86933 61.2329 6.5
    endloop
  endfacet
  facet normal 0 0 1
    outer loop
      vertex 3.61803 62.1756 6.5
      vertex 2.6364 61.6364 6.5
      vertex 2.77942 61.45 6.5
    endloop
  endfacet
  facet normal 0 0 1
    outer loop
      vertex 2.45 61.7794 6.5
      vertex 2.90798 62.782 6.5
      vertex 2.61803 62.9021 6.5
    endloop
  endfacet
  facet normal 0 0 1
    outer loop
      vertex 3.17557 62.618 6.5
      vertex 2.45 61.7794 6.5
      vertex 2.6364 61.6364 6.5
    endloop
  endfacet
  facet normal 0 0 1
    outer loop
      vertex 2.23294 61.8693 6.5
      vertex 2.61803 62.9021 6.5
      vertex 2.31287 62.9754 6.5
    endloop
  endfacet
  facet normal 0 0 1
    outer loop
      vertex 2.61803 62.9021 6.5
      vertex 2.23294 61.8693 6.5
      vertex 2.45 61.7794 6.5
    endloop
  endfacet
  facet normal 0 0 1
    outer loop
      vertex 2 61.9 6.5
      vertex 2.31287 62.9754 6.5
      vertex 2 63 6.5
    endloop
  endfacet
  facet normal 0 0 1
    outer loop
      vertex 2.31287 62.9754 6.5
      vertex 2 61.9 6.5
      vertex 2.23294 61.8693 6.5
    endloop
  endfacet
  facet normal -0 0 1
    outer loop
      vertex 1.68713 62.9754 6.5
      vertex 2 61.9 6.5
      vertex 2 63 6.5
    endloop
  endfacet
  facet normal 0 0 1
    outer loop
      vertex 2 61.9 6.5
      vertex 1.68713 62.9754 6.5
      vertex 1.76706 61.8693 6.5
    endloop
  endfacet
  facet normal -0 0 1
    outer loop
      vertex 1.38197 62.9021 6.5
      vertex 1.76706 61.8693 6.5
      vertex 1.68713 62.9754 6.5
    endloop
  endfacet
  facet normal 0 0 1
    outer loop
      vertex 1.76706 61.8693 6.5
      vertex 1.38197 62.9021 6.5
      vertex 1.55 61.7794 6.5
    endloop
  endfacet
  facet normal -0 0 1
    outer loop
      vertex 1.09202 62.782 6.5
      vertex 1.55 61.7794 6.5
      vertex 1.38197 62.9021 6.5
    endloop
  endfacet
  facet normal -0 0 1
    outer loop
      vertex 0.824429 62.618 6.5
      vertex 1.55 61.7794 6.5
      vertex 1.09202 62.782 6.5
    endloop
  endfacet
  facet normal 0 0 1
    outer loop
      vertex 1.55 61.7794 6.5
      vertex 0.824429 62.618 6.5
      vertex 1.3636 61.6364 6.5
    endloop
  endfacet
  facet normal -0 0 1
    outer loop
      vertex 0.381966 62.1756 6.5
      vertex 1.3636 61.6364 6.5
      vertex 0.585786 62.4142 6.5
    endloop
  endfacet
  facet normal -0 0 1
    outer loop
      vertex 0.585786 62.4142 6.5
      vertex 1.3636 61.6364 6.5
      vertex 0.824429 62.618 6.5
    endloop
  endfacet
  facet normal 0 0 1
    outer loop
      vertex 3.61803 59.8244 6.5
      vertex 2.6364 60.3636 6.5
      vertex 3.41421 59.5858 6.5
    endloop
  endfacet
  facet normal 0 0 1
    outer loop
      vertex 3.41421 59.5858 6.5
      vertex 2.6364 60.3636 6.5
      vertex 3.17557 59.382 6.5
    endloop
  endfacet
  facet normal -0 0 1
    outer loop
      vertex 2.45 60.2206 6.5
      vertex 3.17557 59.382 6.5
      vertex 2.6364 60.3636 6.5
    endloop
  endfacet
  facet normal 0 0 1
    outer loop
      vertex 3.17557 59.382 6.5
      vertex 2.45 60.2206 6.5
      vertex 2.90798 59.218 6.5
    endloop
  endfacet
  facet normal 0 0 1
    outer loop
      vertex 2.90798 59.218 6.5
      vertex 2.45 60.2206 6.5
      vertex 2.61803 59.0979 6.5
    endloop
  endfacet
  facet normal -0 0 1
    outer loop
      vertex 2.23294 60.1307 6.5
      vertex 2.61803 59.0979 6.5
      vertex 2.45 60.2206 6.5
    endloop
  endfacet
  facet normal 0 0 1
    outer loop
      vertex 2.61803 59.0979 6.5
      vertex 2.23294 60.1307 6.5
      vertex 2.31287 59.0246 6.5
    endloop
  endfacet
  facet normal -0 0 1
    outer loop
      vertex 2 60.1 6.5
      vertex 2.31287 59.0246 6.5
      vertex 2.23294 60.1307 6.5
    endloop
  endfacet
  facet normal 0 0 1
    outer loop
      vertex 2 60.1 6.5
      vertex 2 59 6.5
      vertex 2.31287 59.0246 6.5
    endloop
  endfacet
  facet normal 0 0 1
    outer loop
      vertex 1.68713 59.0246 6.5
      vertex 2 60.1 6.5
      vertex 1.76706 60.1307 6.5
    endloop
  endfacet
  facet normal 0 0 1
    outer loop
      vertex 2 60.1 6.5
      vertex 1.68713 59.0246 6.5
      vertex 2 59 6.5
    endloop
  endfacet
  facet normal 0 0 1
    outer loop
      vertex 1.38197 59.0979 6.5
      vertex 1.76706 60.1307 6.5
      vertex 1.55 60.2206 6.5
    endloop
  endfacet
  facet normal 0 0 1
    outer loop
      vertex 1.76706 60.1307 6.5
      vertex 1.38197 59.0979 6.5
      vertex 1.68713 59.0246 6.5
    endloop
  endfacet
  facet normal 0 0 1
    outer loop
      vertex 0.824429 59.382 6.5
      vertex 1.55 60.2206 6.5
      vertex 1.3636 60.3636 6.5
    endloop
  endfacet
  facet normal 0 0 1
    outer loop
      vertex 0.381966 59.8244 6.5
      vertex 1.3636 60.3636 6.5
      vertex 1.22058 60.55 6.5
    endloop
  endfacet
  facet normal 0 0 1
    outer loop
      vertex 0.217986 60.092 6.5
      vertex 1.22058 60.55 6.5
      vertex 1.13067 60.7671 6.5
    endloop
  endfacet
  facet normal 0 0 1
    outer loop
      vertex 1.55 60.2206 6.5
      vertex 1.09202 59.218 6.5
      vertex 1.38197 59.0979 6.5
    endloop
  endfacet
  facet normal 0 0 1
    outer loop
      vertex 0.0246229 60.6871 6.5
      vertex 1.13067 60.7671 6.5
      vertex 1.1 61 6.5
    endloop
  endfacet
  facet normal 0 0 1
    outer loop
      vertex 1.3636 61.6364 6.5
      vertex 0.381966 62.1756 6.5
      vertex 1.22058 61.45 6.5
    endloop
  endfacet
  facet normal -0 0 1
    outer loop
      vertex 0.217986 61.908 6.5
      vertex 1.22058 61.45 6.5
      vertex 0.381966 62.1756 6.5
    endloop
  endfacet
  facet normal 0 0 1
    outer loop
      vertex 1.55 60.2206 6.5
      vertex 0.824429 59.382 6.5
      vertex 1.09202 59.218 6.5
    endloop
  endfacet
  facet normal 0 0 1
    outer loop
      vertex 1.22058 61.45 6.5
      vertex 0.217986 61.908 6.5
      vertex 1.13067 61.2329 6.5
    endloop
  endfacet
  facet normal 0 0 1
    outer loop
      vertex 1.3636 60.3636 6.5
      vertex 0.585786 59.5858 6.5
      vertex 0.824429 59.382 6.5
    endloop
  endfacet
  facet normal -0 0 1
    outer loop
      vertex 0.0978861 61.618 6.5
      vertex 1.13067 61.2329 6.5
      vertex 0.217986 61.908 6.5
    endloop
  endfacet
  facet normal 0 0 1
    outer loop
      vertex 1.3636 60.3636 6.5
      vertex 0.381966 59.8244 6.5
      vertex 0.585786 59.5858 6.5
    endloop
  endfacet
  facet normal -0 0 1
    outer loop
      vertex 0.0246229 61.3129 6.5
      vertex 1.13067 61.2329 6.5
      vertex 0.0978861 61.618 6.5
    endloop
  endfacet
  facet normal 0 0 1
    outer loop
      vertex 1.22058 60.55 6.5
      vertex 0.217986 60.092 6.5
      vertex 0.381966 59.8244 6.5
    endloop
  endfacet
  facet normal 0 0 1
    outer loop
      vertex 1.13067 61.2329 6.5
      vertex 0.0246229 61.3129 6.5
      vertex 1.1 61 6.5
    endloop
  endfacet
  facet normal 0 0 1
    outer loop
      vertex 1.13067 60.7671 6.5
      vertex 0.0978861 60.382 6.5
      vertex 0.217986 60.092 6.5
    endloop
  endfacet
  facet normal 0 0 1
    outer loop
      vertex 0 61 6.5
      vertex 1.1 61 6.5
      vertex 0.0246229 61.3129 6.5
    endloop
  endfacet
  facet normal 0 0 1
    outer loop
      vertex 1.13067 60.7671 6.5
      vertex 0.0246229 60.6871 6.5
      vertex 0.0978861 60.382 6.5
    endloop
  endfacet
  facet normal 0 0 1
    outer loop
      vertex 1.1 61 6.5
      vertex 0 61 6.5
      vertex 0.0246229 60.6871 6.5
    endloop
  endfacet
  facet normal 0.852694 0.522411 0
    outer loop
      vertex 3.61803 62.1756 6.5
      vertex 3.69498 62.05 3
      vertex 3.61803 62.1756 3
    endloop
  endfacet
  facet normal 0.852648 0.522486 -3.70337e-06
    outer loop
      vertex 3.78201 61.908 6.5
      vertex 3.69498 62.05 3
      vertex 3.61803 62.1756 6.5
    endloop
  endfacet
  facet normal 0.852607 0.522552 -0
    outer loop
      vertex 3.78201 61.908 1.5
      vertex 3.69498 62.05 3
      vertex 3.78201 61.908 6.5
    endloop
  endfacet
  facet normal 0.852607 0.522552 0
    outer loop
      vertex 3.69498 62.05 3
      vertex 3.78201 61.908 1.5
      vertex 3.69498 62.05 1.5
    endloop
  endfacet
  facet normal -0.649411 -0.760438 0
    outer loop
      vertex 0.585786 59.5858 3
      vertex 0.824429 59.382 6.5
      vertex 0.585786 59.5858 6.5
    endloop
  endfacet
  facet normal -0.649411 -0.760438 -0
    outer loop
      vertex 0.824429 59.382 6.5
      vertex 0.585786 59.5858 3
      vertex 0.824429 59.382 3
    endloop
  endfacet
  facet normal -0.760349 0.649515 0
    outer loop
      vertex 0.381966 62.1756 3
      vertex 0.585786 62.4142 6.5
      vertex 0.585786 62.4142 3
    endloop
  endfacet
  facet normal -0.760349 0.649515 0
    outer loop
      vertex 0.585786 62.4142 6.5
      vertex 0.381966 62.1756 3
      vertex 0.381966 62.1756 6.5
    endloop
  endfacet
  facet normal 0.38268 0.923881 -0
    outer loop
      vertex 2.90798 62.782 3
      vertex 2.61803 62.9021 6.5
      vertex 2.90798 62.782 6.5
    endloop
  endfacet
  facet normal 0.38268 0.923881 0
    outer loop
      vertex 2.61803 62.9021 6.5
      vertex 2.90798 62.782 3
      vertex 2.61803 62.9021 3
    endloop
  endfacet
  facet normal -0.972359 0.233491 0
    outer loop
      vertex 0.0246229 61.3129 3
      vertex 0.0978861 61.618 6.5
      vertex 0.0978861 61.618 3
    endloop
  endfacet
  facet normal -0.972359 0.233491 0
    outer loop
      vertex 0.0978861 61.618 6.5
      vertex 0.0246229 61.3129 3
      vertex 0.0246229 61.3129 6.5
    endloop
  endfacet
  facet normal 0.852648 -0.522486 0
    outer loop
      vertex 3.61803 59.8244 6.5
      vertex 3.78201 60.092 1.5
      vertex 3.78201 60.092 6.5
    endloop
  endfacet
  facet normal 0.852648 -0.522486 0
    outer loop
      vertex 3.78201 60.092 1.5
      vertex 3.61803 59.8244 6.5
      vertex 3.61803 59.8244 1.5
    endloop
  endfacet
  facet normal -0.38268 -0.923881 0
    outer loop
      vertex 1.09202 59.218 1.5
      vertex 1.38197 59.0979 6.5
      vertex 1.09202 59.218 6.5
    endloop
  endfacet
  facet normal -0.38268 -0.923881 -0
    outer loop
      vertex 1.38197 59.0979 6.5
      vertex 1.09202 59.218 1.5
      vertex 1.38197 59.0979 1.5
    endloop
  endfacet
  facet normal -0.233559 -0.972343 0
    outer loop
      vertex 1.38197 59.0979 1.5
      vertex 1.68713 59.0246 6.5
      vertex 1.38197 59.0979 6.5
    endloop
  endfacet
  facet normal -0.233559 -0.972343 -0
    outer loop
      vertex 1.68713 59.0246 6.5
      vertex 1.38197 59.0979 1.5
      vertex 1.68713 59.0246 1.5
    endloop
  endfacet
  facet normal 0.233559 -0.972343 0
    outer loop
      vertex 2.31287 59.0246 1.5
      vertex 2.61803 59.0979 6.5
      vertex 2.31287 59.0246 6.5
    endloop
  endfacet
  facet normal 0.233559 -0.972343 0
    outer loop
      vertex 2.61803 59.0979 6.5
      vertex 2.31287 59.0246 1.5
      vertex 2.61803 59.0979 1.5
    endloop
  endfacet
  facet normal -0.996918 -0.07845 0
    outer loop
      vertex 0.0246229 60.6871 3
      vertex 0 61 6.5
      vertex 0 61 3
    endloop
  endfacet
  facet normal -0.996918 -0.07845 0
    outer loop
      vertex 0 61 6.5
      vertex 0.0246229 60.6871 3
      vertex 0.0246229 60.6871 6.5
    endloop
  endfacet
  facet normal 0.38268 -0.923881 0
    outer loop
      vertex 2.61803 59.0979 1.5
      vertex 2.90798 59.218 6.5
      vertex 2.61803 59.0979 6.5
    endloop
  endfacet
  facet normal 0.38268 -0.923881 0
    outer loop
      vertex 2.90798 59.218 6.5
      vertex 2.61803 59.0979 1.5
      vertex 2.90798 59.218 1.5
    endloop
  endfacet
  facet normal 0.522546 0.852611 -0
    outer loop
      vertex 3.17557 62.618 3
      vertex 2.90798 62.782 6.5
      vertex 3.17557 62.618 6.5
    endloop
  endfacet
  facet normal 0.522546 0.852611 0
    outer loop
      vertex 2.90798 62.782 6.5
      vertex 3.17557 62.618 3
      vertex 2.90798 62.782 3
    endloop
  endfacet
  facet normal 0.522546 -0.852611 0
    outer loop
      vertex 2.90798 59.218 1.5
      vertex 3.17557 59.382 6.5
      vertex 2.90798 59.218 6.5
    endloop
  endfacet
  facet normal 0.522546 -0.852611 0
    outer loop
      vertex 3.17557 59.382 6.5
      vertex 2.90798 59.218 1.5
      vertex 3.17557 59.382 1.5
    endloop
  endfacet
  facet normal 0.649415 -0.760434 0
    outer loop
      vertex 3.17557 59.382 1.5
      vertex 3.41421 59.5858 6.5
      vertex 3.17557 59.382 6.5
    endloop
  endfacet
  facet normal 0.649415 -0.760434 0
    outer loop
      vertex 3.41421 59.5858 6.5
      vertex 3.17557 59.382 1.5
      vertex 3.41421 59.5858 1.5
    endloop
  endfacet
  facet normal 0.996919 0.0784408 0
    outer loop
      vertex 4 61 6.5
      vertex 3.97538 61.3129 1.5
      vertex 3.97538 61.3129 6.5
    endloop
  endfacet
  facet normal 0.996919 0.0784408 0
    outer loop
      vertex 3.97538 61.3129 1.5
      vertex 4 61 6.5
      vertex 4 61 1.5
    endloop
  endfacet
  facet normal -0.972359 -0.233491 0
    outer loop
      vertex 0.0978861 60.382 3
      vertex 0.0246229 60.6871 6.5
      vertex 0.0246229 60.6871 3
    endloop
  endfacet
  facet normal -0.972359 -0.233491 0
    outer loop
      vertex 0.0246229 60.6871 6.5
      vertex 0.0978861 60.382 3
      vertex 0.0978861 60.382 6.5
    endloop
  endfacet
  facet normal -0.852648 0.522486 0
    outer loop
      vertex 0.217986 61.908 3
      vertex 0.381966 62.1756 6.5
      vertex 0.381966 62.1756 3
    endloop
  endfacet
  facet normal -0.852648 0.522486 0
    outer loop
      vertex 0.381966 62.1756 6.5
      vertex 0.217986 61.908 3
      vertex 0.217986 61.908 6.5
    endloop
  endfacet
  facet normal 0.760349 0.649515 0
    outer loop
      vertex 3.61803 62.1756 6.5
      vertex 3.41421 62.4142 3
      vertex 3.41421 62.4142 6.5
    endloop
  endfacet
  facet normal 0.760349 0.649515 0
    outer loop
      vertex 3.41421 62.4142 3
      vertex 3.61803 62.1756 6.5
      vertex 3.61803 62.1756 3
    endloop
  endfacet
  facet normal -0.078385 0.996923 0
    outer loop
      vertex 2 63 3
      vertex 1.68713 62.9754 6.5
      vertex 2 63 6.5
    endloop
  endfacet
  facet normal -0.078385 0.996923 0
    outer loop
      vertex 1.68713 62.9754 6.5
      vertex 2 63 3
      vertex 1.68713 62.9754 3
    endloop
  endfacet
  facet normal 0.078385 -0.996923 0
    outer loop
      vertex 2 59 1.5
      vertex 2.31287 59.0246 6.5
      vertex 2 59 6.5
    endloop
  endfacet
  facet normal 0.078385 -0.996923 0
    outer loop
      vertex 2.31287 59.0246 6.5
      vertex 2 59 1.5
      vertex 2.31287 59.0246 1.5
    endloop
  endfacet
  facet normal 0.760349 -0.649515 0
    outer loop
      vertex 3.41421 59.5858 6.5
      vertex 3.61803 59.8244 1.5
      vertex 3.61803 59.8244 6.5
    endloop
  endfacet
  facet normal 0.760349 -0.649515 0
    outer loop
      vertex 3.61803 59.8244 1.5
      vertex 3.41421 59.5858 6.5
      vertex 3.41421 59.5858 1.5
    endloop
  endfacet
  facet normal -0.233559 0.972343 0
    outer loop
      vertex 1.68713 62.9754 3
      vertex 1.38197 62.9021 6.5
      vertex 1.68713 62.9754 6.5
    endloop
  endfacet
  facet normal -0.233559 0.972343 0
    outer loop
      vertex 1.38197 62.9021 6.5
      vertex 1.68713 62.9754 3
      vertex 1.38197 62.9021 3
    endloop
  endfacet
  facet normal 0.649415 0.760434 -0
    outer loop
      vertex 3.41421 62.4142 3
      vertex 3.17557 62.618 6.5
      vertex 3.41421 62.4142 6.5
    endloop
  endfacet
  facet normal 0.649415 0.760434 0
    outer loop
      vertex 3.17557 62.618 6.5
      vertex 3.41421 62.4142 3
      vertex 3.17557 62.618 3
    endloop
  endfacet
  facet normal -0.649411 0.760438 0
    outer loop
      vertex 0.824429 62.618 3
      vertex 0.585786 62.4142 6.5
      vertex 0.824429 62.618 6.5
    endloop
  endfacet
  facet normal -0.649411 0.760438 0
    outer loop
      vertex 0.585786 62.4142 6.5
      vertex 0.824429 62.618 3
      vertex 0.585786 62.4142 3
    endloop
  endfacet
  facet normal 0.972332 0.233602 0
    outer loop
      vertex 81.9754 61.3129 6.5
      vertex 81.9021 61.618 3
      vertex 81.9021 61.618 6.5
    endloop
  endfacet
  facet normal 0.972332 0.233602 0
    outer loop
      vertex 81.9021 61.618 3
      vertex 81.9754 61.3129 6.5
      vertex 81.9754 61.3129 3
    endloop
  endfacet
  facet normal 0.233602 0.972332 -0
    outer loop
      vertex 80.618 62.9021 3
      vertex 80.3129 62.9754 6.5
      vertex 80.618 62.9021 6.5
    endloop
  endfacet
  facet normal 0.233602 0.972332 0
    outer loop
      vertex 80.3129 62.9754 6.5
      vertex 80.618 62.9021 3
      vertex 80.3129 62.9754 3
    endloop
  endfacet
  facet normal 0.972332 -0.233602 0
    outer loop
      vertex 81.9021 60.382 6.5
      vertex 81.9754 60.6871 3
      vertex 81.9754 60.6871 6.5
    endloop
  endfacet
  facet normal 0.972332 -0.233602 0
    outer loop
      vertex 81.9754 60.6871 3
      vertex 81.9021 60.382 6.5
      vertex 81.9021 60.382 3
    endloop
  endfacet
  facet normal 0.996924 -0.0783775 0
    outer loop
      vertex 81.9754 60.6871 6.5
      vertex 82 61 3
      vertex 82 61 6.5
    endloop
  endfacet
  facet normal 0.996924 -0.0783775 0
    outer loop
      vertex 82 61 3
      vertex 81.9754 60.6871 6.5
      vertex 81.9754 60.6871 3
    endloop
  endfacet
  facet normal 0.923904 -0.382624 0
    outer loop
      vertex 81.782 60.092 6.5
      vertex 81.9021 60.382 3
      vertex 81.9021 60.382 6.5
    endloop
  endfacet
  facet normal 0.923904 -0.382624 0
    outer loop
      vertex 81.9021 60.382 3
      vertex 81.782 60.092 6.5
      vertex 81.782 60.092 3
    endloop
  endfacet
  facet normal -0.0783775 -0.996924 0
    outer loop
      vertex 79.6871 59.0246 1.5
      vertex 80 59 6.5
      vertex 79.6871 59.0246 6.5
    endloop
  endfacet
  facet normal -0.0783775 -0.996924 -0
    outer loop
      vertex 80 59 6.5
      vertex 79.6871 59.0246 1.5
      vertex 80 59 1.5
    endloop
  endfacet
  facet normal -0.923904 -0.382624 0
    outer loop
      vertex 78.218 60.092 1.5
      vertex 78.0979 60.382 6.5
      vertex 78.0979 60.382 1.5
    endloop
  endfacet
  facet normal -0.923904 -0.382624 0
    outer loop
      vertex 78.0979 60.382 6.5
      vertex 78.218 60.092 1.5
      vertex 78.218 60.092 6.5
    endloop
  endfacet
  facet normal -0.85262 -0.522532 0
    outer loop
      vertex 78.382 59.8244 1.5
      vertex 78.218 60.092 6.5
      vertex 78.218 60.092 1.5
    endloop
  endfacet
  facet normal -0.85262 -0.522532 0
    outer loop
      vertex 78.218 60.092 6.5
      vertex 78.382 59.8244 1.5
      vertex 78.382 59.8244 6.5
    endloop
  endfacet
  facet normal 0.0783775 0.996924 -0
    outer loop
      vertex 80.3129 62.9754 3
      vertex 80 63 6.5
      vertex 80.3129 62.9754 6.5
    endloop
  endfacet
  facet normal 0.0783775 0.996924 0
    outer loop
      vertex 80 63 6.5
      vertex 80.3129 62.9754 3
      vertex 80 63 3
    endloop
  endfacet
  facet normal -0.382624 0.923904 0
    outer loop
      vertex 79.382 62.9021 3
      vertex 79.092 62.782 6.5
      vertex 79.382 62.9021 6.5
    endloop
  endfacet
  facet normal -0.382624 0.923904 0
    outer loop
      vertex 79.092 62.782 6.5
      vertex 79.382 62.9021 3
      vertex 79.092 62.782 3
    endloop
  endfacet
  facet normal -0.923904 0.382624 0
    outer loop
      vertex 78.0979 61.618 1.5
      vertex 78.218 61.908 6.5
      vertex 78.218 61.908 1.5
    endloop
  endfacet
  facet normal -0.923904 0.382624 0
    outer loop
      vertex 78.218 61.908 6.5
      vertex 78.0979 61.618 1.5
      vertex 78.0979 61.618 6.5
    endloop
  endfacet
  facet normal -0.76038 -0.649478 0
    outer loop
      vertex 78.5858 59.5858 1.5
      vertex 78.382 59.8244 6.5
      vertex 78.382 59.8244 1.5
    endloop
  endfacet
  facet normal -0.76038 -0.649478 0
    outer loop
      vertex 78.382 59.8244 6.5
      vertex 78.5858 59.5858 1.5
      vertex 78.5858 59.5858 6.5
    endloop
  endfacet
  facet normal 0.923904 0.382624 0
    outer loop
      vertex 81.9021 61.618 6.5
      vertex 81.782 61.908 3
      vertex 81.782 61.908 6.5
    endloop
  endfacet
  facet normal 0.923904 0.382624 0
    outer loop
      vertex 81.782 61.908 3
      vertex 81.9021 61.618 6.5
      vertex 81.9021 61.618 3
    endloop
  endfacet
  facet normal -0.522532 0.85262 0
    outer loop
      vertex 79.092 62.782 3
      vertex 78.8244 62.618 6.5
      vertex 79.092 62.782 6.5
    endloop
  endfacet
  facet normal -0.522532 0.85262 0
    outer loop
      vertex 78.8244 62.618 6.5
      vertex 79.092 62.782 3
      vertex 78.8244 62.618 3
    endloop
  endfacet
  facet normal -0.522532 -0.85262 0
    outer loop
      vertex 78.8244 59.382 1.5
      vertex 79.092 59.218 6.5
      vertex 78.8244 59.382 6.5
    endloop
  endfacet
  facet normal -0.522532 -0.85262 -0
    outer loop
      vertex 79.092 59.218 6.5
      vertex 78.8244 59.382 1.5
      vertex 79.092 59.218 1.5
    endloop
  endfacet
  facet normal -0.996924 0.0783775 0
    outer loop
      vertex 78 61 1.5
      vertex 78.0246 61.3129 6.5
      vertex 78.0246 61.3129 1.5
    endloop
  endfacet
  facet normal -0.996924 0.0783775 0
    outer loop
      vertex 78.0246 61.3129 6.5
      vertex 78 61 1.5
      vertex 78 61 6.5
    endloop
  endfacet
  facet normal 0.85262 0.522532 0
    outer loop
      vertex 81.782 61.908 6.5
      vertex 81.618 62.1756 3
      vertex 81.618 62.1756 6.5
    endloop
  endfacet
  facet normal 0.85262 0.522532 0
    outer loop
      vertex 81.618 62.1756 3
      vertex 81.782 61.908 6.5
      vertex 81.782 61.908 3
    endloop
  endfacet
  facet normal -0.649478 -0.76038 0
    outer loop
      vertex 78.5858 59.5858 1.5
      vertex 78.8244 59.382 6.5
      vertex 78.5858 59.5858 6.5
    endloop
  endfacet
  facet normal -0.649478 -0.76038 -0
    outer loop
      vertex 78.8244 59.382 6.5
      vertex 78.5858 59.5858 1.5
      vertex 78.8244 59.382 1.5
    endloop
  endfacet
  facet normal -0.76038 0.649478 0
    outer loop
      vertex 78.382 62.1756 3
      vertex 78.5858 62.4142 6.5
      vertex 78.5858 62.4142 3
    endloop
  endfacet
  facet normal -0.76038 0.649478 0
    outer loop
      vertex 78.5858 62.4142 6.5
      vertex 78.382 62.1756 3
      vertex 78.382 62.1756 6.5
    endloop
  endfacet
  facet normal 0.382624 0.923904 -0
    outer loop
      vertex 80.908 62.782 3
      vertex 80.618 62.9021 6.5
      vertex 80.908 62.782 6.5
    endloop
  endfacet
  facet normal 0.382624 0.923904 0
    outer loop
      vertex 80.618 62.9021 6.5
      vertex 80.908 62.782 3
      vertex 80.618 62.9021 3
    endloop
  endfacet
  facet normal -0.972332 0.233602 0
    outer loop
      vertex 78.0246 61.3129 1.5
      vertex 78.0979 61.618 6.5
      vertex 78.0979 61.618 1.5
    endloop
  endfacet
  facet normal -0.972332 0.233602 0
    outer loop
      vertex 78.0979 61.618 6.5
      vertex 78.0246 61.3129 1.5
      vertex 78.0246 61.3129 6.5
    endloop
  endfacet
  facet normal 0.85262 -0.522532 0
    outer loop
      vertex 81.618 59.8244 6.5
      vertex 81.782 60.092 3
      vertex 81.782 60.092 6.5
    endloop
  endfacet
  facet normal 0.85262 -0.522532 0
    outer loop
      vertex 81.782 60.092 3
      vertex 81.618 59.8244 6.5
      vertex 81.618 59.8244 3
    endloop
  endfacet
  facet normal -0.382624 -0.923904 0
    outer loop
      vertex 79.092 59.218 1.5
      vertex 79.382 59.0979 6.5
      vertex 79.092 59.218 6.5
    endloop
  endfacet
  facet normal -0.382624 -0.923904 -0
    outer loop
      vertex 79.382 59.0979 6.5
      vertex 79.092 59.218 1.5
      vertex 79.382 59.0979 1.5
    endloop
  endfacet
  facet normal -0.233602 -0.972332 0
    outer loop
      vertex 79.382 59.0979 1.5
      vertex 79.6871 59.0246 6.5
      vertex 79.382 59.0979 6.5
    endloop
  endfacet
  facet normal -0.233602 -0.972332 -0
    outer loop
      vertex 79.6871 59.0246 6.5
      vertex 79.382 59.0979 1.5
      vertex 79.6871 59.0246 1.5
    endloop
  endfacet
  facet normal 0.233602 -0.972332 0
    outer loop
      vertex 80.3129 59.0246 1.5
      vertex 80.618 59.0979 6.5
      vertex 80.3129 59.0246 6.5
    endloop
  endfacet
  facet normal 0.233602 -0.972332 0
    outer loop
      vertex 80.618 59.0979 6.5
      vertex 80.3129 59.0246 1.5
      vertex 80.618 59.0979 1.5
    endloop
  endfacet
  facet normal -0.996924 -0.0783775 0
    outer loop
      vertex 78.0246 60.6871 1.5
      vertex 78 61 6.5
      vertex 78 61 1.5
    endloop
  endfacet
  facet normal -0.996924 -0.0783775 0
    outer loop
      vertex 78 61 6.5
      vertex 78.0246 60.6871 1.5
      vertex 78.0246 60.6871 6.5
    endloop
  endfacet
  facet normal 0.382624 -0.923904 0
    outer loop
      vertex 80.618 59.0979 1.5
      vertex 80.908 59.218 6.5
      vertex 80.618 59.0979 6.5
    endloop
  endfacet
  facet normal 0.382624 -0.923904 0
    outer loop
      vertex 80.908 59.218 6.5
      vertex 80.618 59.0979 1.5
      vertex 80.908 59.218 1.5
    endloop
  endfacet
  facet normal 0.522532 0.85262 -0
    outer loop
      vertex 81.1756 62.618 3
      vertex 80.908 62.782 6.5
      vertex 81.1756 62.618 6.5
    endloop
  endfacet
  facet normal 0.522532 0.85262 0
    outer loop
      vertex 80.908 62.782 6.5
      vertex 81.1756 62.618 3
      vertex 80.908 62.782 3
    endloop
  endfacet
  facet normal 0.522532 -0.85262 6.19028e-06
    outer loop
      vertex 80.908 59.218 6.5
      vertex 81.05 59.305 3
      vertex 81.1756 59.382 6.5
    endloop
  endfacet
  facet normal 0.522421 -0.852688 0
    outer loop
      vertex 80.908 59.218 1.5
      vertex 81.05 59.305 3
      vertex 80.908 59.218 6.5
    endloop
  endfacet
  facet normal 0.522421 -0.852688 0
    outer loop
      vertex 81.05 59.305 3
      vertex 80.908 59.218 1.5
      vertex 81.05 59.305 1.5
    endloop
  endfacet
  facet normal 0.522658 -0.852543 0
    outer loop
      vertex 81.1756 59.382 6.5
      vertex 81.05 59.305 3
      vertex 81.1756 59.382 3
    endloop
  endfacet
  facet normal 0.649478 -0.76038 0
    outer loop
      vertex 81.1756 59.382 3
      vertex 81.4142 59.5858 6.5
      vertex 81.1756 59.382 6.5
    endloop
  endfacet
  facet normal 0.649478 -0.76038 0
    outer loop
      vertex 81.4142 59.5858 6.5
      vertex 81.1756 59.382 3
      vertex 81.4142 59.5858 3
    endloop
  endfacet
  facet normal 0.996924 0.0783775 0
    outer loop
      vertex 82 61 6.5
      vertex 81.9754 61.3129 3
      vertex 81.9754 61.3129 6.5
    endloop
  endfacet
  facet normal 0.996924 0.0783775 0
    outer loop
      vertex 81.9754 61.3129 3
      vertex 82 61 6.5
      vertex 82 61 3
    endloop
  endfacet
  facet normal -0.972332 -0.233602 0
    outer loop
      vertex 78.0979 60.382 1.5
      vertex 78.0246 60.6871 6.5
      vertex 78.0246 60.6871 1.5
    endloop
  endfacet
  facet normal -0.972332 -0.233602 0
    outer loop
      vertex 78.0246 60.6871 6.5
      vertex 78.0979 60.382 1.5
      vertex 78.0979 60.382 6.5
    endloop
  endfacet
  facet normal -0.852688 0.522421 0
    outer loop
      vertex 78.305 62.05 1.5
      vertex 78.218 61.908 1.5
      vertex 78.305 62.05 3
    endloop
  endfacet
  facet normal -0.852543 0.522658 0
    outer loop
      vertex 78.305 62.05 3
      vertex 78.382 62.1756 6.5
      vertex 78.382 62.1756 3
    endloop
  endfacet
  facet normal -0.852688 0.522421 0
    outer loop
      vertex 78.218 61.908 6.5
      vertex 78.305 62.05 3
      vertex 78.218 61.908 1.5
    endloop
  endfacet
  facet normal -0.85262 0.522532 6.19028e-06
    outer loop
      vertex 78.305 62.05 3
      vertex 78.218 61.908 6.5
      vertex 78.382 62.1756 6.5
    endloop
  endfacet
  facet normal 0.76038 0.649478 0
    outer loop
      vertex 81.618 62.1756 6.5
      vertex 81.4142 62.4142 3
      vertex 81.4142 62.4142 6.5
    endloop
  endfacet
  facet normal 0.76038 0.649478 0
    outer loop
      vertex 81.4142 62.4142 3
      vertex 81.618 62.1756 6.5
      vertex 81.618 62.1756 3
    endloop
  endfacet
  facet normal -0.0783775 0.996924 0
    outer loop
      vertex 80 63 3
      vertex 79.6871 62.9754 6.5
      vertex 80 63 6.5
    endloop
  endfacet
  facet normal -0.0783775 0.996924 0
    outer loop
      vertex 79.6871 62.9754 6.5
      vertex 80 63 3
      vertex 79.6871 62.9754 3
    endloop
  endfacet
  facet normal 0 0 1
    outer loop
      vertex 80.9 61 6.5
      vertex 82 61 6.5
      vertex 81.9754 61.3129 6.5
    endloop
  endfacet
  facet normal 0 0 1
    outer loop
      vertex 80.8693 61.2329 6.5
      vertex 81.9754 61.3129 6.5
      vertex 81.9021 61.618 6.5
    endloop
  endfacet
  facet normal 0 0 1
    outer loop
      vertex 82 61 6.5
      vertex 80.9 61 6.5
      vertex 81.9754 60.6871 6.5
    endloop
  endfacet
  facet normal 0 0 1
    outer loop
      vertex 80.8693 61.2329 6.5
      vertex 81.9021 61.618 6.5
      vertex 81.782 61.908 6.5
    endloop
  endfacet
  facet normal -0 0 1
    outer loop
      vertex 80.8693 60.7671 6.5
      vertex 81.9754 60.6871 6.5
      vertex 80.9 61 6.5
    endloop
  endfacet
  facet normal 0 0 1
    outer loop
      vertex 80.7794 61.45 6.5
      vertex 81.782 61.908 6.5
      vertex 81.618 62.1756 6.5
    endloop
  endfacet
  facet normal 0 0 1
    outer loop
      vertex 81.9754 60.6871 6.5
      vertex 80.8693 60.7671 6.5
      vertex 81.9021 60.382 6.5
    endloop
  endfacet
  facet normal 0 0 1
    outer loop
      vertex 80.6364 61.6364 6.5
      vertex 81.618 62.1756 6.5
      vertex 81.4142 62.4142 6.5
    endloop
  endfacet
  facet normal 0 0 1
    outer loop
      vertex 81.9021 60.382 6.5
      vertex 80.8693 60.7671 6.5
      vertex 81.782 60.092 6.5
    endloop
  endfacet
  facet normal 0 0 1
    outer loop
      vertex 80.6364 61.6364 6.5
      vertex 81.4142 62.4142 6.5
      vertex 81.1756 62.618 6.5
    endloop
  endfacet
  facet normal -0 0 1
    outer loop
      vertex 80.7794 60.55 6.5
      vertex 81.782 60.092 6.5
      vertex 80.8693 60.7671 6.5
    endloop
  endfacet
  facet normal 0 0 1
    outer loop
      vertex 80.45 61.7794 6.5
      vertex 81.1756 62.618 6.5
      vertex 80.908 62.782 6.5
    endloop
  endfacet
  facet normal 0 0 1
    outer loop
      vertex 81.782 60.092 6.5
      vertex 80.7794 60.55 6.5
      vertex 81.618 59.8244 6.5
    endloop
  endfacet
  facet normal -0 0 1
    outer loop
      vertex 80.6364 60.3636 6.5
      vertex 81.618 59.8244 6.5
      vertex 80.7794 60.55 6.5
    endloop
  endfacet
  facet normal 0 0 1
    outer loop
      vertex 81.9754 61.3129 6.5
      vertex 80.8693 61.2329 6.5
      vertex 80.9 61 6.5
    endloop
  endfacet
  facet normal 0 0 1
    outer loop
      vertex 81.782 61.908 6.5
      vertex 80.7794 61.45 6.5
      vertex 80.8693 61.2329 6.5
    endloop
  endfacet
  facet normal 0 0 1
    outer loop
      vertex 81.618 62.1756 6.5
      vertex 80.6364 61.6364 6.5
      vertex 80.7794 61.45 6.5
    endloop
  endfacet
  facet normal 0 0 1
    outer loop
      vertex 80.45 61.7794 6.5
      vertex 80.908 62.782 6.5
      vertex 80.618 62.9021 6.5
    endloop
  endfacet
  facet normal 0 0 1
    outer loop
      vertex 81.1756 62.618 6.5
      vertex 80.45 61.7794 6.5
      vertex 80.6364 61.6364 6.5
    endloop
  endfacet
  facet normal 0 0 1
    outer loop
      vertex 80.2329 61.8693 6.5
      vertex 80.618 62.9021 6.5
      vertex 80.3129 62.9754 6.5
    endloop
  endfacet
  facet normal 0 0 1
    outer loop
      vertex 80.618 62.9021 6.5
      vertex 80.2329 61.8693 6.5
      vertex 80.45 61.7794 6.5
    endloop
  endfacet
  facet normal 0 0 1
    outer loop
      vertex 80 61.9 6.5
      vertex 80.3129 62.9754 6.5
      vertex 80 63 6.5
    endloop
  endfacet
  facet normal 0 0 1
    outer loop
      vertex 80.3129 62.9754 6.5
      vertex 80 61.9 6.5
      vertex 80.2329 61.8693 6.5
    endloop
  endfacet
  facet normal -0 0 1
    outer loop
      vertex 79.6871 62.9754 6.5
      vertex 80 61.9 6.5
      vertex 80 63 6.5
    endloop
  endfacet
  facet normal 0 0 1
    outer loop
      vertex 80 61.9 6.5
      vertex 79.6871 62.9754 6.5
      vertex 79.7671 61.8693 6.5
    endloop
  endfacet
  facet normal -0 0 1
    outer loop
      vertex 79.382 62.9021 6.5
      vertex 79.7671 61.8693 6.5
      vertex 79.6871 62.9754 6.5
    endloop
  endfacet
  facet normal 0 0 1
    outer loop
      vertex 79.7671 61.8693 6.5
      vertex 79.382 62.9021 6.5
      vertex 79.55 61.7794 6.5
    endloop
  endfacet
  facet normal -0 0 1
    outer loop
      vertex 79.092 62.782 6.5
      vertex 79.55 61.7794 6.5
      vertex 79.382 62.9021 6.5
    endloop
  endfacet
  facet normal -0 0 1
    outer loop
      vertex 78.8244 62.618 6.5
      vertex 79.55 61.7794 6.5
      vertex 79.092 62.782 6.5
    endloop
  endfacet
  facet normal 0 0 1
    outer loop
      vertex 79.55 61.7794 6.5
      vertex 78.8244 62.618 6.5
      vertex 79.3636 61.6364 6.5
    endloop
  endfacet
  facet normal -0 0 1
    outer loop
      vertex 78.382 62.1756 6.5
      vertex 79.3636 61.6364 6.5
      vertex 78.5858 62.4142 6.5
    endloop
  endfacet
  facet normal -0 0 1
    outer loop
      vertex 78.5858 62.4142 6.5
      vertex 79.3636 61.6364 6.5
      vertex 78.8244 62.618 6.5
    endloop
  endfacet
  facet normal 0 0 1
    outer loop
      vertex 81.618 59.8244 6.5
      vertex 80.6364 60.3636 6.5
      vertex 81.4142 59.5858 6.5
    endloop
  endfacet
  facet normal 0 0 1
    outer loop
      vertex 81.4142 59.5858 6.5
      vertex 80.6364 60.3636 6.5
      vertex 81.1756 59.382 6.5
    endloop
  endfacet
  facet normal -0 0 1
    outer loop
      vertex 80.45 60.2206 6.5
      vertex 81.1756 59.382 6.5
      vertex 80.6364 60.3636 6.5
    endloop
  endfacet
  facet normal 0 0 1
    outer loop
      vertex 81.1756 59.382 6.5
      vertex 80.45 60.2206 6.5
      vertex 80.908 59.218 6.5
    endloop
  endfacet
  facet normal 0 0 1
    outer loop
      vertex 80.908 59.218 6.5
      vertex 80.45 60.2206 6.5
      vertex 80.618 59.0979 6.5
    endloop
  endfacet
  facet normal -0 0 1
    outer loop
      vertex 80.2329 60.1307 6.5
      vertex 80.618 59.0979 6.5
      vertex 80.45 60.2206 6.5
    endloop
  endfacet
  facet normal 0 0 1
    outer loop
      vertex 80.618 59.0979 6.5
      vertex 80.2329 60.1307 6.5
      vertex 80.3129 59.0246 6.5
    endloop
  endfacet
  facet normal -0 0 1
    outer loop
      vertex 80 60.1 6.5
      vertex 80.3129 59.0246 6.5
      vertex 80.2329 60.1307 6.5
    endloop
  endfacet
  facet normal 0 0 1
    outer loop
      vertex 80 60.1 6.5
      vertex 80 59 6.5
      vertex 80.3129 59.0246 6.5
    endloop
  endfacet
  facet normal 0 0 1
    outer loop
      vertex 79.6871 59.0246 6.5
      vertex 80 60.1 6.5
      vertex 79.7671 60.1307 6.5
    endloop
  endfacet
  facet normal 0 0 1
    outer loop
      vertex 80 60.1 6.5
      vertex 79.6871 59.0246 6.5
      vertex 80 59 6.5
    endloop
  endfacet
  facet normal 0 0 1
    outer loop
      vertex 79.382 59.0979 6.5
      vertex 79.7671 60.1307 6.5
      vertex 79.55 60.2206 6.5
    endloop
  endfacet
  facet normal 0 0 1
    outer loop
      vertex 79.7671 60.1307 6.5
      vertex 79.382 59.0979 6.5
      vertex 79.6871 59.0246 6.5
    endloop
  endfacet
  facet normal 0 0 1
    outer loop
      vertex 78.8244 59.382 6.5
      vertex 79.55 60.2206 6.5
      vertex 79.3636 60.3636 6.5
    endloop
  endfacet
  facet normal 0 0 1
    outer loop
      vertex 78.382 59.8244 6.5
      vertex 79.3636 60.3636 6.5
      vertex 79.2206 60.55 6.5
    endloop
  endfacet
  facet normal 0 0 1
    outer loop
      vertex 78.218 60.092 6.5
      vertex 79.2206 60.55 6.5
      vertex 79.1307 60.7671 6.5
    endloop
  endfacet
  facet normal 0 0 1
    outer loop
      vertex 79.55 60.2206 6.5
      vertex 79.092 59.218 6.5
      vertex 79.382 59.0979 6.5
    endloop
  endfacet
  facet normal 0 0 1
    outer loop
      vertex 78.0246 60.6871 6.5
      vertex 79.1307 60.7671 6.5
      vertex 79.1 61 6.5
    endloop
  endfacet
  facet normal 0 0 1
    outer loop
      vertex 79.3636 61.6364 6.5
      vertex 78.382 62.1756 6.5
      vertex 79.2206 61.45 6.5
    endloop
  endfacet
  facet normal -0 0 1
    outer loop
      vertex 78.218 61.908 6.5
      vertex 79.2206 61.45 6.5
      vertex 78.382 62.1756 6.5
    endloop
  endfacet
  facet normal 0 0 1
    outer loop
      vertex 79.55 60.2206 6.5
      vertex 78.8244 59.382 6.5
      vertex 79.092 59.218 6.5
    endloop
  endfacet
  facet normal 0 0 1
    outer loop
      vertex 79.2206 61.45 6.5
      vertex 78.218 61.908 6.5
      vertex 79.1307 61.2329 6.5
    endloop
  endfacet
  facet normal 0 0 1
    outer loop
      vertex 79.3636 60.3636 6.5
      vertex 78.5858 59.5858 6.5
      vertex 78.8244 59.382 6.5
    endloop
  endfacet
  facet normal -0 0 1
    outer loop
      vertex 78.0979 61.618 6.5
      vertex 79.1307 61.2329 6.5
      vertex 78.218 61.908 6.5
    endloop
  endfacet
  facet normal 0 0 1
    outer loop
      vertex 79.3636 60.3636 6.5
      vertex 78.382 59.8244 6.5
      vertex 78.5858 59.5858 6.5
    endloop
  endfacet
  facet normal -0 0 1
    outer loop
      vertex 78.0246 61.3129 6.5
      vertex 79.1307 61.2329 6.5
      vertex 78.0979 61.618 6.5
    endloop
  endfacet
  facet normal 0 0 1
    outer loop
      vertex 79.2206 60.55 6.5
      vertex 78.218 60.092 6.5
      vertex 78.382 59.8244 6.5
    endloop
  endfacet
  facet normal 0 0 1
    outer loop
      vertex 79.1307 61.2329 6.5
      vertex 78.0246 61.3129 6.5
      vertex 79.1 61 6.5
    endloop
  endfacet
  facet normal 0 0 1
    outer loop
      vertex 79.1307 60.7671 6.5
      vertex 78.0979 60.382 6.5
      vertex 78.218 60.092 6.5
    endloop
  endfacet
  facet normal 0 0 1
    outer loop
      vertex 78 61 6.5
      vertex 79.1 61 6.5
      vertex 78.0246 61.3129 6.5
    endloop
  endfacet
  facet normal 0 0 1
    outer loop
      vertex 79.1307 60.7671 6.5
      vertex 78.0246 60.6871 6.5
      vertex 78.0979 60.382 6.5
    endloop
  endfacet
  facet normal 0 0 1
    outer loop
      vertex 79.1 61 6.5
      vertex 78 61 6.5
      vertex 78.0246 60.6871 6.5
    endloop
  endfacet
  facet normal 0.0783775 -0.996924 0
    outer loop
      vertex 80 59 1.5
      vertex 80.3129 59.0246 6.5
      vertex 80 59 6.5
    endloop
  endfacet
  facet normal 0.0783775 -0.996924 0
    outer loop
      vertex 80.3129 59.0246 6.5
      vertex 80 59 1.5
      vertex 80.3129 59.0246 1.5
    endloop
  endfacet
  facet normal 0.76038 -0.649478 0
    outer loop
      vertex 81.4142 59.5858 6.5
      vertex 81.618 59.8244 3
      vertex 81.618 59.8244 6.5
    endloop
  endfacet
  facet normal 0.76038 -0.649478 0
    outer loop
      vertex 81.618 59.8244 3
      vertex 81.4142 59.5858 6.5
      vertex 81.4142 59.5858 3
    endloop
  endfacet
  facet normal -0.233602 0.972332 0
    outer loop
      vertex 79.6871 62.9754 3
      vertex 79.382 62.9021 6.5
      vertex 79.6871 62.9754 6.5
    endloop
  endfacet
  facet normal -0.233602 0.972332 0
    outer loop
      vertex 79.382 62.9021 6.5
      vertex 79.6871 62.9754 3
      vertex 79.382 62.9021 3
    endloop
  endfacet
  facet normal 0.649478 0.76038 -0
    outer loop
      vertex 81.4142 62.4142 3
      vertex 81.1756 62.618 6.5
      vertex 81.4142 62.4142 6.5
    endloop
  endfacet
  facet normal 0.649478 0.76038 0
    outer loop
      vertex 81.1756 62.618 6.5
      vertex 81.4142 62.4142 3
      vertex 81.1756 62.618 3
    endloop
  endfacet
  facet normal -0.649478 0.76038 0
    outer loop
      vertex 78.8244 62.618 3
      vertex 78.5858 62.4142 6.5
      vertex 78.8244 62.618 6.5
    endloop
  endfacet
  facet normal -0.649478 0.76038 0
    outer loop
      vertex 78.5858 62.4142 6.5
      vertex 78.8244 62.618 3
      vertex 78.5858 62.4142 3
    endloop
  endfacet
  facet normal 0.972343 0.233559 0
    outer loop
      vertex 81.9754 2.31287 6.5
      vertex 81.9021 2.61803 3
      vertex 81.9021 2.61803 6.5
    endloop
  endfacet
  facet normal 0.972343 0.233559 0
    outer loop
      vertex 81.9021 2.61803 3
      vertex 81.9754 2.31287 6.5
      vertex 81.9754 2.31287 3
    endloop
  endfacet
  facet normal 0.233512 0.972354 -0
    outer loop
      vertex 80.618 3.90211 1.5
      vertex 80.3129 3.97538 6.5
      vertex 80.618 3.90211 6.5
    endloop
  endfacet
  facet normal 0.233512 0.972354 0
    outer loop
      vertex 80.3129 3.97538 6.5
      vertex 80.618 3.90211 1.5
      vertex 80.3129 3.97538 1.5
    endloop
  endfacet
  facet normal 0.972343 -0.233559 0
    outer loop
      vertex 81.9021 1.38197 6.5
      vertex 81.9754 1.68713 3
      vertex 81.9754 1.68713 6.5
    endloop
  endfacet
  facet normal 0.972343 -0.233559 0
    outer loop
      vertex 81.9754 1.68713 3
      vertex 81.9021 1.38197 6.5
      vertex 81.9021 1.38197 3
    endloop
  endfacet
  facet normal 0.996923 -0.078385 0
    outer loop
      vertex 81.9754 1.68713 6.5
      vertex 82 2 3
      vertex 82 2 6.5
    endloop
  endfacet
  facet normal 0.996923 -0.078385 0
    outer loop
      vertex 82 2 3
      vertex 81.9754 1.68713 6.5
      vertex 81.9754 1.68713 3
    endloop
  endfacet
  facet normal 0.923881 -0.38268 0
    outer loop
      vertex 81.782 1.09202 6.5
      vertex 81.9021 1.38197 3
      vertex 81.9021 1.38197 6.5
    endloop
  endfacet
  facet normal 0.923881 -0.38268 0
    outer loop
      vertex 81.9021 1.38197 3
      vertex 81.782 1.09202 6.5
      vertex 81.782 1.09202 3
    endloop
  endfacet
  facet normal -0.0784532 -0.996918 0
    outer loop
      vertex 79.6871 0.0246239 3
      vertex 80 7.10543e-15 6.5
      vertex 79.6871 0.0246239 6.5
    endloop
  endfacet
  facet normal -0.0784532 -0.996918 -0
    outer loop
      vertex 80 7.10543e-15 6.5
      vertex 79.6871 0.0246239 3
      vertex 80 7.10543e-15 3
    endloop
  endfacet
  facet normal -0.923881 -0.38268 0
    outer loop
      vertex 78.218 1.09202 1.5
      vertex 78.0979 1.38197 6.5
      vertex 78.0979 1.38197 1.5
    endloop
  endfacet
  facet normal -0.923881 -0.38268 0
    outer loop
      vertex 78.0979 1.38197 6.5
      vertex 78.218 1.09202 1.5
      vertex 78.218 1.09202 6.5
    endloop
  endfacet
  facet normal -0.852701 -0.5224 -0
    outer loop
      vertex 78.305 0.950012 3
      vertex 78.218 1.09202 1.5
      vertex 78.305 0.950012 1.5
    endloop
  endfacet
  facet normal -0.852701 -0.5224 0
    outer loop
      vertex 78.218 1.09202 1.5
      vertex 78.305 0.950012 3
      vertex 78.218 1.09202 6.5
    endloop
  endfacet
  facet normal -0.852509 -0.522712 -0
    outer loop
      vertex 78.382 0.82443 6.5
      vertex 78.305 0.950012 3
      vertex 78.382 0.82443 3
    endloop
  endfacet
  facet normal -0.852611 -0.522546 8.17685e-06
    outer loop
      vertex 78.305 0.950012 3
      vertex 78.382 0.82443 6.5
      vertex 78.218 1.09202 6.5
    endloop
  endfacet
  facet normal 0.0784408 0.996919 -0
    outer loop
      vertex 80.3129 3.97538 1.5
      vertex 80 4 6.5
      vertex 80.3129 3.97538 6.5
    endloop
  endfacet
  facet normal 0.0784408 0.996919 0
    outer loop
      vertex 80 4 6.5
      vertex 80.3129 3.97538 1.5
      vertex 80 4 1.5
    endloop
  endfacet
  facet normal -0.382624 0.923904 0
    outer loop
      vertex 79.382 3.90211 1.5
      vertex 79.092 3.78201 6.5
      vertex 79.382 3.90211 6.5
    endloop
  endfacet
  facet normal -0.382624 0.923904 0
    outer loop
      vertex 79.092 3.78201 6.5
      vertex 79.382 3.90211 1.5
      vertex 79.092 3.78201 1.5
    endloop
  endfacet
  facet normal -0.923881 0.38268 0
    outer loop
      vertex 78.0979 2.61803 1.5
      vertex 78.218 2.90798 6.5
      vertex 78.218 2.90798 1.5
    endloop
  endfacet
  facet normal -0.923881 0.38268 0
    outer loop
      vertex 78.218 2.90798 6.5
      vertex 78.0979 2.61803 1.5
      vertex 78.0979 2.61803 6.5
    endloop
  endfacet
  facet normal -0.760438 -0.649411 0
    outer loop
      vertex 78.5858 0.585787 3
      vertex 78.382 0.82443 6.5
      vertex 78.382 0.82443 3
    endloop
  endfacet
  facet normal -0.760438 -0.649411 0
    outer loop
      vertex 78.382 0.82443 6.5
      vertex 78.5858 0.585787 3
      vertex 78.5858 0.585787 6.5
    endloop
  endfacet
  facet normal 0.923881 0.38268 0
    outer loop
      vertex 81.9021 2.61803 6.5
      vertex 81.782 2.90798 3
      vertex 81.782 2.90798 6.5
    endloop
  endfacet
  facet normal 0.923881 0.38268 0
    outer loop
      vertex 81.782 2.90798 3
      vertex 81.9021 2.61803 6.5
      vertex 81.9021 2.61803 3
    endloop
  endfacet
  facet normal -0.522486 0.852648 0
    outer loop
      vertex 79.092 3.78201 1.5
      vertex 78.8244 3.61803 6.5
      vertex 79.092 3.78201 6.5
    endloop
  endfacet
  facet normal -0.522486 0.852648 0
    outer loop
      vertex 78.8244 3.61803 6.5
      vertex 79.092 3.78201 1.5
      vertex 78.8244 3.61803 1.5
    endloop
  endfacet
  facet normal -0.522486 -0.852648 0
    outer loop
      vertex 78.8244 0.381967 3
      vertex 79.092 0.217987 6.5
      vertex 78.8244 0.381967 6.5
    endloop
  endfacet
  facet normal -0.522486 -0.852648 -0
    outer loop
      vertex 79.092 0.217987 6.5
      vertex 78.8244 0.381967 3
      vertex 79.092 0.217987 3
    endloop
  endfacet
  facet normal -0.996923 0.078385 0
    outer loop
      vertex 78 2 1.5
      vertex 78.0246 2.31287 6.5
      vertex 78.0246 2.31287 1.5
    endloop
  endfacet
  facet normal -0.996923 0.078385 0
    outer loop
      vertex 78.0246 2.31287 6.5
      vertex 78 2 1.5
      vertex 78 2 6.5
    endloop
  endfacet
  facet normal 0.852611 0.522546 0
    outer loop
      vertex 81.782 2.90798 6.5
      vertex 81.618 3.17557 3
      vertex 81.618 3.17557 6.5
    endloop
  endfacet
  facet normal 0.852611 0.522546 0
    outer loop
      vertex 81.618 3.17557 3
      vertex 81.782 2.90798 6.5
      vertex 81.782 2.90798 3
    endloop
  endfacet
  facet normal -0.649515 -0.760349 0
    outer loop
      vertex 78.5858 0.585787 3
      vertex 78.8244 0.381967 6.5
      vertex 78.5858 0.585787 6.5
    endloop
  endfacet
  facet normal -0.649515 -0.760349 -0
    outer loop
      vertex 78.8244 0.381967 6.5
      vertex 78.5858 0.585787 3
      vertex 78.8244 0.381967 3
    endloop
  endfacet
  facet normal -0.760434 0.649415 0
    outer loop
      vertex 78.382 3.17557 1.5
      vertex 78.5858 3.41421 6.5
      vertex 78.5858 3.41421 1.5
    endloop
  endfacet
  facet normal -0.760434 0.649415 0
    outer loop
      vertex 78.5858 3.41421 6.5
      vertex 78.382 3.17557 1.5
      vertex 78.382 3.17557 6.5
    endloop
  endfacet
  facet normal 0.382624 0.923904 -0
    outer loop
      vertex 80.908 3.78201 1.5
      vertex 80.618 3.90211 6.5
      vertex 80.908 3.78201 6.5
    endloop
  endfacet
  facet normal 0.382624 0.923904 0
    outer loop
      vertex 80.618 3.90211 6.5
      vertex 80.908 3.78201 1.5
      vertex 80.618 3.90211 1.5
    endloop
  endfacet
  facet normal -0.972343 0.233559 0
    outer loop
      vertex 78.0246 2.31287 1.5
      vertex 78.0979 2.61803 6.5
      vertex 78.0979 2.61803 1.5
    endloop
  endfacet
  facet normal -0.972343 0.233559 0
    outer loop
      vertex 78.0979 2.61803 6.5
      vertex 78.0246 2.31287 1.5
      vertex 78.0246 2.31287 6.5
    endloop
  endfacet
  facet normal 0.852611 -0.522546 0
    outer loop
      vertex 81.618 0.82443 6.5
      vertex 81.782 1.09202 3
      vertex 81.782 1.09202 6.5
    endloop
  endfacet
  facet normal 0.852611 -0.522546 0
    outer loop
      vertex 81.782 1.09202 3
      vertex 81.618 0.82443 6.5
      vertex 81.618 0.82443 3
    endloop
  endfacet
  facet normal -0.382624 -0.923904 0
    outer loop
      vertex 79.092 0.217987 3
      vertex 79.382 0.097887 6.5
      vertex 79.092 0.217987 6.5
    endloop
  endfacet
  facet normal -0.382624 -0.923904 -0
    outer loop
      vertex 79.382 0.097887 6.5
      vertex 79.092 0.217987 3
      vertex 79.382 0.097887 3
    endloop
  endfacet
  facet normal -0.233491 -0.972359 0
    outer loop
      vertex 79.382 0.097887 3
      vertex 79.6871 0.0246239 6.5
      vertex 79.382 0.097887 6.5
    endloop
  endfacet
  facet normal -0.233491 -0.972359 -0
    outer loop
      vertex 79.6871 0.0246239 6.5
      vertex 79.382 0.097887 3
      vertex 79.6871 0.0246239 3
    endloop
  endfacet
  facet normal 0.233491 -0.972359 0
    outer loop
      vertex 80.3129 0.0246239 3
      vertex 80.618 0.097887 6.5
      vertex 80.3129 0.0246239 6.5
    endloop
  endfacet
  facet normal 0.233491 -0.972359 0
    outer loop
      vertex 80.618 0.097887 6.5
      vertex 80.3129 0.0246239 3
      vertex 80.618 0.097887 3
    endloop
  endfacet
  facet normal -0.996923 -0.078385 0
    outer loop
      vertex 78.0246 1.68713 1.5
      vertex 78 2 6.5
      vertex 78 2 1.5
    endloop
  endfacet
  facet normal -0.996923 -0.078385 0
    outer loop
      vertex 78 2 6.5
      vertex 78.0246 1.68713 1.5
      vertex 78.0246 1.68713 6.5
    endloop
  endfacet
  facet normal 0.382624 -0.923904 0
    outer loop
      vertex 80.618 0.097887 3
      vertex 80.908 0.217987 6.5
      vertex 80.618 0.097887 6.5
    endloop
  endfacet
  facet normal 0.382624 -0.923904 0
    outer loop
      vertex 80.908 0.217987 6.5
      vertex 80.618 0.097887 3
      vertex 80.908 0.217987 3
    endloop
  endfacet
  facet normal 0.52246 0.852664 0
    outer loop
      vertex 81.05 3.69499 3
      vertex 81.1756 3.61803 6.5
      vertex 81.1756 3.61803 3
    endloop
  endfacet
  facet normal 0.522486 0.852648 -1.26723e-06
    outer loop
      vertex 81.1756 3.61803 6.5
      vertex 81.05 3.69499 3
      vertex 80.908 3.78201 6.5
    endloop
  endfacet
  facet normal 0.522509 0.852634 0
    outer loop
      vertex 80.908 3.78201 1.5
      vertex 81.05 3.69499 3
      vertex 81.05 3.69499 1.5
    endloop
  endfacet
  facet normal 0.522509 0.852634 0
    outer loop
      vertex 81.05 3.69499 3
      vertex 80.908 3.78201 1.5
      vertex 80.908 3.78201 6.5
    endloop
  endfacet
  facet normal 0.522486 -0.852648 0
    outer loop
      vertex 80.908 0.217987 3
      vertex 81.1756 0.381967 6.5
      vertex 80.908 0.217987 6.5
    endloop
  endfacet
  facet normal 0.522486 -0.852648 0
    outer loop
      vertex 81.1756 0.381967 6.5
      vertex 80.908 0.217987 3
      vertex 81.1756 0.381967 3
    endloop
  endfacet
  facet normal 0.649515 -0.760349 0
    outer loop
      vertex 81.1756 0.381967 3
      vertex 81.4142 0.585787 6.5
      vertex 81.1756 0.381967 6.5
    endloop
  endfacet
  facet normal 0.649515 -0.760349 0
    outer loop
      vertex 81.4142 0.585787 6.5
      vertex 81.1756 0.381967 3
      vertex 81.4142 0.585787 3
    endloop
  endfacet
  facet normal 0.996923 0.078385 0
    outer loop
      vertex 82 2 6.5
      vertex 81.9754 2.31287 3
      vertex 81.9754 2.31287 6.5
    endloop
  endfacet
  facet normal 0.996923 0.078385 0
    outer loop
      vertex 81.9754 2.31287 3
      vertex 82 2 6.5
      vertex 82 2 3
    endloop
  endfacet
  facet normal -0.972343 -0.233559 0
    outer loop
      vertex 78.0979 1.38197 1.5
      vertex 78.0246 1.68713 6.5
      vertex 78.0246 1.68713 1.5
    endloop
  endfacet
  facet normal -0.972343 -0.233559 0
    outer loop
      vertex 78.0246 1.68713 6.5
      vertex 78.0979 1.38197 1.5
      vertex 78.0979 1.38197 6.5
    endloop
  endfacet
  facet normal -0.852611 0.522546 0
    outer loop
      vertex 78.218 2.90798 1.5
      vertex 78.382 3.17557 6.5
      vertex 78.382 3.17557 1.5
    endloop
  endfacet
  facet normal -0.852611 0.522546 0
    outer loop
      vertex 78.382 3.17557 6.5
      vertex 78.218 2.90798 1.5
      vertex 78.218 2.90798 6.5
    endloop
  endfacet
  facet normal 0.760434 0.649415 0
    outer loop
      vertex 81.618 3.17557 6.5
      vertex 81.4142 3.41421 3
      vertex 81.4142 3.41421 6.5
    endloop
  endfacet
  facet normal 0.760434 0.649415 0
    outer loop
      vertex 81.4142 3.41421 3
      vertex 81.618 3.17557 6.5
      vertex 81.618 3.17557 3
    endloop
  endfacet
  facet normal -0.0784408 0.996919 0
    outer loop
      vertex 80 4 1.5
      vertex 79.6871 3.97538 6.5
      vertex 80 4 6.5
    endloop
  endfacet
  facet normal -0.0784408 0.996919 0
    outer loop
      vertex 79.6871 3.97538 6.5
      vertex 80 4 1.5
      vertex 79.6871 3.97538 1.5
    endloop
  endfacet
  facet normal 0 0 1
    outer loop
      vertex 80.9 2 6.5
      vertex 82 2 6.5
      vertex 81.9754 2.31287 6.5
    endloop
  endfacet
  facet normal 0 0 1
    outer loop
      vertex 80.8693 2.23294 6.5
      vertex 81.9754 2.31287 6.5
      vertex 81.9021 2.61803 6.5
    endloop
  endfacet
  facet normal 0 0 1
    outer loop
      vertex 82 2 6.5
      vertex 80.9 2 6.5
      vertex 81.9754 1.68713 6.5
    endloop
  endfacet
  facet normal 0 0 1
    outer loop
      vertex 80.8693 2.23294 6.5
      vertex 81.9021 2.61803 6.5
      vertex 81.782 2.90798 6.5
    endloop
  endfacet
  facet normal -0 0 1
    outer loop
      vertex 80.8693 1.76706 6.5
      vertex 81.9754 1.68713 6.5
      vertex 80.9 2 6.5
    endloop
  endfacet
  facet normal 0 0 1
    outer loop
      vertex 80.7794 2.45 6.5
      vertex 81.782 2.90798 6.5
      vertex 81.618 3.17557 6.5
    endloop
  endfacet
  facet normal 0 0 1
    outer loop
      vertex 81.9754 1.68713 6.5
      vertex 80.8693 1.76706 6.5
      vertex 81.9021 1.38197 6.5
    endloop
  endfacet
  facet normal 0 0 1
    outer loop
      vertex 80.6364 2.6364 6.5
      vertex 81.618 3.17557 6.5
      vertex 81.4142 3.41421 6.5
    endloop
  endfacet
  facet normal 0 0 1
    outer loop
      vertex 81.9021 1.38197 6.5
      vertex 80.8693 1.76706 6.5
      vertex 81.782 1.09202 6.5
    endloop
  endfacet
  facet normal 0 0 1
    outer loop
      vertex 80.6364 2.6364 6.5
      vertex 81.4142 3.41421 6.5
      vertex 81.1756 3.61803 6.5
    endloop
  endfacet
  facet normal -0 0 1
    outer loop
      vertex 80.7794 1.55 6.5
      vertex 81.782 1.09202 6.5
      vertex 80.8693 1.76706 6.5
    endloop
  endfacet
  facet normal 0 0 1
    outer loop
      vertex 80.45 2.77942 6.5
      vertex 81.1756 3.61803 6.5
      vertex 80.908 3.78201 6.5
    endloop
  endfacet
  facet normal 0 0 1
    outer loop
      vertex 81.782 1.09202 6.5
      vertex 80.7794 1.55 6.5
      vertex 81.618 0.82443 6.5
    endloop
  endfacet
  facet normal -0 0 1
    outer loop
      vertex 80.6364 1.3636 6.5
      vertex 81.618 0.82443 6.5
      vertex 80.7794 1.55 6.5
    endloop
  endfacet
  facet normal 0 0 1
    outer loop
      vertex 81.9754 2.31287 6.5
      vertex 80.8693 2.23294 6.5
      vertex 80.9 2 6.5
    endloop
  endfacet
  facet normal 0 0 1
    outer loop
      vertex 81.782 2.90798 6.5
      vertex 80.7794 2.45 6.5
      vertex 80.8693 2.23294 6.5
    endloop
  endfacet
  facet normal 0 0 1
    outer loop
      vertex 81.618 3.17557 6.5
      vertex 80.6364 2.6364 6.5
      vertex 80.7794 2.45 6.5
    endloop
  endfacet
  facet normal 0 0 1
    outer loop
      vertex 80.45 2.77942 6.5
      vertex 80.908 3.78201 6.5
      vertex 80.618 3.90211 6.5
    endloop
  endfacet
  facet normal 0 0 1
    outer loop
      vertex 81.1756 3.61803 6.5
      vertex 80.45 2.77942 6.5
      vertex 80.6364 2.6364 6.5
    endloop
  endfacet
  facet normal 0 0 1
    outer loop
      vertex 80.2329 2.86933 6.5
      vertex 80.618 3.90211 6.5
      vertex 80.3129 3.97538 6.5
    endloop
  endfacet
  facet normal 0 0 1
    outer loop
      vertex 80.618 3.90211 6.5
      vertex 80.2329 2.86933 6.5
      vertex 80.45 2.77942 6.5
    endloop
  endfacet
  facet normal 0 0 1
    outer loop
      vertex 80 2.9 6.5
      vertex 80.3129 3.97538 6.5
      vertex 80 4 6.5
    endloop
  endfacet
  facet normal 0 0 1
    outer loop
      vertex 80.3129 3.97538 6.5
      vertex 80 2.9 6.5
      vertex 80.2329 2.86933 6.5
    endloop
  endfacet
  facet normal -0 0 1
    outer loop
      vertex 79.6871 3.97538 6.5
      vertex 80 2.9 6.5
      vertex 80 4 6.5
    endloop
  endfacet
  facet normal 0 0 1
    outer loop
      vertex 80 2.9 6.5
      vertex 79.6871 3.97538 6.5
      vertex 79.7671 2.86933 6.5
    endloop
  endfacet
  facet normal -0 0 1
    outer loop
      vertex 79.382 3.90211 6.5
      vertex 79.7671 2.86933 6.5
      vertex 79.6871 3.97538 6.5
    endloop
  endfacet
  facet normal 0 0 1
    outer loop
      vertex 79.7671 2.86933 6.5
      vertex 79.382 3.90211 6.5
      vertex 79.55 2.77942 6.5
    endloop
  endfacet
  facet normal -0 0 1
    outer loop
      vertex 79.092 3.78201 6.5
      vertex 79.55 2.77942 6.5
      vertex 79.382 3.90211 6.5
    endloop
  endfacet
  facet normal -0 0 1
    outer loop
      vertex 78.8244 3.61803 6.5
      vertex 79.55 2.77942 6.5
      vertex 79.092 3.78201 6.5
    endloop
  endfacet
  facet normal 0 0 1
    outer loop
      vertex 79.55 2.77942 6.5
      vertex 78.8244 3.61803 6.5
      vertex 79.3636 2.6364 6.5
    endloop
  endfacet
  facet normal -0 0 1
    outer loop
      vertex 78.382 3.17557 6.5
      vertex 79.3636 2.6364 6.5
      vertex 78.5858 3.41421 6.5
    endloop
  endfacet
  facet normal -0 0 1
    outer loop
      vertex 78.5858 3.41421 6.5
      vertex 79.3636 2.6364 6.5
      vertex 78.8244 3.61803 6.5
    endloop
  endfacet
  facet normal 0 0 1
    outer loop
      vertex 81.618 0.82443 6.5
      vertex 80.6364 1.3636 6.5
      vertex 81.4142 0.585787 6.5
    endloop
  endfacet
  facet normal 0 0 1
    outer loop
      vertex 81.4142 0.585787 6.5
      vertex 80.6364 1.3636 6.5
      vertex 81.1756 0.381967 6.5
    endloop
  endfacet
  facet normal -0 0 1
    outer loop
      vertex 80.45 1.22058 6.5
      vertex 81.1756 0.381967 6.5
      vertex 80.6364 1.3636 6.5
    endloop
  endfacet
  facet normal 0 0 1
    outer loop
      vertex 81.1756 0.381967 6.5
      vertex 80.45 1.22058 6.5
      vertex 80.908 0.217987 6.5
    endloop
  endfacet
  facet normal 0 0 1
    outer loop
      vertex 80.908 0.217987 6.5
      vertex 80.45 1.22058 6.5
      vertex 80.618 0.097887 6.5
    endloop
  endfacet
  facet normal -0 0 1
    outer loop
      vertex 80.2329 1.13067 6.5
      vertex 80.618 0.097887 6.5
      vertex 80.45 1.22058 6.5
    endloop
  endfacet
  facet normal 0 0 1
    outer loop
      vertex 80.618 0.097887 6.5
      vertex 80.2329 1.13067 6.5
      vertex 80.3129 0.0246239 6.5
    endloop
  endfacet
  facet normal -0 0 1
    outer loop
      vertex 80 1.1 6.5
      vertex 80.3129 0.0246239 6.5
      vertex 80.2329 1.13067 6.5
    endloop
  endfacet
  facet normal 0 0 1
    outer loop
      vertex 80 1.1 6.5
      vertex 80 7.10543e-15 6.5
      vertex 80.3129 0.0246239 6.5
    endloop
  endfacet
  facet normal 0 0 1
    outer loop
      vertex 79.6871 0.0246239 6.5
      vertex 80 1.1 6.5
      vertex 79.7671 1.13067 6.5
    endloop
  endfacet
  facet normal 0 0 1
    outer loop
      vertex 80 1.1 6.5
      vertex 79.6871 0.0246239 6.5
      vertex 80 7.10543e-15 6.5
    endloop
  endfacet
  facet normal 0 0 1
    outer loop
      vertex 79.382 0.097887 6.5
      vertex 79.7671 1.13067 6.5
      vertex 79.55 1.22058 6.5
    endloop
  endfacet
  facet normal 0 0 1
    outer loop
      vertex 79.7671 1.13067 6.5
      vertex 79.382 0.097887 6.5
      vertex 79.6871 0.0246239 6.5
    endloop
  endfacet
  facet normal 0 0 1
    outer loop
      vertex 78.8244 0.381967 6.5
      vertex 79.55 1.22058 6.5
      vertex 79.3636 1.3636 6.5
    endloop
  endfacet
  facet normal 0 0 1
    outer loop
      vertex 78.382 0.82443 6.5
      vertex 79.3636 1.3636 6.5
      vertex 79.2206 1.55 6.5
    endloop
  endfacet
  facet normal 0 0 1
    outer loop
      vertex 78.218 1.09202 6.5
      vertex 79.2206 1.55 6.5
      vertex 79.1307 1.76706 6.5
    endloop
  endfacet
  facet normal 0 0 1
    outer loop
      vertex 79.55 1.22058 6.5
      vertex 79.092 0.217987 6.5
      vertex 79.382 0.097887 6.5
    endloop
  endfacet
  facet normal 0 0 1
    outer loop
      vertex 78.0246 1.68713 6.5
      vertex 79.1307 1.76706 6.5
      vertex 79.1 2 6.5
    endloop
  endfacet
  facet normal 0 0 1
    outer loop
      vertex 79.3636 2.6364 6.5
      vertex 78.382 3.17557 6.5
      vertex 79.2206 2.45 6.5
    endloop
  endfacet
  facet normal -0 0 1
    outer loop
      vertex 78.218 2.90798 6.5
      vertex 79.2206 2.45 6.5
      vertex 78.382 3.17557 6.5
    endloop
  endfacet
  facet normal 0 0 1
    outer loop
      vertex 79.55 1.22058 6.5
      vertex 78.8244 0.381967 6.5
      vertex 79.092 0.217987 6.5
    endloop
  endfacet
  facet normal 0 0 1
    outer loop
      vertex 79.2206 2.45 6.5
      vertex 78.218 2.90798 6.5
      vertex 79.1307 2.23294 6.5
    endloop
  endfacet
  facet normal 0 0 1
    outer loop
      vertex 79.3636 1.3636 6.5
      vertex 78.5858 0.585787 6.5
      vertex 78.8244 0.381967 6.5
    endloop
  endfacet
  facet normal -0 0 1
    outer loop
      vertex 78.0979 2.61803 6.5
      vertex 79.1307 2.23294 6.5
      vertex 78.218 2.90798 6.5
    endloop
  endfacet
  facet normal 0 0 1
    outer loop
      vertex 79.3636 1.3636 6.5
      vertex 78.382 0.82443 6.5
      vertex 78.5858 0.585787 6.5
    endloop
  endfacet
  facet normal -0 0 1
    outer loop
      vertex 78.0246 2.31287 6.5
      vertex 79.1307 2.23294 6.5
      vertex 78.0979 2.61803 6.5
    endloop
  endfacet
  facet normal 0 0 1
    outer loop
      vertex 79.2206 1.55 6.5
      vertex 78.218 1.09202 6.5
      vertex 78.382 0.82443 6.5
    endloop
  endfacet
  facet normal 0 0 1
    outer loop
      vertex 79.1307 2.23294 6.5
      vertex 78.0246 2.31287 6.5
      vertex 79.1 2 6.5
    endloop
  endfacet
  facet normal 0 0 1
    outer loop
      vertex 79.1307 1.76706 6.5
      vertex 78.0979 1.38197 6.5
      vertex 78.218 1.09202 6.5
    endloop
  endfacet
  facet normal 0 0 1
    outer loop
      vertex 78 2 6.5
      vertex 79.1 2 6.5
      vertex 78.0246 2.31287 6.5
    endloop
  endfacet
  facet normal 0 0 1
    outer loop
      vertex 79.1307 1.76706 6.5
      vertex 78.0246 1.68713 6.5
      vertex 78.0979 1.38197 6.5
    endloop
  endfacet
  facet normal 0 0 1
    outer loop
      vertex 79.1 2 6.5
      vertex 78 2 6.5
      vertex 78.0246 1.68713 6.5
    endloop
  endfacet
  facet normal 0.0784532 -0.996918 0
    outer loop
      vertex 80 7.10543e-15 3
      vertex 80.3129 0.0246239 6.5
      vertex 80 7.10543e-15 6.5
    endloop
  endfacet
  facet normal 0.0784532 -0.996918 0
    outer loop
      vertex 80.3129 0.0246239 6.5
      vertex 80 7.10543e-15 3
      vertex 80.3129 0.0246239 3
    endloop
  endfacet
  facet normal 0.760438 -0.649411 0
    outer loop
      vertex 81.4142 0.585787 6.5
      vertex 81.618 0.82443 3
      vertex 81.618 0.82443 6.5
    endloop
  endfacet
  facet normal 0.760438 -0.649411 0
    outer loop
      vertex 81.618 0.82443 3
      vertex 81.4142 0.585787 6.5
      vertex 81.4142 0.585787 3
    endloop
  endfacet
  facet normal -0.233512 0.972354 0
    outer loop
      vertex 79.6871 3.97538 1.5
      vertex 79.382 3.90211 6.5
      vertex 79.6871 3.97538 6.5
    endloop
  endfacet
  facet normal -0.233512 0.972354 0
    outer loop
      vertex 79.382 3.90211 6.5
      vertex 79.6871 3.97538 1.5
      vertex 79.382 3.90211 1.5
    endloop
  endfacet
  facet normal 0.649515 0.760349 -0
    outer loop
      vertex 81.4142 3.41421 3
      vertex 81.1756 3.61803 6.5
      vertex 81.4142 3.41421 6.5
    endloop
  endfacet
  facet normal 0.649515 0.760349 0
    outer loop
      vertex 81.1756 3.61803 6.5
      vertex 81.4142 3.41421 3
      vertex 81.1756 3.61803 3
    endloop
  endfacet
  facet normal -0.649515 0.760349 0
    outer loop
      vertex 78.8244 3.61803 1.5
      vertex 78.5858 3.41421 6.5
      vertex 78.8244 3.61803 6.5
    endloop
  endfacet
  facet normal -0.649515 0.760349 0
    outer loop
      vertex 78.5858 3.41421 6.5
      vertex 78.8244 3.61803 1.5
      vertex 78.5858 3.41421 1.5
    endloop
  endfacet
  facet normal 0.32136 0.946957 -0
    outer loop
      vertex 83.0567 65.4097 5.72205e-07
      vertex 82.747 65.5148 1.5
      vertex 83.0567 65.4097 1.5
    endloop
  endfacet
  facet normal 0.32136 0.946957 0
    outer loop
      vertex 82.747 65.5148 1.5
      vertex 83.0567 65.4097 5.72205e-07
      vertex 82.747 65.5148 5.72205e-07
    endloop
  endfacet
  facet normal 0 1 -0
    outer loop
      vertex 82.1 65.6 5.72205e-07
      vertex -0.0999994 65.6 1.5
      vertex 82.1 65.6 1.5
    endloop
  endfacet
  facet normal 0 1 0
    outer loop
      vertex -0.0999994 65.6 1.5
      vertex 82.1 65.6 5.72205e-07
      vertex -0.0999994 65.6 5.72205e-07
    endloop
  endfacet
  facet normal 0.195116 0.98078 -0
    outer loop
      vertex 82.747 65.5148 5.72205e-07
      vertex 82.4263 65.5786 1.5
      vertex 82.747 65.5148 1.5
    endloop
  endfacet
  facet normal 0.195116 0.98078 0
    outer loop
      vertex 82.4263 65.5786 1.5
      vertex 82.747 65.5148 5.72205e-07
      vertex 82.4263 65.5786 5.72205e-07
    endloop
  endfacet
  facet normal 0.0654432 0.997856 -0
    outer loop
      vertex 82.4263 65.5786 5.72205e-07
      vertex 82.1 65.6 1.5
      vertex 82.4263 65.5786 1.5
    endloop
  endfacet
  facet normal 0.0654432 0.997856 0
    outer loop
      vertex 82.1 65.6 1.5
      vertex 82.4263 65.5786 5.72205e-07
      vertex 82.1 65.6 5.72205e-07
    endloop
  endfacet
  facet normal 0.195087 -0.980786 0
    outer loop
      vertex 82.4263 -2.5786 5.72205e-07
      vertex 82.747 -2.51481 1.5
      vertex 82.4263 -2.5786 1.5
    endloop
  endfacet
  facet normal 0.195087 -0.980786 0
    outer loop
      vertex 82.747 -2.51481 1.5
      vertex 82.4263 -2.5786 5.72205e-07
      vertex 82.747 -2.51481 5.72205e-07
    endloop
  endfacet
  facet normal -0.0654413 0.997856 0
    outer loop
      vertex -0.0999994 65.6 5.72205e-07
      vertex -0.426309 65.5786 1.5
      vertex -0.0999994 65.6 1.5
    endloop
  endfacet
  facet normal -0.0654413 0.997856 0
    outer loop
      vertex -0.426309 65.5786 1.5
      vertex -0.0999994 65.6 5.72205e-07
      vertex -0.426309 65.5786 5.72205e-07
    endloop
  endfacet
  facet normal -0.555596 -0.831452 0
    outer loop
      vertex -1.6219 -2.08338 5.72205e-07
      vertex -1.35 -2.26507 1.5
      vertex -1.6219 -2.08338 1.5
    endloop
  endfacet
  facet normal -0.555596 -0.831452 -0
    outer loop
      vertex -1.35 -2.26507 1.5
      vertex -1.6219 -2.08338 5.72205e-07
      vertex -1.35 -2.26507 5.72205e-07
    endloop
  endfacet
  facet normal -0.321395 0.946945 0
    outer loop
      vertex -0.747048 65.5148 5.72205e-07
      vertex -1.05671 65.4097 1.5
      vertex -0.747048 65.5148 1.5
    endloop
  endfacet
  facet normal -0.321395 0.946945 0
    outer loop
      vertex -1.05671 65.4097 1.5
      vertex -0.747048 65.5148 5.72205e-07
      vertex -1.05671 65.4097 5.72205e-07
    endloop
  endfacet
  facet normal -0.89689 -0.442253 0
    outer loop
      vertex -2.26507 -1.35 5.72205e-07
      vertex -2.40969 -1.05671 1.5
      vertex -2.40969 -1.05671 5.72205e-07
    endloop
  endfacet
  facet normal -0.89689 -0.442253 0
    outer loop
      vertex -2.40969 -1.05671 1.5
      vertex -2.26507 -1.35 5.72205e-07
      vertex -2.26507 -1.35 1.5
    endloop
  endfacet
  facet normal -0.659357 -0.75183 0
    outer loop
      vertex -1.86776 -1.86776 5.72205e-07
      vertex -1.6219 -2.08338 1.5
      vertex -1.86776 -1.86776 1.5
    endloop
  endfacet
  facet normal -0.659357 -0.75183 -0
    outer loop
      vertex -1.6219 -2.08338 1.5
      vertex -1.86776 -1.86776 5.72205e-07
      vertex -1.6219 -2.08338 5.72205e-07
    endloop
  endfacet
  facet normal -0.442253 -0.89689 0
    outer loop
      vertex -1.35 -2.26507 5.72205e-07
      vertex -1.05671 -2.40969 1.5
      vertex -1.35 -2.26507 1.5
    endloop
  endfacet
  facet normal -0.442253 -0.89689 -0
    outer loop
      vertex -1.05671 -2.40969 1.5
      vertex -1.35 -2.26507 5.72205e-07
      vertex -1.05671 -2.40969 5.72205e-07
    endloop
  endfacet
  facet normal -0.0654413 -0.997856 0
    outer loop
      vertex -0.426309 -2.5786 5.72205e-07
      vertex -0.0999994 -2.6 1.5
      vertex -0.426309 -2.5786 1.5
    endloop
  endfacet
  facet normal -0.0654413 -0.997856 -0
    outer loop
      vertex -0.0999994 -2.6 1.5
      vertex -0.426309 -2.5786 5.72205e-07
      vertex -0.0999994 -2.6 5.72205e-07
    endloop
  endfacet
  facet normal 0.555596 -0.831452 0
    outer loop
      vertex 83.35 -2.26507 5.72205e-07
      vertex 83.6219 -2.08338 1.5
      vertex 83.35 -2.26507 1.5
    endloop
  endfacet
  facet normal 0.555596 -0.831452 0
    outer loop
      vertex 83.6219 -2.08338 1.5
      vertex 83.35 -2.26507 5.72205e-07
      vertex 83.6219 -2.08338 5.72205e-07
    endloop
  endfacet
  facet normal 0.98078 0.195116 0
    outer loop
      vertex 84.5786 63.4263 1.5
      vertex 84.5148 63.747 5.72205e-07
      vertex 84.5148 63.747 1.5
    endloop
  endfacet
  facet normal 0.98078 0.195116 0
    outer loop
      vertex 84.5148 63.747 5.72205e-07
      vertex 84.5786 63.4263 1.5
      vertex 84.5786 63.4263 5.72205e-07
    endloop
  endfacet
  facet normal 1 -0 0
    outer loop
      vertex 84.6 -0.0999966 1.5
      vertex 84.6 63.1 5.72205e-07
      vertex 84.6 63.1 1.5
    endloop
  endfacet
  facet normal 1 0 0
    outer loop
      vertex 84.6 63.1 5.72205e-07
      vertex 84.6 -0.0999966 1.5
      vertex 84.6 -0.0999966 5.72205e-07
    endloop
  endfacet
  facet normal -1 0 0
    outer loop
      vertex -2.6 -0.0999966 5.72205e-07
      vertex -2.6 63.1 1.5
      vertex -2.6 63.1 5.72205e-07
    endloop
  endfacet
  facet normal -1 -0 0
    outer loop
      vertex -2.6 63.1 1.5
      vertex -2.6 -0.0999966 5.72205e-07
      vertex -2.6 -0.0999966 1.5
    endloop
  endfacet
  facet normal -0.946927 -0.321448 0
    outer loop
      vertex -2.40969 -1.05671 5.72205e-07
      vertex -2.51481 -0.747046 1.5
      vertex -2.51481 -0.747046 5.72205e-07
    endloop
  endfacet
  facet normal -0.946927 -0.321448 0
    outer loop
      vertex -2.51481 -0.747046 1.5
      vertex -2.40969 -1.05671 5.72205e-07
      vertex -2.40969 -1.05671 1.5
    endloop
  endfacet
  facet normal 0 0 -1
    outer loop
      vertex 5.59999 38.8 5.72205e-07
      vertex 20.2 43.7 5.72205e-07
      vertex 20.2 38.8 5.72205e-07
    endloop
  endfacet
  facet normal -0 0 -1
    outer loop
      vertex 20.2 43.7 5.72205e-07
      vertex 5.59999 38.8 5.72205e-07
      vertex 5.59999 43.7 5.72205e-07
    endloop
  endfacet
  facet normal 0 0 -1
    outer loop
      vertex 25.5 38.8 5.72205e-07
      vertex 40.1 43.7 5.72205e-07
      vertex 40.1 38.8 5.72205e-07
    endloop
  endfacet
  facet normal -0 0 -1
    outer loop
      vertex 40.1 43.7 5.72205e-07
      vertex 25.5 38.8 5.72205e-07
      vertex 25.5 43.7 5.72205e-07
    endloop
  endfacet
  facet normal 0 0 -1
    outer loop
      vertex 45.5 38.8 5.72205e-07
      vertex 60.1 43.7 5.72205e-07
      vertex 60.1 38.8 5.72205e-07
    endloop
  endfacet
  facet normal -0 0 -1
    outer loop
      vertex 60.1 43.7 5.72205e-07
      vertex 45.5 38.8 5.72205e-07
      vertex 45.5 43.7 5.72205e-07
    endloop
  endfacet
  facet normal 0 0 -1
    outer loop
      vertex 82.1 -2.6 5.72205e-07
      vertex 84.6 -0.0999966 5.72205e-07
      vertex 84.5786 -0.426306 5.72205e-07
    endloop
  endfacet
  facet normal 0 0 -1
    outer loop
      vertex 84.6 -0.0999966 5.72205e-07
      vertex 78.55 34.4 5.72205e-07
      vertex 84.6 63.1 5.72205e-07
    endloop
  endfacet
  facet normal 0 0 -1
    outer loop
      vertex 82.1 -2.6 5.72205e-07
      vertex 84.5786 -0.426306 5.72205e-07
      vertex 84.5148 -0.747046 5.72205e-07
    endloop
  endfacet
  facet normal 0 0 -1
    outer loop
      vertex 78.55 47.4 5.72205e-07
      vertex 84.6 63.1 5.72205e-07
      vertex 78.55 34.4 5.72205e-07
    endloop
  endfacet
  facet normal 0 0 -1
    outer loop
      vertex 82.1 -2.6 5.72205e-07
      vertex 84.5148 -0.747046 5.72205e-07
      vertex 84.4097 -1.05671 5.72205e-07
    endloop
  endfacet
  facet normal 0 -0 -1
    outer loop
      vertex 82.1 65.6 5.72205e-07
      vertex 84.6 63.1 5.72205e-07
      vertex 78.55 47.4 5.72205e-07
    endloop
  endfacet
  facet normal 0 0 -1
    outer loop
      vertex 82.1 -2.6 5.72205e-07
      vertex 84.4097 -1.05671 5.72205e-07
      vertex 84.2651 -1.35 5.72205e-07
    endloop
  endfacet
  facet normal 0 0 -1
    outer loop
      vertex 84.6 63.1 5.72205e-07
      vertex 82.1 65.6 5.72205e-07
      vertex 84.5786 63.4263 5.72205e-07
    endloop
  endfacet
  facet normal 0 0 -1
    outer loop
      vertex 82.1 -2.6 5.72205e-07
      vertex 84.2651 -1.35 5.72205e-07
      vertex 84.0834 -1.62189 5.72205e-07
    endloop
  endfacet
  facet normal 0 0 -1
    outer loop
      vertex 84.5786 63.4263 5.72205e-07
      vertex 82.1 65.6 5.72205e-07
      vertex 84.5148 63.747 5.72205e-07
    endloop
  endfacet
  facet normal 0 0 -1
    outer loop
      vertex 82.1 -2.6 5.72205e-07
      vertex 84.0834 -1.62189 5.72205e-07
      vertex 83.8678 -1.86776 5.72205e-07
    endloop
  endfacet
  facet normal 0 0 -1
    outer loop
      vertex 84.5148 63.747 5.72205e-07
      vertex 82.1 65.6 5.72205e-07
      vertex 84.4097 64.0567 5.72205e-07
    endloop
  endfacet
  facet normal 0 0 -1
    outer loop
      vertex 82.1 -2.6 5.72205e-07
      vertex 83.8678 -1.86776 5.72205e-07
      vertex 83.6219 -2.08338 5.72205e-07
    endloop
  endfacet
  facet normal 0 0 -1
    outer loop
      vertex 84.4097 64.0567 5.72205e-07
      vertex 82.1 65.6 5.72205e-07
      vertex 84.2651 64.35 5.72205e-07
    endloop
  endfacet
  facet normal 0 0 -1
    outer loop
      vertex 82.1 -2.6 5.72205e-07
      vertex 83.6219 -2.08338 5.72205e-07
      vertex 83.35 -2.26507 5.72205e-07
    endloop
  endfacet
  facet normal 0 0 -1
    outer loop
      vertex 84.2651 64.35 5.72205e-07
      vertex 82.1 65.6 5.72205e-07
      vertex 84.0834 64.6219 5.72205e-07
    endloop
  endfacet
  facet normal 0 0 -1
    outer loop
      vertex 82.1 -2.6 5.72205e-07
      vertex 83.35 -2.26507 5.72205e-07
      vertex 83.0567 -2.40969 5.72205e-07
    endloop
  endfacet
  facet normal 0 0 -1
    outer loop
      vertex 84.0834 64.6219 5.72205e-07
      vertex 82.1 65.6 5.72205e-07
      vertex 83.8678 64.8678 5.72205e-07
    endloop
  endfacet
  facet normal 0 0 -1
    outer loop
      vertex 82.1 -2.6 5.72205e-07
      vertex 83.0567 -2.40969 5.72205e-07
      vertex 82.747 -2.51481 5.72205e-07
    endloop
  endfacet
  facet normal 0 0 -1
    outer loop
      vertex 83.8678 64.8678 5.72205e-07
      vertex 82.1 65.6 5.72205e-07
      vertex 83.6219 65.0834 5.72205e-07
    endloop
  endfacet
  facet normal 0 0 -1
    outer loop
      vertex 82.1 -2.6 5.72205e-07
      vertex 82.747 -2.51481 5.72205e-07
      vertex 82.4263 -2.5786 5.72205e-07
    endloop
  endfacet
  facet normal 0 0 -1
    outer loop
      vertex 83.6219 65.0834 5.72205e-07
      vertex 82.1 65.6 5.72205e-07
      vertex 83.35 65.2651 5.72205e-07
    endloop
  endfacet
  facet normal -0 0 -1
    outer loop
      vertex 84.6 -0.0999966 5.72205e-07
      vertex 82.1 -2.6 5.72205e-07
      vertex 59.5 11.95 5.72205e-07
    endloop
  endfacet
  facet normal 0 0 -1
    outer loop
      vertex 83.35 65.2651 5.72205e-07
      vertex 82.1 65.6 5.72205e-07
      vertex 83.0567 65.4097 5.72205e-07
    endloop
  endfacet
  facet normal 0 0 -1
    outer loop
      vertex 83.0567 65.4097 5.72205e-07
      vertex 82.1 65.6 5.72205e-07
      vertex 82.747 65.5148 5.72205e-07
    endloop
  endfacet
  facet normal 0 0 -1
    outer loop
      vertex 84.6 -0.0999966 5.72205e-07
      vertex 59.5 11.95 5.72205e-07
      vertex 78.55 34.4 5.72205e-07
    endloop
  endfacet
  facet normal 0 0 -1
    outer loop
      vertex 60.1 38.8 5.72205e-07
      vertex 65.55 34.4 5.72205e-07
      vertex 60.1 24.2 5.72205e-07
    endloop
  endfacet
  facet normal -0 0 -1
    outer loop
      vertex 78.55 34.4 5.72205e-07
      vertex 60.1 24.2 5.72205e-07
      vertex 65.55 34.4 5.72205e-07
    endloop
  endfacet
  facet normal 0 0 -1
    outer loop
      vertex 59.5 11.95 5.72205e-07
      vertex 82.1 -2.6 5.72205e-07
      vertex 59.5 4.75 5.72205e-07
    endloop
  endfacet
  facet normal 0 0 -1
    outer loop
      vertex 82.1 -2.6 5.72205e-07
      vertex 35.1 4.75 5.72205e-07
      vertex 59.5 4.75 5.72205e-07
    endloop
  endfacet
  facet normal 0 0 -1
    outer loop
      vertex 20.2 24.2 5.72205e-07
      vertex 35.1 11.95 5.72205e-07
      vertex 35.1 4.75 5.72205e-07
    endloop
  endfacet
  facet normal 0 0 -1
    outer loop
      vertex 20.2 38.8 5.72205e-07
      vertex 25.5 38.8 5.72205e-07
      vertex 25.5 24.2 5.72205e-07
    endloop
  endfacet
  facet normal 0 0 -1
    outer loop
      vertex 25.5 38.8 5.72205e-07
      vertex 20.2 38.8 5.72205e-07
      vertex 25.5 43.7 5.72205e-07
    endloop
  endfacet
  facet normal 0 0 -1
    outer loop
      vertex 20.2 38.8 5.72205e-07
      vertex 25.5 24.2 5.72205e-07
      vertex 20.2 24.2 5.72205e-07
    endloop
  endfacet
  facet normal 0 0 -1
    outer loop
      vertex 35.1 11.95 5.72205e-07
      vertex 20.2 24.2 5.72205e-07
      vertex 25.5 24.2 5.72205e-07
    endloop
  endfacet
  facet normal 0 0 -1
    outer loop
      vertex -0.0999994 -2.6 5.72205e-07
      vertex 20.2 24.2 5.72205e-07
      vertex 35.1 4.75 5.72205e-07
    endloop
  endfacet
  facet normal 0 0 -1
    outer loop
      vertex -2.6 63.1 5.72205e-07
      vertex 5.59999 38.8 5.72205e-07
      vertex 5.59999 24.2 5.72205e-07
    endloop
  endfacet
  facet normal 0 0 -1
    outer loop
      vertex 5.59999 38.8 5.72205e-07
      vertex -2.6 63.1 5.72205e-07
      vertex 5.59999 43.7 5.72205e-07
    endloop
  endfacet
  facet normal 0 0 -1
    outer loop
      vertex -2.6 -0.0999966 5.72205e-07
      vertex 5.59999 24.2 5.72205e-07
      vertex -0.0999994 -2.6 5.72205e-07
    endloop
  endfacet
  facet normal -0 0 -1
    outer loop
      vertex 20.2 24.2 5.72205e-07
      vertex -0.0999994 -2.6 5.72205e-07
      vertex 5.59999 24.2 5.72205e-07
    endloop
  endfacet
  facet normal 0 0 -1
    outer loop
      vertex -0.0999994 -2.6 5.72205e-07
      vertex 35.1 4.75 5.72205e-07
      vertex 82.1 -2.6 5.72205e-07
    endloop
  endfacet
  facet normal 0 0 -1
    outer loop
      vertex 82.747 65.5148 5.72205e-07
      vertex 82.1 65.6 5.72205e-07
      vertex 82.4263 65.5786 5.72205e-07
    endloop
  endfacet
  facet normal 0 0 -1
    outer loop
      vertex 60.1 58.3 5.72205e-07
      vertex 78.55 47.4 5.72205e-07
      vertex 65.55 47.4 5.72205e-07
    endloop
  endfacet
  facet normal 0 0 -1
    outer loop
      vertex 65.55 34.4 5.72205e-07
      vertex 60.1 38.8 5.72205e-07
      vertex 65.55 47.4 5.72205e-07
    endloop
  endfacet
  facet normal 0 0 -1
    outer loop
      vertex 60.1 43.7 5.72205e-07
      vertex 65.55 47.4 5.72205e-07
      vertex 60.1 38.8 5.72205e-07
    endloop
  endfacet
  facet normal 0 0 -1
    outer loop
      vertex 60.1 58.3 5.72205e-07
      vertex 65.55 47.4 5.72205e-07
      vertex 60.1 43.7 5.72205e-07
    endloop
  endfacet
  facet normal 0 0 -1
    outer loop
      vertex 78.55 47.4 5.72205e-07
      vertex 60.1 58.3 5.72205e-07
      vertex 82.1 65.6 5.72205e-07
    endloop
  endfacet
  facet normal 0 0 -1
    outer loop
      vertex 45.5 58.3 5.72205e-07
      vertex 82.1 65.6 5.72205e-07
      vertex 60.1 58.3 5.72205e-07
    endloop
  endfacet
  facet normal 0 0 -1
    outer loop
      vertex 40.1 43.7 5.72205e-07
      vertex 45.5 43.7 5.72205e-07
      vertex 40.1 38.8 5.72205e-07
    endloop
  endfacet
  facet normal 0 0 -1
    outer loop
      vertex 45.5 43.7 5.72205e-07
      vertex 40.1 43.7 5.72205e-07
      vertex 45.5 58.3 5.72205e-07
    endloop
  endfacet
  facet normal 0 0 -1
    outer loop
      vertex 40.1 58.3 5.72205e-07
      vertex 45.5 58.3 5.72205e-07
      vertex 40.1 43.7 5.72205e-07
    endloop
  endfacet
  facet normal 0 0 -1
    outer loop
      vertex 40.1 58.3 5.72205e-07
      vertex 82.1 65.6 5.72205e-07
      vertex 45.5 58.3 5.72205e-07
    endloop
  endfacet
  facet normal 0 0 -1
    outer loop
      vertex -0.0999994 65.6 5.72205e-07
      vertex 40.1 58.3 5.72205e-07
      vertex 25.5 58.3 5.72205e-07
    endloop
  endfacet
  facet normal 0 0 -1
    outer loop
      vertex 20.2 43.7 5.72205e-07
      vertex 25.5 43.7 5.72205e-07
      vertex 20.2 38.8 5.72205e-07
    endloop
  endfacet
  facet normal 0 0 -1
    outer loop
      vertex 25.5 43.7 5.72205e-07
      vertex 20.2 43.7 5.72205e-07
      vertex 25.5 58.3 5.72205e-07
    endloop
  endfacet
  facet normal 0 0 -1
    outer loop
      vertex 20.2 58.3 5.72205e-07
      vertex 25.5 58.3 5.72205e-07
      vertex 20.2 43.7 5.72205e-07
    endloop
  endfacet
  facet normal 0 0 -1
    outer loop
      vertex -0.0999994 65.6 5.72205e-07
      vertex 25.5 58.3 5.72205e-07
      vertex 20.2 58.3 5.72205e-07
    endloop
  endfacet
  facet normal 0 0 -1
    outer loop
      vertex -0.0999994 65.6 5.72205e-07
      vertex 20.2 58.3 5.72205e-07
      vertex 5.59999 58.3 5.72205e-07
    endloop
  endfacet
  facet normal 0 0 -1
    outer loop
      vertex 40.1 58.3 5.72205e-07
      vertex -0.0999994 65.6 5.72205e-07
      vertex 82.1 65.6 5.72205e-07
    endloop
  endfacet
  facet normal 0 0 -1
    outer loop
      vertex -2.6 63.1 5.72205e-07
      vertex 5.59999 24.2 5.72205e-07
      vertex -2.6 -0.0999966 5.72205e-07
    endloop
  endfacet
  facet normal 0 0 -1
    outer loop
      vertex -2.6 -0.0999966 5.72205e-07
      vertex -0.0999994 -2.6 5.72205e-07
      vertex -0.426309 -2.5786 5.72205e-07
    endloop
  endfacet
  facet normal 0 0 -1
    outer loop
      vertex 5.59999 43.7 5.72205e-07
      vertex -2.6 63.1 5.72205e-07
      vertex 5.59999 58.3 5.72205e-07
    endloop
  endfacet
  facet normal 0 0 -1
    outer loop
      vertex -2.6 -0.0999966 5.72205e-07
      vertex -0.426309 -2.5786 5.72205e-07
      vertex -0.747048 -2.51481 5.72205e-07
    endloop
  endfacet
  facet normal 0 0 -1
    outer loop
      vertex 5.59999 58.3 5.72205e-07
      vertex -2.6 63.1 5.72205e-07
      vertex -0.0999994 65.6 5.72205e-07
    endloop
  endfacet
  facet normal 0 0 -1
    outer loop
      vertex -2.6 -0.0999966 5.72205e-07
      vertex -0.747048 -2.51481 5.72205e-07
      vertex -1.05671 -2.40969 5.72205e-07
    endloop
  endfacet
  facet normal 0 0 -1
    outer loop
      vertex -0.0999994 65.6 5.72205e-07
      vertex -2.6 63.1 5.72205e-07
      vertex -0.426309 65.5786 5.72205e-07
    endloop
  endfacet
  facet normal 0 0 -1
    outer loop
      vertex -2.6 -0.0999966 5.72205e-07
      vertex -1.05671 -2.40969 5.72205e-07
      vertex -1.35 -2.26507 5.72205e-07
    endloop
  endfacet
  facet normal 0 0 -1
    outer loop
      vertex -0.426309 65.5786 5.72205e-07
      vertex -2.6 63.1 5.72205e-07
      vertex -0.747048 65.5148 5.72205e-07
    endloop
  endfacet
  facet normal 0 0 -1
    outer loop
      vertex -2.6 -0.0999966 5.72205e-07
      vertex -1.35 -2.26507 5.72205e-07
      vertex -1.6219 -2.08338 5.72205e-07
    endloop
  endfacet
  facet normal 0 0 -1
    outer loop
      vertex -0.747048 65.5148 5.72205e-07
      vertex -2.6 63.1 5.72205e-07
      vertex -1.05671 65.4097 5.72205e-07
    endloop
  endfacet
  facet normal 0 0 -1
    outer loop
      vertex -2.6 -0.0999966 5.72205e-07
      vertex -1.6219 -2.08338 5.72205e-07
      vertex -1.86776 -1.86776 5.72205e-07
    endloop
  endfacet
  facet normal 0 0 -1
    outer loop
      vertex -1.05671 65.4097 5.72205e-07
      vertex -2.6 63.1 5.72205e-07
      vertex -1.35 65.2651 5.72205e-07
    endloop
  endfacet
  facet normal 0 0 -1
    outer loop
      vertex -2.6 -0.0999966 5.72205e-07
      vertex -1.86776 -1.86776 5.72205e-07
      vertex -2.08338 -1.62189 5.72205e-07
    endloop
  endfacet
  facet normal 0 0 -1
    outer loop
      vertex -1.35 65.2651 5.72205e-07
      vertex -2.6 63.1 5.72205e-07
      vertex -1.6219 65.0834 5.72205e-07
    endloop
  endfacet
  facet normal 0 0 -1
    outer loop
      vertex -2.6 -0.0999966 5.72205e-07
      vertex -2.08338 -1.62189 5.72205e-07
      vertex -2.26507 -1.35 5.72205e-07
    endloop
  endfacet
  facet normal 0 0 -1
    outer loop
      vertex -1.6219 65.0834 5.72205e-07
      vertex -2.6 63.1 5.72205e-07
      vertex -1.86776 64.8678 5.72205e-07
    endloop
  endfacet
  facet normal 0 0 -1
    outer loop
      vertex -2.6 -0.0999966 5.72205e-07
      vertex -2.26507 -1.35 5.72205e-07
      vertex -2.40969 -1.05671 5.72205e-07
    endloop
  endfacet
  facet normal 0 0 -1
    outer loop
      vertex -1.86776 64.8678 5.72205e-07
      vertex -2.6 63.1 5.72205e-07
      vertex -2.08338 64.6219 5.72205e-07
    endloop
  endfacet
  facet normal 0 0 -1
    outer loop
      vertex -2.6 -0.0999966 5.72205e-07
      vertex -2.40969 -1.05671 5.72205e-07
      vertex -2.51481 -0.747046 5.72205e-07
    endloop
  endfacet
  facet normal 0 0 -1
    outer loop
      vertex -2.08338 64.6219 5.72205e-07
      vertex -2.6 63.1 5.72205e-07
      vertex -2.26507 64.35 5.72205e-07
    endloop
  endfacet
  facet normal 0 0 -1
    outer loop
      vertex -2.6 -0.0999966 5.72205e-07
      vertex -2.51481 -0.747046 5.72205e-07
      vertex -2.57861 -0.426306 5.72205e-07
    endloop
  endfacet
  facet normal 0 0 -1
    outer loop
      vertex -2.26507 64.35 5.72205e-07
      vertex -2.6 63.1 5.72205e-07
      vertex -2.40969 64.0567 5.72205e-07
    endloop
  endfacet
  facet normal 0 0 -1
    outer loop
      vertex -2.40969 64.0567 5.72205e-07
      vertex -2.6 63.1 5.72205e-07
      vertex -2.51481 63.747 5.72205e-07
    endloop
  endfacet
  facet normal 0 0 -1
    outer loop
      vertex -2.51481 63.747 5.72205e-07
      vertex -2.6 63.1 5.72205e-07
      vertex -2.57861 63.4263 5.72205e-07
    endloop
  endfacet
  facet normal 0 0 -1
    outer loop
      vertex 78.55 34.4 5.72205e-07
      vertex 59.5 11.95 5.72205e-07
      vertex 60.1 24.2 5.72205e-07
    endloop
  endfacet
  facet normal 0 0 -1
    outer loop
      vertex 59.5 11.95 5.72205e-07
      vertex 45.5 24.2 5.72205e-07
      vertex 60.1 24.2 5.72205e-07
    endloop
  endfacet
  facet normal 0 0 -1
    outer loop
      vertex 40.1 24.2 5.72205e-07
      vertex 45.5 38.8 5.72205e-07
      vertex 45.5 24.2 5.72205e-07
    endloop
  endfacet
  facet normal 0 0 -1
    outer loop
      vertex 40.1 38.8 5.72205e-07
      vertex 45.5 38.8 5.72205e-07
      vertex 40.1 24.2 5.72205e-07
    endloop
  endfacet
  facet normal 0 0 -1
    outer loop
      vertex 45.5 38.8 5.72205e-07
      vertex 40.1 38.8 5.72205e-07
      vertex 45.5 43.7 5.72205e-07
    endloop
  endfacet
  facet normal 0 0 -1
    outer loop
      vertex 35.1 11.95 5.72205e-07
      vertex 45.5 24.2 5.72205e-07
      vertex 59.5 11.95 5.72205e-07
    endloop
  endfacet
  facet normal -0 0 -1
    outer loop
      vertex 45.5 24.2 5.72205e-07
      vertex 35.1 11.95 5.72205e-07
      vertex 40.1 24.2 5.72205e-07
    endloop
  endfacet
  facet normal -0 0 -1
    outer loop
      vertex 40.1 24.2 5.72205e-07
      vertex 35.1 11.95 5.72205e-07
      vertex 25.5 24.2 5.72205e-07
    endloop
  endfacet
  facet normal -0.195093 0.980785 0
    outer loop
      vertex -0.426309 65.5786 5.72205e-07
      vertex -0.747048 65.5148 1.5
      vertex -0.426309 65.5786 1.5
    endloop
  endfacet
  facet normal -0.195093 0.980785 0
    outer loop
      vertex -0.747048 65.5148 1.5
      vertex -0.426309 65.5786 5.72205e-07
      vertex -0.747048 65.5148 5.72205e-07
    endloop
  endfacet
  facet normal 0.896915 -0.442204 0
    outer loop
      vertex 84.2651 -1.35 1.5
      vertex 84.4097 -1.05671 5.72205e-07
      vertex 84.4097 -1.05671 1.5
    endloop
  endfacet
  facet normal 0.896915 -0.442204 0
    outer loop
      vertex 84.4097 -1.05671 5.72205e-07
      vertex 84.2651 -1.35 1.5
      vertex 84.2651 -1.35 5.72205e-07
    endloop
  endfacet
  facet normal -0.751843 -0.659342 0
    outer loop
      vertex -1.86776 -1.86776 5.72205e-07
      vertex -2.08338 -1.62189 1.5
      vertex -2.08338 -1.62189 5.72205e-07
    endloop
  endfacet
  facet normal -0.751843 -0.659342 0
    outer loop
      vertex -2.08338 -1.62189 1.5
      vertex -1.86776 -1.86776 5.72205e-07
      vertex -1.86776 -1.86776 1.5
    endloop
  endfacet
  facet normal -0.555617 0.831438 0
    outer loop
      vertex -1.35 65.2651 5.72205e-07
      vertex -1.6219 65.0834 1.5
      vertex -1.35 65.2651 1.5
    endloop
  endfacet
  facet normal -0.555617 0.831438 0
    outer loop
      vertex -1.6219 65.0834 1.5
      vertex -1.35 65.2651 5.72205e-07
      vertex -1.6219 65.0834 5.72205e-07
    endloop
  endfacet
  facet normal 0 -1 0
    outer loop
      vertex -0.0999994 -2.6 1.5
      vertex 7 -2.6 0.7
      vertex 7 -2.6 1.5
    endloop
  endfacet
  facet normal 0 -1 -0
    outer loop
      vertex 7 -2.6 0.7
      vertex -0.0999994 -2.6 5.72205e-07
      vertex 19 -2.6 0.7
    endloop
  endfacet
  facet normal 0 -1 0
    outer loop
      vertex -0.0999994 -2.6 5.72205e-07
      vertex 7 -2.6 0.7
      vertex -0.0999994 -2.6 1.5
    endloop
  endfacet
  facet normal 0 -1 0
    outer loop
      vertex 19 -2.6 0.7
      vertex 82.1 -2.6 1.5
      vertex 19 -2.6 1.5
    endloop
  endfacet
  facet normal 0 -1 0
    outer loop
      vertex 82.1 -2.6 5.72205e-07
      vertex 19 -2.6 0.7
      vertex -0.0999994 -2.6 5.72205e-07
    endloop
  endfacet
  facet normal 0 -1 0
    outer loop
      vertex 19 -2.6 0.7
      vertex 82.1 -2.6 5.72205e-07
      vertex 82.1 -2.6 1.5
    endloop
  endfacet
  facet normal -0.946938 0.321415 0
    outer loop
      vertex -2.51481 63.747 5.72205e-07
      vertex -2.40969 64.0567 1.5
      vertex -2.40969 64.0567 5.72205e-07
    endloop
  endfacet
  facet normal -0.946938 0.321415 0
    outer loop
      vertex -2.40969 64.0567 1.5
      vertex -2.51481 63.747 5.72205e-07
      vertex -2.51481 63.747 1.5
    endloop
  endfacet
  facet normal -0.32145 -0.946926 0
    outer loop
      vertex -1.05671 -2.40969 5.72205e-07
      vertex -0.747048 -2.51481 1.5
      vertex -1.05671 -2.40969 1.5
    endloop
  endfacet
  facet normal -0.32145 -0.946926 -0
    outer loop
      vertex -0.747048 -2.51481 1.5
      vertex -1.05671 -2.40969 5.72205e-07
      vertex -0.747048 -2.51481 5.72205e-07
    endloop
  endfacet
  facet normal 0.555617 0.831438 -0
    outer loop
      vertex 83.6219 65.0834 5.72205e-07
      vertex 83.35 65.2651 1.5
      vertex 83.6219 65.0834 1.5
    endloop
  endfacet
  facet normal 0.555617 0.831438 0
    outer loop
      vertex 83.35 65.2651 1.5
      vertex 83.6219 65.0834 5.72205e-07
      vertex 83.35 65.2651 5.72205e-07
    endloop
  endfacet
  facet normal -0.831443 -0.55561 0
    outer loop
      vertex -2.08338 -1.62189 5.72205e-07
      vertex -2.26507 -1.35 1.5
      vertex -2.26507 -1.35 5.72205e-07
    endloop
  endfacet
  facet normal -0.831443 -0.55561 0
    outer loop
      vertex -2.26507 -1.35 1.5
      vertex -2.08338 -1.62189 5.72205e-07
      vertex -2.08338 -1.62189 1.5
    endloop
  endfacet
  facet normal 0.0654432 -0.997856 0
    outer loop
      vertex 82.1 -2.6 5.72205e-07
      vertex 82.4263 -2.5786 1.5
      vertex 82.1 -2.6 1.5
    endloop
  endfacet
  facet normal 0.0654432 -0.997856 0
    outer loop
      vertex 82.4263 -2.5786 1.5
      vertex 82.1 -2.6 5.72205e-07
      vertex 82.4263 -2.5786 5.72205e-07
    endloop
  endfacet
  facet normal -0.195064 -0.980791 0
    outer loop
      vertex -0.747048 -2.51481 5.72205e-07
      vertex -0.426309 -2.5786 1.5
      vertex -0.747048 -2.51481 1.5
    endloop
  endfacet
  facet normal -0.195064 -0.980791 -0
    outer loop
      vertex -0.426309 -2.5786 1.5
      vertex -0.747048 -2.51481 5.72205e-07
      vertex -0.426309 -2.5786 5.72205e-07
    endloop
  endfacet
  facet normal 0.442241 -0.896896 0
    outer loop
      vertex 83.0567 -2.40969 5.72205e-07
      vertex 83.35 -2.26507 1.5
      vertex 83.0567 -2.40969 1.5
    endloop
  endfacet
  facet normal 0.442241 -0.896896 0
    outer loop
      vertex 83.35 -2.26507 1.5
      vertex 83.0567 -2.40969 5.72205e-07
      vertex 83.35 -2.26507 5.72205e-07
    endloop
  endfacet
  facet normal -0.896896 0.442241 0
    outer loop
      vertex -2.40969 64.0567 5.72205e-07
      vertex -2.26507 64.35 1.5
      vertex -2.26507 64.35 5.72205e-07
    endloop
  endfacet
  facet normal -0.896896 0.442241 0
    outer loop
      vertex -2.26507 64.35 1.5
      vertex -2.40969 64.0567 5.72205e-07
      vertex -2.40969 64.0567 1.5
    endloop
  endfacet
  facet normal -0.659323 0.75186 0
    outer loop
      vertex -1.6219 65.0834 5.72205e-07
      vertex -1.86776 64.8678 1.5
      vertex -1.6219 65.0834 1.5
    endloop
  endfacet
  facet normal -0.659323 0.75186 0
    outer loop
      vertex -1.86776 64.8678 1.5
      vertex -1.6219 65.0834 5.72205e-07
      vertex -1.86776 64.8678 5.72205e-07
    endloop
  endfacet
  facet normal -0.442204 0.896915 0
    outer loop
      vertex -1.05671 65.4097 5.72205e-07
      vertex -1.35 65.2651 1.5
      vertex -1.05671 65.4097 1.5
    endloop
  endfacet
  facet normal -0.442204 0.896915 0
    outer loop
      vertex -1.35 65.2651 1.5
      vertex -1.05671 65.4097 5.72205e-07
      vertex -1.35 65.2651 5.72205e-07
    endloop
  endfacet
  facet normal 0.659297 -0.751883 0
    outer loop
      vertex 83.6219 -2.08338 5.72205e-07
      vertex 83.8678 -1.86776 1.5
      vertex 83.6219 -2.08338 1.5
    endloop
  endfacet
  facet normal 0.659297 -0.751883 0
    outer loop
      vertex 83.8678 -1.86776 1.5
      vertex 83.6219 -2.08338 5.72205e-07
      vertex 83.8678 -1.86776 5.72205e-07
    endloop
  endfacet
  facet normal -0.980785 -0.195093 0
    outer loop
      vertex -2.51481 -0.747046 5.72205e-07
      vertex -2.57861 -0.426306 1.5
      vertex -2.57861 -0.426306 5.72205e-07
    endloop
  endfacet
  facet normal -0.980785 -0.195093 0
    outer loop
      vertex -2.57861 -0.426306 1.5
      vertex -2.51481 -0.747046 5.72205e-07
      vertex -2.51481 -0.747046 1.5
    endloop
  endfacet
  facet normal 0.831438 0.555617 0
    outer loop
      vertex 84.2651 64.35 1.5
      vertex 84.0834 64.6219 5.72205e-07
      vertex 84.0834 64.6219 1.5
    endloop
  endfacet
  facet normal 0.831438 0.555617 0
    outer loop
      vertex 84.0834 64.6219 5.72205e-07
      vertex 84.2651 64.35 1.5
      vertex 84.2651 64.35 5.72205e-07
    endloop
  endfacet
  facet normal 0.896921 0.442191 0
    outer loop
      vertex 84.4097 64.0567 1.5
      vertex 84.2651 64.35 5.72205e-07
      vertex 84.2651 64.35 1.5
    endloop
  endfacet
  facet normal 0.896921 0.442191 0
    outer loop
      vertex 84.2651 64.35 5.72205e-07
      vertex 84.4097 64.0567 1.5
      vertex 84.4097 64.0567 5.72205e-07
    endloop
  endfacet
  facet normal 0.659262 0.751913 -0
    outer loop
      vertex 83.8678 64.8678 5.72205e-07
      vertex 83.6219 65.0834 1.5
      vertex 83.8678 64.8678 1.5
    endloop
  endfacet
  facet normal 0.659262 0.751913 0
    outer loop
      vertex 83.6219 65.0834 1.5
      vertex 83.8678 64.8678 5.72205e-07
      vertex 83.6219 65.0834 5.72205e-07
    endloop
  endfacet
  facet normal -0.98078 0.195116 0
    outer loop
      vertex -2.57861 63.4263 5.72205e-07
      vertex -2.51481 63.747 1.5
      vertex -2.51481 63.747 5.72205e-07
    endloop
  endfacet
  facet normal -0.98078 0.195116 0
    outer loop
      vertex -2.51481 63.747 1.5
      vertex -2.57861 63.4263 5.72205e-07
      vertex -2.57861 63.4263 1.5
    endloop
  endfacet
  facet normal -0.997858 -0.0654109 0
    outer loop
      vertex -2.57861 -0.426306 5.72205e-07
      vertex -2.6 -0.0999966 1.5
      vertex -2.6 -0.0999966 5.72205e-07
    endloop
  endfacet
  facet normal -0.997858 -0.0654109 0
    outer loop
      vertex -2.6 -0.0999966 1.5
      vertex -2.57861 -0.426306 5.72205e-07
      vertex -2.57861 -0.426306 1.5
    endloop
  endfacet
  facet normal 0.997856 -0.0654413 0
    outer loop
      vertex 84.5786 -0.426306 1.5
      vertex 84.6 -0.0999966 5.72205e-07
      vertex 84.6 -0.0999966 1.5
    endloop
  endfacet
  facet normal 0.997856 -0.0654413 0
    outer loop
      vertex 84.6 -0.0999966 5.72205e-07
      vertex 84.5786 -0.426306 1.5
      vertex 84.5786 -0.426306 5.72205e-07
    endloop
  endfacet
  facet normal 0.831429 -0.555631 0
    outer loop
      vertex 84.0834 -1.62189 1.5
      vertex 84.2651 -1.35 5.72205e-07
      vertex 84.2651 -1.35 1.5
    endloop
  endfacet
  facet normal 0.831429 -0.555631 0
    outer loop
      vertex 84.2651 -1.35 5.72205e-07
      vertex 84.0834 -1.62189 1.5
      vertex 84.0834 -1.62189 5.72205e-07
    endloop
  endfacet
  facet normal 0.751873 -0.659307 0
    outer loop
      vertex 83.8678 -1.86776 1.5
      vertex 84.0834 -1.62189 5.72205e-07
      vertex 84.0834 -1.62189 1.5
    endloop
  endfacet
  facet normal 0.751873 -0.659307 0
    outer loop
      vertex 84.0834 -1.62189 5.72205e-07
      vertex 83.8678 -1.86776 1.5
      vertex 83.8678 -1.86776 5.72205e-07
    endloop
  endfacet
  facet normal -0.751883 0.659297 0
    outer loop
      vertex -2.08338 64.6219 5.72205e-07
      vertex -1.86776 64.8678 1.5
      vertex -1.86776 64.8678 5.72205e-07
    endloop
  endfacet
  facet normal -0.751883 0.659297 0
    outer loop
      vertex -1.86776 64.8678 1.5
      vertex -2.08338 64.6219 5.72205e-07
      vertex -2.08338 64.6219 1.5
    endloop
  endfacet
  facet normal 0.321415 -0.946938 0
    outer loop
      vertex 82.747 -2.51481 5.72205e-07
      vertex 83.0567 -2.40969 1.5
      vertex 82.747 -2.51481 1.5
    endloop
  endfacet
  facet normal 0.321415 -0.946938 0
    outer loop
      vertex 83.0567 -2.40969 1.5
      vertex 82.747 -2.51481 5.72205e-07
      vertex 83.0567 -2.40969 5.72205e-07
    endloop
  endfacet
  facet normal -0.831452 0.555596 0
    outer loop
      vertex -2.26507 64.35 5.72205e-07
      vertex -2.08338 64.6219 1.5
      vertex -2.08338 64.6219 5.72205e-07
    endloop
  endfacet
  facet normal -0.831452 0.555596 0
    outer loop
      vertex -2.08338 64.6219 1.5
      vertex -2.26507 64.35 5.72205e-07
      vertex -2.26507 64.35 1.5
    endloop
  endfacet
  facet normal -0.997858 0.0654128 0
    outer loop
      vertex -2.6 63.1 5.72205e-07
      vertex -2.57861 63.4263 1.5
      vertex -2.57861 63.4263 5.72205e-07
    endloop
  endfacet
  facet normal -0.997858 0.0654128 0
    outer loop
      vertex -2.57861 63.4263 1.5
      vertex -2.6 63.1 5.72205e-07
      vertex -2.6 63.1 1.5
    endloop
  endfacet
  facet normal 0.751913 0.659262 0
    outer loop
      vertex 84.0834 64.6219 1.5
      vertex 83.8678 64.8678 5.72205e-07
      vertex 83.8678 64.8678 1.5
    endloop
  endfacet
  facet normal 0.751913 0.659262 0
    outer loop
      vertex 83.8678 64.8678 5.72205e-07
      vertex 84.0834 64.6219 1.5
      vertex 84.0834 64.6219 5.72205e-07
    endloop
  endfacet
  facet normal 0.980785 -0.195093 0
    outer loop
      vertex 84.5148 -0.747046 1.5
      vertex 84.5786 -0.426306 5.72205e-07
      vertex 84.5786 -0.426306 1.5
    endloop
  endfacet
  facet normal 0.980785 -0.195093 0
    outer loop
      vertex 84.5786 -0.426306 5.72205e-07
      vertex 84.5148 -0.747046 1.5
      vertex 84.5148 -0.747046 5.72205e-07
    endloop
  endfacet
  facet normal -0 0 1
    outer loop
      vertex 25.5 43.7 1.5
      vertex 40.1 38.8 1.5
      vertex 40.1 43.7 1.5
    endloop
  endfacet
  facet normal 0 0 1
    outer loop
      vertex 40.1 38.8 1.5
      vertex 25.5 43.7 1.5
      vertex 25.5 38.8 1.5
    endloop
  endfacet
  facet normal -0 0 1
    outer loop
      vertex 45.5 24.2 1.5
      vertex 59.5 11.95 1.5
      vertex 60.1 24.2 1.5
    endloop
  endfacet
  facet normal 0 0 1
    outer loop
      vertex 40.1 38.8 1.5
      vertex 45.5 38.8 1.5
      vertex 40.1 43.7 1.5
    endloop
  endfacet
  facet normal 0 0 1
    outer loop
      vertex 45.5 38.8 1.5
      vertex 40.1 38.8 1.5
      vertex 45.5 24.2 1.5
    endloop
  endfacet
  facet normal 0 0 1
    outer loop
      vertex 40.1 24.2 1.5
      vertex 45.5 24.2 1.5
      vertex 40.1 38.8 1.5
    endloop
  endfacet
  facet normal 0 0 1
    outer loop
      vertex 35.1 11.95 1.5
      vertex 45.5 24.2 1.5
      vertex 40.1 24.2 1.5
    endloop
  endfacet
  facet normal 0 0 1
    outer loop
      vertex 45.5 24.2 1.5
      vertex 35.1 11.95 1.5
      vertex 59.5 11.95 1.5
    endloop
  endfacet
  facet normal 0 0 1
    outer loop
      vertex 35.1 11.95 1.5
      vertex 27 0.950012 1.5
      vertex 35.1 4.75 1.5
    endloop
  endfacet
  facet normal -0 0 1
    outer loop
      vertex 25.5 24.2 1.5
      vertex 35.1 11.95 1.5
      vertex 40.1 24.2 1.5
    endloop
  endfacet
  facet normal -0 0 1
    outer loop
      vertex 19 1 1.5
      vertex 27 0.950012 1.5
      vertex 25.5 24.2 1.5
    endloop
  endfacet
  facet normal 0 0 1
    outer loop
      vertex 35.1 11.95 1.5
      vertex 25.5 24.2 1.5
      vertex 27 0.950012 1.5
    endloop
  endfacet
  facet normal -0 0 1
    outer loop
      vertex 45.5 43.7 1.5
      vertex 60.1 38.8 1.5
      vertex 60.1 43.7 1.5
    endloop
  endfacet
  facet normal 0 0 1
    outer loop
      vertex 60.1 38.8 1.5
      vertex 45.5 43.7 1.5
      vertex 45.5 38.8 1.5
    endloop
  endfacet
  facet normal 0 0 1
    outer loop
      vertex 60.1 58.3 1.5
      vertex 78 61 1.5
      vertex 78.0246 61.3129 1.5
    endloop
  endfacet
  facet normal 0 0 1
    outer loop
      vertex 60.1 58.3 1.5
      vertex 78.0246 61.3129 1.5
      vertex 78.0979 61.618 1.5
    endloop
  endfacet
  facet normal 0 0 1
    outer loop
      vertex 60.1 58.3 1.5
      vertex 78.0979 61.618 1.5
      vertex 78.218 61.908 1.5
    endloop
  endfacet
  facet normal 0 0 1
    outer loop
      vertex 60.1 58.3 1.5
      vertex 78.218 61.908 1.5
      vertex 78.305 62.05 1.5
    endloop
  endfacet
  facet normal 0 0 1
    outer loop
      vertex 60.1 43.7 1.5
      vertex 65.55 47.4 1.5
      vertex 60.1 58.3 1.5
    endloop
  endfacet
  facet normal 0 0 1
    outer loop
      vertex 78 61 1.5
      vertex 60.1 58.3 1.5
      vertex 65.55 47.4 1.5
    endloop
  endfacet
  facet normal 0 0 1
    outer loop
      vertex 78.305 62.05 1.5
      vertex 45.5 58.3 1.5
      vertex 60.1 58.3 1.5
    endloop
  endfacet
  facet normal -0 0 1
    outer loop
      vertex 40.1 58.3 1.5
      vertex 45.5 43.7 1.5
      vertex 45.5 58.3 1.5
    endloop
  endfacet
  facet normal 0 0 1
    outer loop
      vertex 40.1 43.7 1.5
      vertex 45.5 43.7 1.5
      vertex 40.1 58.3 1.5
    endloop
  endfacet
  facet normal 0 0 1
    outer loop
      vertex 45.5 43.7 1.5
      vertex 40.1 43.7 1.5
      vertex 45.5 38.8 1.5
    endloop
  endfacet
  facet normal 0 0 1
    outer loop
      vertex 78.305 62.05 1.5
      vertex 40.1 58.3 1.5
      vertex 45.5 58.3 1.5
    endloop
  endfacet
  facet normal -0 0 1
    outer loop
      vertex 3.69498 62.05 1.5
      vertex 40.1 58.3 1.5
      vertex 78.305 62.05 1.5
    endloop
  endfacet
  facet normal 0 0 1
    outer loop
      vertex 20.2 43.7 1.5
      vertex 25.5 43.7 1.5
      vertex 25.5 58.3 1.5
    endloop
  endfacet
  facet normal 0 0 1
    outer loop
      vertex 25.5 43.7 1.5
      vertex 20.2 43.7 1.5
      vertex 25.5 38.8 1.5
    endloop
  endfacet
  facet normal 0 0 1
    outer loop
      vertex 20.2 43.7 1.5
      vertex 25.5 58.3 1.5
      vertex 20.2 58.3 1.5
    endloop
  endfacet
  facet normal 0 0 1
    outer loop
      vertex 40.1 58.3 1.5
      vertex 3.69498 62.05 1.5
      vertex 25.5 58.3 1.5
    endloop
  endfacet
  facet normal 0 0 1
    outer loop
      vertex 25.5 58.3 1.5
      vertex 3.69498 62.05 1.5
      vertex 20.2 58.3 1.5
    endloop
  endfacet
  facet normal 0 0 1
    outer loop
      vertex 2 59 1.5
      vertex 5.59999 43.7 1.5
      vertex 5.59999 58.3 1.5
    endloop
  endfacet
  facet normal 0 0 1
    outer loop
      vertex 1.68713 59.0246 1.5
      vertex 5.59999 43.7 1.5
      vertex 2 59 1.5
    endloop
  endfacet
  facet normal -0 0 1
    outer loop
      vertex 3.97538 60.6871 1.5
      vertex 5.59999 58.3 1.5
      vertex 4 61 1.5
    endloop
  endfacet
  facet normal -0 -0 1
    outer loop
      vertex 3.90211 61.618 1.5
      vertex 20.2 58.3 1.5
      vertex 3.78201 61.908 1.5
    endloop
  endfacet
  facet normal 0 0 1
    outer loop
      vertex 5.59999 58.3 1.5
      vertex 3.97538 61.3129 1.5
      vertex 4 61 1.5
    endloop
  endfacet
  facet normal 0 0 1
    outer loop
      vertex 5.59999 58.3 1.5
      vertex 3.90211 61.618 1.5
      vertex 3.97538 61.3129 1.5
    endloop
  endfacet
  facet normal 0 0 1
    outer loop
      vertex 20.2 58.3 1.5
      vertex 3.90211 61.618 1.5
      vertex 5.59999 58.3 1.5
    endloop
  endfacet
  facet normal 0 0 1
    outer loop
      vertex 20.2 58.3 1.5
      vertex 3.69498 62.05 1.5
      vertex 3.78201 61.908 1.5
    endloop
  endfacet
  facet normal 0 0 1
    outer loop
      vertex 78.55 47.4 1.5
      vertex 81.05 59.305 1.5
      vertex 80.908 59.218 1.5
    endloop
  endfacet
  facet normal 0 0 1
    outer loop
      vertex 81.05 59.305 1.5
      vertex 78.55 34.4 1.5
      vertex 81.05 3.69499 1.5
    endloop
  endfacet
  facet normal 0 0 1
    outer loop
      vertex 78.55 47.4 1.5
      vertex 80.908 59.218 1.5
      vertex 80.618 59.0979 1.5
    endloop
  endfacet
  facet normal 0 0 1
    outer loop
      vertex 81.05 3.69499 1.5
      vertex 78.55 34.4 1.5
      vertex 80.908 3.78201 1.5
    endloop
  endfacet
  facet normal 0 0 1
    outer loop
      vertex 78.55 47.4 1.5
      vertex 80.618 59.0979 1.5
      vertex 80.3129 59.0246 1.5
    endloop
  endfacet
  facet normal 0 0 1
    outer loop
      vertex 80.908 3.78201 1.5
      vertex 78.55 34.4 1.5
      vertex 80.618 3.90211 1.5
    endloop
  endfacet
  facet normal 0 0 1
    outer loop
      vertex 78.55 47.4 1.5
      vertex 80.3129 59.0246 1.5
      vertex 80 59 1.5
    endloop
  endfacet
  facet normal 0 0 1
    outer loop
      vertex 80.618 3.90211 1.5
      vertex 78.55 34.4 1.5
      vertex 80.3129 3.97538 1.5
    endloop
  endfacet
  facet normal 0 0 1
    outer loop
      vertex 78.55 47.4 1.5
      vertex 80 59 1.5
      vertex 79.6871 59.0246 1.5
    endloop
  endfacet
  facet normal 0 0 1
    outer loop
      vertex 80.3129 3.97538 1.5
      vertex 78.55 34.4 1.5
      vertex 80 4 1.5
    endloop
  endfacet
  facet normal 0 0 1
    outer loop
      vertex 78.55 47.4 1.5
      vertex 79.6871 59.0246 1.5
      vertex 79.382 59.0979 1.5
    endloop
  endfacet
  facet normal 0 0 1
    outer loop
      vertex 80 4 1.5
      vertex 78.55 34.4 1.5
      vertex 79.6871 3.97538 1.5
    endloop
  endfacet
  facet normal 0 0 1
    outer loop
      vertex 78.55 47.4 1.5
      vertex 79.382 59.0979 1.5
      vertex 79.092 59.218 1.5
    endloop
  endfacet
  facet normal 0 0 1
    outer loop
      vertex 79.6871 3.97538 1.5
      vertex 78.55 34.4 1.5
      vertex 79.382 3.90211 1.5
    endloop
  endfacet
  facet normal 0 0 1
    outer loop
      vertex 78.55 47.4 1.5
      vertex 79.092 59.218 1.5
      vertex 78.8244 59.382 1.5
    endloop
  endfacet
  facet normal -0 0 1
    outer loop
      vertex 60.1 24.2 1.5
      vertex 79.382 3.90211 1.5
      vertex 78.55 34.4 1.5
    endloop
  endfacet
  facet normal 0 0 1
    outer loop
      vertex 78.55 47.4 1.5
      vertex 78.8244 59.382 1.5
      vertex 78.5858 59.5858 1.5
    endloop
  endfacet
  facet normal 0 0 1
    outer loop
      vertex 81.05 59.305 1.5
      vertex 78.55 47.4 1.5
      vertex 78.55 34.4 1.5
    endloop
  endfacet
  facet normal 0 0 1
    outer loop
      vertex 79.382 3.90211 1.5
      vertex 60.1 24.2 1.5
      vertex 79.092 3.78201 1.5
    endloop
  endfacet
  facet normal 0 0 1
    outer loop
      vertex 65.55 47.4 1.5
      vertex 78.5858 59.5858 1.5
      vertex 78.382 59.8244 1.5
    endloop
  endfacet
  facet normal 0 0 1
    outer loop
      vertex 65.55 47.4 1.5
      vertex 78.382 59.8244 1.5
      vertex 78.218 60.092 1.5
    endloop
  endfacet
  facet normal 0 0 1
    outer loop
      vertex 65.55 47.4 1.5
      vertex 78.218 60.092 1.5
      vertex 78.0979 60.382 1.5
    endloop
  endfacet
  facet normal 0 0 1
    outer loop
      vertex 65.55 47.4 1.5
      vertex 78.0979 60.382 1.5
      vertex 78.0246 60.6871 1.5
    endloop
  endfacet
  facet normal 0 0 1
    outer loop
      vertex 65.55 47.4 1.5
      vertex 78.0246 60.6871 1.5
      vertex 78 61 1.5
    endloop
  endfacet
  facet normal 0 0 1
    outer loop
      vertex 78.5858 59.5858 1.5
      vertex 65.55 47.4 1.5
      vertex 78.55 47.4 1.5
    endloop
  endfacet
  facet normal -0 0 1
    outer loop
      vertex 59.5 11.95 1.5
      vertex 79.092 3.78201 1.5
      vertex 60.1 24.2 1.5
    endloop
  endfacet
  facet normal 0 0 1
    outer loop
      vertex 79.092 3.78201 1.5
      vertex 59.5 11.95 1.5
      vertex 78.8244 3.61803 1.5
    endloop
  endfacet
  facet normal 0 0 1
    outer loop
      vertex 78.8244 3.61803 1.5
      vertex 59.5 11.95 1.5
      vertex 78.5858 3.41421 1.5
    endloop
  endfacet
  facet normal 0 0 1
    outer loop
      vertex 78.5858 3.41421 1.5
      vertex 59.5 11.95 1.5
      vertex 78.382 3.17557 1.5
    endloop
  endfacet
  facet normal 0 0 1
    outer loop
      vertex 78.382 3.17557 1.5
      vertex 59.5 11.95 1.5
      vertex 78.218 2.90798 1.5
    endloop
  endfacet
  facet normal -0 0 1
    outer loop
      vertex 59.5 4.75 1.5
      vertex 78.218 2.90798 1.5
      vertex 59.5 11.95 1.5
    endloop
  endfacet
  facet normal 0 0 1
    outer loop
      vertex 60.1 24.2 1.5
      vertex 78.55 34.4 1.5
      vertex 65.55 34.4 1.5
    endloop
  endfacet
  facet normal 0 0 1
    outer loop
      vertex 78.218 2.90798 1.5
      vertex 59.5 4.75 1.5
      vertex 78.0979 2.61803 1.5
    endloop
  endfacet
  facet normal 0 0 1
    outer loop
      vertex 78.0979 2.61803 1.5
      vertex 59.5 4.75 1.5
      vertex 78.0246 2.31287 1.5
    endloop
  endfacet
  facet normal 0 0 1
    outer loop
      vertex 60.1 38.8 1.5
      vertex 65.55 47.4 1.5
      vertex 60.1 43.7 1.5
    endloop
  endfacet
  facet normal 0 0 1
    outer loop
      vertex 65.55 47.4 1.5
      vertex 60.1 38.8 1.5
      vertex 65.55 34.4 1.5
    endloop
  endfacet
  facet normal 0 0 1
    outer loop
      vertex 60.1 24.2 1.5
      vertex 65.55 34.4 1.5
      vertex 60.1 38.8 1.5
    endloop
  endfacet
  facet normal 0 0 1
    outer loop
      vertex 78.0246 2.31287 1.5
      vertex 59.5 4.75 1.5
      vertex 78 2 1.5
    endloop
  endfacet
  facet normal 0 0 1
    outer loop
      vertex 78 2 1.5
      vertex 59.5 4.75 1.5
      vertex 78.0246 1.68713 1.5
    endloop
  endfacet
  facet normal 0 0 1
    outer loop
      vertex 78.0246 1.68713 1.5
      vertex 59.5 4.75 1.5
      vertex 78.0979 1.38197 1.5
    endloop
  endfacet
  facet normal 0 0 1
    outer loop
      vertex 78.0979 1.38197 1.5
      vertex 59.5 4.75 1.5
      vertex 78.218 1.09202 1.5
    endloop
  endfacet
  facet normal 0 0 1
    outer loop
      vertex 78.218 1.09202 1.5
      vertex 59.5 4.75 1.5
      vertex 78.305 0.950012 1.5
    endloop
  endfacet
  facet normal 0 0 1
    outer loop
      vertex 27 0.950012 1.5
      vertex 59.5 4.75 1.5
      vertex 35.1 4.75 1.5
    endloop
  endfacet
  facet normal 0 0 1
    outer loop
      vertex 59.5 4.75 1.5
      vertex 27 0.950012 1.5
      vertex 78.305 0.950012 1.5
    endloop
  endfacet
  facet normal 0 0 1
    outer loop
      vertex 82.05 63.05 1.5
      vertex 84.6 63.1 1.5
      vertex 84.5786 63.4263 1.5
    endloop
  endfacet
  facet normal 0 0 1
    outer loop
      vertex 84.6 63.1 1.5
      vertex 82.05 63.05 1.5
      vertex 84.6 -0.0999966 1.5
    endloop
  endfacet
  facet normal 0 0 1
    outer loop
      vertex 82.05 63.05 1.5
      vertex 84.5786 63.4263 1.5
      vertex 84.5148 63.747 1.5
    endloop
  endfacet
  facet normal -0 0 1
    outer loop
      vertex 82.05 -0.0499878 1.5
      vertex 84.6 -0.0999966 1.5
      vertex 82.05 63.05 1.5
    endloop
  endfacet
  facet normal 0 0 1
    outer loop
      vertex 82.05 63.05 1.5
      vertex 84.5148 63.747 1.5
      vertex 84.4097 64.0567 1.5
    endloop
  endfacet
  facet normal 0 0 1
    outer loop
      vertex 84.6 -0.0999966 1.5
      vertex 82.05 -0.0499878 1.5
      vertex 84.5786 -0.426306 1.5
    endloop
  endfacet
  facet normal 0 0 1
    outer loop
      vertex 82.05 63.05 1.5
      vertex 84.4097 64.0567 1.5
      vertex 84.2651 64.35 1.5
    endloop
  endfacet
  facet normal 0 0 1
    outer loop
      vertex 84.5786 -0.426306 1.5
      vertex 82.05 -0.0499878 1.5
      vertex 84.5148 -0.747046 1.5
    endloop
  endfacet
  facet normal 0 0 1
    outer loop
      vertex 82.05 63.05 1.5
      vertex 84.2651 64.35 1.5
      vertex 84.0834 64.6219 1.5
    endloop
  endfacet
  facet normal 0 0 1
    outer loop
      vertex 84.5148 -0.747046 1.5
      vertex 82.05 -0.0499878 1.5
      vertex 84.4097 -1.05671 1.5
    endloop
  endfacet
  facet normal 0 0 1
    outer loop
      vertex 82.05 63.05 1.5
      vertex 84.0834 64.6219 1.5
      vertex 83.8678 64.8678 1.5
    endloop
  endfacet
  facet normal 0 0 1
    outer loop
      vertex 84.4097 -1.05671 1.5
      vertex 82.05 -0.0499878 1.5
      vertex 84.2651 -1.35 1.5
    endloop
  endfacet
  facet normal 0 0 1
    outer loop
      vertex 82.05 63.05 1.5
      vertex 83.8678 64.8678 1.5
      vertex 83.6219 65.0834 1.5
    endloop
  endfacet
  facet normal 0 0 1
    outer loop
      vertex 84.2651 -1.35 1.5
      vertex 82.05 -0.0499878 1.5
      vertex 84.0834 -1.62189 1.5
    endloop
  endfacet
  facet normal 0 0 1
    outer loop
      vertex 82.05 63.05 1.5
      vertex 83.6219 65.0834 1.5
      vertex 83.35 65.2651 1.5
    endloop
  endfacet
  facet normal 0 0 1
    outer loop
      vertex 84.0834 -1.62189 1.5
      vertex 82.05 -0.0499878 1.5
      vertex 83.8678 -1.86776 1.5
    endloop
  endfacet
  facet normal 0 0 1
    outer loop
      vertex 82.05 63.05 1.5
      vertex 83.35 65.2651 1.5
      vertex 83.0567 65.4097 1.5
    endloop
  endfacet
  facet normal 0 0 1
    outer loop
      vertex 83.8678 -1.86776 1.5
      vertex 82.05 -0.0499878 1.5
      vertex 83.6219 -2.08338 1.5
    endloop
  endfacet
  facet normal 0 0 1
    outer loop
      vertex 82.05 63.05 1.5
      vertex 83.0567 65.4097 1.5
      vertex 82.747 65.5148 1.5
    endloop
  endfacet
  facet normal 0 0 1
    outer loop
      vertex 83.6219 -2.08338 1.5
      vertex 82.05 -0.0499878 1.5
      vertex 83.35 -2.26507 1.5
    endloop
  endfacet
  facet normal 0 0 1
    outer loop
      vertex 82.05 63.05 1.5
      vertex 82.747 65.5148 1.5
      vertex 82.4263 65.5786 1.5
    endloop
  endfacet
  facet normal 0 0 1
    outer loop
      vertex 83.35 -2.26507 1.5
      vertex 82.05 -0.0499878 1.5
      vertex 83.0567 -2.40969 1.5
    endloop
  endfacet
  facet normal 0 0 1
    outer loop
      vertex 82.05 63.05 1.5
      vertex 82.4263 65.5786 1.5
      vertex 82.1 65.6 1.5
    endloop
  endfacet
  facet normal 0 0 1
    outer loop
      vertex 83.0567 -2.40969 1.5
      vertex 82.05 -0.0499878 1.5
      vertex 82.747 -2.51481 1.5
    endloop
  endfacet
  facet normal 0 0 1
    outer loop
      vertex 82.747 -2.51481 1.5
      vertex 82.05 -0.0499878 1.5
      vertex 82.4263 -2.5786 1.5
    endloop
  endfacet
  facet normal 0 0 1
    outer loop
      vertex 82.1 65.6 1.5
      vertex -0.0499878 63.05 1.5
      vertex 82.05 63.05 1.5
    endloop
  endfacet
  facet normal -0 0 1
    outer loop
      vertex -0.426309 65.5786 1.5
      vertex -0.0499878 63.05 1.5
      vertex -0.0999994 65.6 1.5
    endloop
  endfacet
  facet normal -0 0 1
    outer loop
      vertex -0.0999994 65.6 1.5
      vertex -0.0499878 63.05 1.5
      vertex 82.1 65.6 1.5
    endloop
  endfacet
  facet normal 0 0 1
    outer loop
      vertex 82.4263 -2.5786 1.5
      vertex 82.05 -0.0499878 1.5
      vertex 82.1 -2.6 1.5
    endloop
  endfacet
  facet normal -0 0 1
    outer loop
      vertex 27 -0.0499878 1.5
      vertex 82.1 -2.6 1.5
      vertex 82.05 -0.0499878 1.5
    endloop
  endfacet
  facet normal 0 0 1
    outer loop
      vertex 20.2 38.8 1.5
      vertex 25.5 38.8 1.5
      vertex 20.2 43.7 1.5
    endloop
  endfacet
  facet normal 0 0 1
    outer loop
      vertex 25.5 38.8 1.5
      vertex 20.2 38.8 1.5
      vertex 25.5 24.2 1.5
    endloop
  endfacet
  facet normal 0 0 1
    outer loop
      vertex 20.2 24.2 1.5
      vertex 25.5 24.2 1.5
      vertex 20.2 38.8 1.5
    endloop
  endfacet
  facet normal 0 0 1
    outer loop
      vertex 19 1 1.5
      vertex 25.5 24.2 1.5
      vertex 20.2 24.2 1.5
    endloop
  endfacet
  facet normal 0 0 1
    outer loop
      vertex 27 0.950012 1.5
      vertex 19 1 1.5
      vertex 27 -0.0499878 1.5
    endloop
  endfacet
  facet normal 0 0 1
    outer loop
      vertex 27 -0.0499878 1.5
      vertex 19 -2.6 1.5
      vertex 82.1 -2.6 1.5
    endloop
  endfacet
  facet normal 0 0 1
    outer loop
      vertex 19 -2.6 1.5
      vertex 27 -0.0499878 1.5
      vertex 19 1 1.5
    endloop
  endfacet
  facet normal 0 0 1
    outer loop
      vertex 20.2 24.2 1.5
      vertex 7 1 1.5
      vertex 19 1 1.5
    endloop
  endfacet
  facet normal -0 0 1
    outer loop
      vertex 5.59999 24.2 1.5
      vertex 7 1 1.5
      vertex 20.2 24.2 1.5
    endloop
  endfacet
  facet normal -0 0 1
    outer loop
      vertex 0.949997 19 1.5
      vertex 7 1 1.5
      vertex 5.59999 24.2 1.5
    endloop
  endfacet
  facet normal -0 0 1
    outer loop
      vertex 3.90211 60.382 1.5
      vertex 5.59999 58.3 1.5
      vertex 3.97538 60.6871 1.5
    endloop
  endfacet
  facet normal -0 0 1
    outer loop
      vertex 3.78201 60.092 1.5
      vertex 5.59999 58.3 1.5
      vertex 3.90211 60.382 1.5
    endloop
  endfacet
  facet normal -0 0 1
    outer loop
      vertex 3.61803 59.8244 1.5
      vertex 5.59999 58.3 1.5
      vertex 3.78201 60.092 1.5
    endloop
  endfacet
  facet normal -0 0 1
    outer loop
      vertex 3.41421 59.5858 1.5
      vertex 5.59999 58.3 1.5
      vertex 3.61803 59.8244 1.5
    endloop
  endfacet
  facet normal -0 0 1
    outer loop
      vertex 3.17557 59.382 1.5
      vertex 5.59999 58.3 1.5
      vertex 3.41421 59.5858 1.5
    endloop
  endfacet
  facet normal -0 0 1
    outer loop
      vertex 2.90798 59.218 1.5
      vertex 5.59999 58.3 1.5
      vertex 3.17557 59.382 1.5
    endloop
  endfacet
  facet normal -0 0 1
    outer loop
      vertex 2.61803 59.0979 1.5
      vertex 5.59999 58.3 1.5
      vertex 2.90798 59.218 1.5
    endloop
  endfacet
  facet normal -0 0 1
    outer loop
      vertex 2.31287 59.0246 1.5
      vertex 5.59999 58.3 1.5
      vertex 2.61803 59.0979 1.5
    endloop
  endfacet
  facet normal -0 0 1
    outer loop
      vertex 2 59 1.5
      vertex 5.59999 58.3 1.5
      vertex 2.31287 59.0246 1.5
    endloop
  endfacet
  facet normal 0 0 1
    outer loop
      vertex 1.38197 59.0979 1.5
      vertex 5.59999 43.7 1.5
      vertex 1.68713 59.0246 1.5
    endloop
  endfacet
  facet normal 0 0 1
    outer loop
      vertex 1.09202 59.218 1.5
      vertex 5.59999 43.7 1.5
      vertex 1.38197 59.0979 1.5
    endloop
  endfacet
  facet normal 0 0 1
    outer loop
      vertex 0.949997 59.305 1.5
      vertex 5.59999 43.7 1.5
      vertex 1.09202 59.218 1.5
    endloop
  endfacet
  facet normal 0 0 1
    outer loop
      vertex 5.59999 43.7 1.5
      vertex 0.949997 59.305 1.5
      vertex 5.59999 38.8 1.5
    endloop
  endfacet
  facet normal 0 0 1
    outer loop
      vertex 0.949997 19 1.5
      vertex 5.59999 38.8 1.5
      vertex 0.949997 59.305 1.5
    endloop
  endfacet
  facet normal 0 0 1
    outer loop
      vertex 5.59999 38.8 1.5
      vertex 0.949997 19 1.5
      vertex 5.59999 24.2 1.5
    endloop
  endfacet
  facet normal 0 0 1
    outer loop
      vertex -2.6 -0.0999966 1.5
      vertex 7 1 1.5
      vertex 0.949997 19 1.5
    endloop
  endfacet
  facet normal 0 0 1
    outer loop
      vertex -2.6 -0.0999966 1.5
      vertex 0.949997 19 1.5
      vertex -0.0499878 19 1.5
    endloop
  endfacet
  facet normal 0 -0 1
    outer loop
      vertex -0.0999994 -2.6 1.5
      vertex 7 1 1.5
      vertex -2.6 -0.0999966 1.5
    endloop
  endfacet
  facet normal 0 0 1
    outer loop
      vertex -0.0499878 63.05 1.5
      vertex -2.6 63.1 1.5
      vertex -0.0499878 19 1.5
    endloop
  endfacet
  facet normal -0 0 1
    outer loop
      vertex -0.747048 65.5148 1.5
      vertex -0.0499878 63.05 1.5
      vertex -0.426309 65.5786 1.5
    endloop
  endfacet
  facet normal 0 0 1
    outer loop
      vertex -2.6 -0.0999966 1.5
      vertex -0.0499878 19 1.5
      vertex -2.6 63.1 1.5
    endloop
  endfacet
  facet normal -0 0 1
    outer loop
      vertex -1.05671 65.4097 1.5
      vertex -0.0499878 63.05 1.5
      vertex -0.747048 65.5148 1.5
    endloop
  endfacet
  facet normal 0 0 1
    outer loop
      vertex 7 1 1.5
      vertex -0.0999994 -2.6 1.5
      vertex 7 -2.6 1.5
    endloop
  endfacet
  facet normal -0 0 1
    outer loop
      vertex -1.35 65.2651 1.5
      vertex -0.0499878 63.05 1.5
      vertex -1.05671 65.4097 1.5
    endloop
  endfacet
  facet normal 0 0 1
    outer loop
      vertex -0.0999994 -2.6 1.5
      vertex -2.6 -0.0999966 1.5
      vertex -0.426309 -2.5786 1.5
    endloop
  endfacet
  facet normal -0 0 1
    outer loop
      vertex -1.6219 65.0834 1.5
      vertex -0.0499878 63.05 1.5
      vertex -1.35 65.2651 1.5
    endloop
  endfacet
  facet normal 0 0 1
    outer loop
      vertex -0.426309 -2.5786 1.5
      vertex -2.6 -0.0999966 1.5
      vertex -0.747048 -2.51481 1.5
    endloop
  endfacet
  facet normal -0 0 1
    outer loop
      vertex -1.86776 64.8678 1.5
      vertex -0.0499878 63.05 1.5
      vertex -1.6219 65.0834 1.5
    endloop
  endfacet
  facet normal 0 0 1
    outer loop
      vertex -0.747048 -2.51481 1.5
      vertex -2.6 -0.0999966 1.5
      vertex -1.05671 -2.40969 1.5
    endloop
  endfacet
  facet normal -0 0 1
    outer loop
      vertex -2.08338 64.6219 1.5
      vertex -0.0499878 63.05 1.5
      vertex -1.86776 64.8678 1.5
    endloop
  endfacet
  facet normal 0 0 1
    outer loop
      vertex -1.05671 -2.40969 1.5
      vertex -2.6 -0.0999966 1.5
      vertex -1.35 -2.26507 1.5
    endloop
  endfacet
  facet normal -0 0 1
    outer loop
      vertex -2.26507 64.35 1.5
      vertex -0.0499878 63.05 1.5
      vertex -2.08338 64.6219 1.5
    endloop
  endfacet
  facet normal 0 0 1
    outer loop
      vertex -1.35 -2.26507 1.5
      vertex -2.6 -0.0999966 1.5
      vertex -1.6219 -2.08338 1.5
    endloop
  endfacet
  facet normal -0 0 1
    outer loop
      vertex -2.40969 64.0567 1.5
      vertex -0.0499878 63.05 1.5
      vertex -2.26507 64.35 1.5
    endloop
  endfacet
  facet normal 0 0 1
    outer loop
      vertex -1.6219 -2.08338 1.5
      vertex -2.6 -0.0999966 1.5
      vertex -1.86776 -1.86776 1.5
    endloop
  endfacet
  facet normal -0 0 1
    outer loop
      vertex -2.51481 63.747 1.5
      vertex -0.0499878 63.05 1.5
      vertex -2.40969 64.0567 1.5
    endloop
  endfacet
  facet normal 0 0 1
    outer loop
      vertex -1.86776 -1.86776 1.5
      vertex -2.6 -0.0999966 1.5
      vertex -2.08338 -1.62189 1.5
    endloop
  endfacet
  facet normal -0 0 1
    outer loop
      vertex -2.57861 63.4263 1.5
      vertex -0.0499878 63.05 1.5
      vertex -2.51481 63.747 1.5
    endloop
  endfacet
  facet normal 0 0 1
    outer loop
      vertex -2.08338 -1.62189 1.5
      vertex -2.6 -0.0999966 1.5
      vertex -2.26507 -1.35 1.5
    endloop
  endfacet
  facet normal 0 0 1
    outer loop
      vertex -0.0499878 63.05 1.5
      vertex -2.57861 63.4263 1.5
      vertex -2.6 63.1 1.5
    endloop
  endfacet
  facet normal 0 0 1
    outer loop
      vertex -2.26507 -1.35 1.5
      vertex -2.6 -0.0999966 1.5
      vertex -2.40969 -1.05671 1.5
    endloop
  endfacet
  facet normal 0 0 1
    outer loop
      vertex -2.40969 -1.05671 1.5
      vertex -2.6 -0.0999966 1.5
      vertex -2.51481 -0.747046 1.5
    endloop
  endfacet
  facet normal 0 0 1
    outer loop
      vertex -2.51481 -0.747046 1.5
      vertex -2.6 -0.0999966 1.5
      vertex -2.57861 -0.426306 1.5
    endloop
  endfacet
  facet normal -0 0 1
    outer loop
      vertex 5.59999 43.7 1.5
      vertex 20.2 38.8 1.5
      vertex 20.2 43.7 1.5
    endloop
  endfacet
  facet normal 0 0 1
    outer loop
      vertex 20.2 38.8 1.5
      vertex 5.59999 43.7 1.5
      vertex 5.59999 38.8 1.5
    endloop
  endfacet
  facet normal 0.946946 -0.321393 0
    outer loop
      vertex 84.4097 -1.05671 1.5
      vertex 84.5148 -0.747046 5.72205e-07
      vertex 84.5148 -0.747046 1.5
    endloop
  endfacet
  facet normal 0.946946 -0.321393 0
    outer loop
      vertex 84.5148 -0.747046 5.72205e-07
      vertex 84.4097 -1.05671 1.5
      vertex 84.4097 -1.05671 5.72205e-07
    endloop
  endfacet
  facet normal 0.997856 0.0654432 0
    outer loop
      vertex 84.6 63.1 1.5
      vertex 84.5786 63.4263 5.72205e-07
      vertex 84.5786 63.4263 1.5
    endloop
  endfacet
  facet normal 0.997856 0.0654432 0
    outer loop
      vertex 84.5786 63.4263 5.72205e-07
      vertex 84.6 63.1 1.5
      vertex 84.6 63.1 5.72205e-07
    endloop
  endfacet
  facet normal 0.946957 0.32136 0
    outer loop
      vertex 84.5148 63.747 1.5
      vertex 84.4097 64.0567 5.72205e-07
      vertex 84.4097 64.0567 1.5
    endloop
  endfacet
  facet normal 0.946957 0.32136 0
    outer loop
      vertex 84.4097 64.0567 5.72205e-07
      vertex 84.5148 63.747 1.5
      vertex 84.5148 63.747 5.72205e-07
    endloop
  endfacet
  facet normal 0.442191 0.896921 -0
    outer loop
      vertex 83.35 65.2651 5.72205e-07
      vertex 83.0567 65.4097 1.5
      vertex 83.35 65.2651 1.5
    endloop
  endfacet
  facet normal 0.442191 0.896921 0
    outer loop
      vertex 83.0567 65.4097 1.5
      vertex 83.35 65.2651 5.72205e-07
      vertex 83.0567 65.4097 5.72205e-07
    endloop
  endfacet
  facet normal -0.608682 -0.793414 0
    outer loop
      vertex 2.45 61.7794 1.01
      vertex 2.6364 61.6364 6.5
      vertex 2.45 61.7794 6.5
    endloop
  endfacet
  facet normal -0.608682 -0.793414 -0
    outer loop
      vertex 2.6364 61.6364 6.5
      vertex 2.45 61.7794 1.01
      vertex 2.6364 61.6364 1.01
    endloop
  endfacet
  facet normal 0.793373 0.608735 0
    outer loop
      vertex 1.3636 60.3636 6.5
      vertex 1.22058 60.55 1.01
      vertex 1.22058 60.55 6.5
    endloop
  endfacet
  facet normal 0.793373 0.608735 0
    outer loop
      vertex 1.22058 60.55 1.01
      vertex 1.3636 60.3636 6.5
      vertex 1.3636 60.3636 1.01
    endloop
  endfacet
  facet normal -0.923903 0.382626 0
    outer loop
      vertex 2.77942 60.55 1.01
      vertex 2.86933 60.7671 6.5
      vertex 2.86933 60.7671 1.01
    endloop
  endfacet
  facet normal -0.923903 0.382626 0
    outer loop
      vertex 2.86933 60.7671 6.5
      vertex 2.77942 60.55 1.01
      vertex 2.77942 60.55 6.5
    endloop
  endfacet
  facet normal -0.99144 0.13056 0
    outer loop
      vertex 2.86933 60.7671 1.01
      vertex 2.9 61 6.5
      vertex 2.9 61 1.01
    endloop
  endfacet
  facet normal -0.99144 0.13056 0
    outer loop
      vertex 2.9 61 6.5
      vertex 2.86933 60.7671 1.01
      vertex 2.86933 60.7671 6.5
    endloop
  endfacet
  facet normal 0.99144 -0.13056 0
    outer loop
      vertex 1.1 61 6.5
      vertex 1.13067 61.2329 1.01
      vertex 1.13067 61.2329 6.5
    endloop
  endfacet
  facet normal 0.99144 -0.13056 0
    outer loop
      vertex 1.13067 61.2329 1.01
      vertex 1.1 61 6.5
      vertex 1.1 61 1.01
    endloop
  endfacet
  facet normal -0.38265 -0.923893 0
    outer loop
      vertex 2.23294 61.8693 1.01
      vertex 2.45 61.7794 6.5
      vertex 2.23294 61.8693 6.5
    endloop
  endfacet
  facet normal -0.38265 -0.923893 -0
    outer loop
      vertex 2.45 61.7794 6.5
      vertex 2.23294 61.8693 1.01
      vertex 2.45 61.7794 1.01
    endloop
  endfacet
  facet normal 0.923903 0.382626 0
    outer loop
      vertex 1.22058 60.55 6.5
      vertex 1.13067 60.7671 1.01
      vertex 1.13067 60.7671 6.5
    endloop
  endfacet
  facet normal 0.923903 0.382626 0
    outer loop
      vertex 1.13067 60.7671 1.01
      vertex 1.22058 60.55 6.5
      vertex 1.22058 60.55 1.01
    endloop
  endfacet
  facet normal -0.793373 -0.608735 0
    outer loop
      vertex 2.77942 61.45 1.01
      vertex 2.6364 61.6364 6.5
      vertex 2.6364 61.6364 1.01
    endloop
  endfacet
  facet normal -0.793373 -0.608735 0
    outer loop
      vertex 2.6364 61.6364 6.5
      vertex 2.77942 61.45 1.01
      vertex 2.77942 61.45 6.5
    endloop
  endfacet
  facet normal -0.99144 -0.13056 0
    outer loop
      vertex 2.9 61 1.01
      vertex 2.86933 61.2329 6.5
      vertex 2.86933 61.2329 1.01
    endloop
  endfacet
  facet normal -0.99144 -0.13056 0
    outer loop
      vertex 2.86933 61.2329 6.5
      vertex 2.9 61 1.01
      vertex 2.9 61 6.5
    endloop
  endfacet
  facet normal 0.38265 -0.923893 0
    outer loop
      vertex 1.55 61.7794 1.01
      vertex 1.76706 61.8693 6.5
      vertex 1.55 61.7794 6.5
    endloop
  endfacet
  facet normal 0.38265 -0.923893 0
    outer loop
      vertex 1.76706 61.8693 6.5
      vertex 1.55 61.7794 1.01
      vertex 1.76706 61.8693 1.01
    endloop
  endfacet
  facet normal 0.130664 -0.991427 0
    outer loop
      vertex 1.76706 61.8693 1.01
      vertex 2 61.9 6.5
      vertex 1.76706 61.8693 6.5
    endloop
  endfacet
  facet normal 0.130664 -0.991427 0
    outer loop
      vertex 2 61.9 6.5
      vertex 1.76706 61.8693 1.01
      vertex 2 61.9 1.01
    endloop
  endfacet
  facet normal 0.130664 0.991427 -0
    outer loop
      vertex 2 60.1 1.01
      vertex 1.76706 60.1307 6.5
      vertex 2 60.1 6.5
    endloop
  endfacet
  facet normal 0.130664 0.991427 0
    outer loop
      vertex 1.76706 60.1307 6.5
      vertex 2 60.1 1.01
      vertex 1.76706 60.1307 1.01
    endloop
  endfacet
  facet normal 0.608682 0.793414 -0
    outer loop
      vertex 1.55 60.2206 1.01
      vertex 1.3636 60.3636 6.5
      vertex 1.55 60.2206 6.5
    endloop
  endfacet
  facet normal 0.608682 0.793414 0
    outer loop
      vertex 1.3636 60.3636 6.5
      vertex 1.55 60.2206 1.01
      vertex 1.3636 60.3636 1.01
    endloop
  endfacet
  facet normal -0.38265 0.923893 0
    outer loop
      vertex 2.45 60.2206 1.01
      vertex 2.23294 60.1307 6.5
      vertex 2.45 60.2206 6.5
    endloop
  endfacet
  facet normal -0.38265 0.923893 0
    outer loop
      vertex 2.23294 60.1307 6.5
      vertex 2.45 60.2206 1.01
      vertex 2.23294 60.1307 1.01
    endloop
  endfacet
  facet normal 0.38265 0.923893 -0
    outer loop
      vertex 1.76706 60.1307 1.01
      vertex 1.55 60.2206 6.5
      vertex 1.76706 60.1307 6.5
    endloop
  endfacet
  facet normal 0.38265 0.923893 0
    outer loop
      vertex 1.55 60.2206 6.5
      vertex 1.76706 60.1307 1.01
      vertex 1.55 60.2206 1.01
    endloop
  endfacet
  facet normal -0.923903 -0.382626 0
    outer loop
      vertex 2.86933 61.2329 1.01
      vertex 2.77942 61.45 6.5
      vertex 2.77942 61.45 1.01
    endloop
  endfacet
  facet normal -0.923903 -0.382626 0
    outer loop
      vertex 2.77942 61.45 6.5
      vertex 2.86933 61.2329 1.01
      vertex 2.86933 61.2329 6.5
    endloop
  endfacet
  facet normal 0 0 1
    outer loop
      vertex 2.86933 61.2329 1.01
      vertex 2.86933 60.7671 1.01
      vertex 2.9 61 1.01
    endloop
  endfacet
  facet normal 0 0 1
    outer loop
      vertex 2.77942 61.45 1.01
      vertex 2.86933 60.7671 1.01
      vertex 2.86933 61.2329 1.01
    endloop
  endfacet
  facet normal 0 0 1
    outer loop
      vertex 2.77942 61.45 1.01
      vertex 2.77942 60.55 1.01
      vertex 2.86933 60.7671 1.01
    endloop
  endfacet
  facet normal 0 0 1
    outer loop
      vertex 2.6364 61.6364 1.01
      vertex 2.77942 60.55 1.01
      vertex 2.77942 61.45 1.01
    endloop
  endfacet
  facet normal 0 0 1
    outer loop
      vertex 2.6364 61.6364 1.01
      vertex 2.6364 60.3636 1.01
      vertex 2.77942 60.55 1.01
    endloop
  endfacet
  facet normal 0 0 1
    outer loop
      vertex 2.45 61.7794 1.01
      vertex 2.6364 60.3636 1.01
      vertex 2.6364 61.6364 1.01
    endloop
  endfacet
  facet normal 0 0 1
    outer loop
      vertex 2.45 61.7794 1.01
      vertex 2.45 60.2206 1.01
      vertex 2.6364 60.3636 1.01
    endloop
  endfacet
  facet normal 0 0 1
    outer loop
      vertex 2.23294 61.8693 1.01
      vertex 2.45 60.2206 1.01
      vertex 2.45 61.7794 1.01
    endloop
  endfacet
  facet normal 0 0 1
    outer loop
      vertex 2.23294 61.8693 1.01
      vertex 2.23294 60.1307 1.01
      vertex 2.45 60.2206 1.01
    endloop
  endfacet
  facet normal 0 0 1
    outer loop
      vertex 2 61.9 1.01
      vertex 2.23294 60.1307 1.01
      vertex 2.23294 61.8693 1.01
    endloop
  endfacet
  facet normal 0 0 1
    outer loop
      vertex 2 61.9 1.01
      vertex 2 60.1 1.01
      vertex 2.23294 60.1307 1.01
    endloop
  endfacet
  facet normal -0 0 1
    outer loop
      vertex 1.76706 61.8693 1.01
      vertex 2 60.1 1.01
      vertex 2 61.9 1.01
    endloop
  endfacet
  facet normal 0 0 1
    outer loop
      vertex 1.76706 61.8693 1.01
      vertex 1.76706 60.1307 1.01
      vertex 2 60.1 1.01
    endloop
  endfacet
  facet normal -0 0 1
    outer loop
      vertex 1.55 61.7794 1.01
      vertex 1.76706 60.1307 1.01
      vertex 1.76706 61.8693 1.01
    endloop
  endfacet
  facet normal 0 0 1
    outer loop
      vertex 1.55 61.7794 1.01
      vertex 1.55 60.2206 1.01
      vertex 1.76706 60.1307 1.01
    endloop
  endfacet
  facet normal -0 0 1
    outer loop
      vertex 1.3636 61.6364 1.01
      vertex 1.55 60.2206 1.01
      vertex 1.55 61.7794 1.01
    endloop
  endfacet
  facet normal 0 0 1
    outer loop
      vertex 1.3636 61.6364 1.01
      vertex 1.3636 60.3636 1.01
      vertex 1.55 60.2206 1.01
    endloop
  endfacet
  facet normal -0 0 1
    outer loop
      vertex 1.22058 61.45 1.01
      vertex 1.3636 60.3636 1.01
      vertex 1.3636 61.6364 1.01
    endloop
  endfacet
  facet normal 0 0 1
    outer loop
      vertex 1.22058 61.45 1.01
      vertex 1.22058 60.55 1.01
      vertex 1.3636 60.3636 1.01
    endloop
  endfacet
  facet normal -0 0 1
    outer loop
      vertex 1.13067 61.2329 1.01
      vertex 1.22058 60.55 1.01
      vertex 1.22058 61.45 1.01
    endloop
  endfacet
  facet normal 0 0 1
    outer loop
      vertex 1.13067 61.2329 1.01
      vertex 1.13067 60.7671 1.01
      vertex 1.22058 60.55 1.01
    endloop
  endfacet
  facet normal 0 -0 1
    outer loop
      vertex 1.13067 60.7671 1.01
      vertex 1.13067 61.2329 1.01
      vertex 1.1 61 1.01
    endloop
  endfacet
  facet normal -0.130664 -0.991427 0
    outer loop
      vertex 2 61.9 1.01
      vertex 2.23294 61.8693 6.5
      vertex 2 61.9 6.5
    endloop
  endfacet
  facet normal -0.130664 -0.991427 -0
    outer loop
      vertex 2.23294 61.8693 6.5
      vertex 2 61.9 1.01
      vertex 2.23294 61.8693 1.01
    endloop
  endfacet
  facet normal -0.793373 0.608735 0
    outer loop
      vertex 2.6364 60.3636 1.01
      vertex 2.77942 60.55 6.5
      vertex 2.77942 60.55 1.01
    endloop
  endfacet
  facet normal -0.793373 0.608735 0
    outer loop
      vertex 2.77942 60.55 6.5
      vertex 2.6364 60.3636 1.01
      vertex 2.6364 60.3636 6.5
    endloop
  endfacet
  facet normal 0.923903 -0.382626 0
    outer loop
      vertex 1.13067 61.2329 6.5
      vertex 1.22058 61.45 1.01
      vertex 1.22058 61.45 6.5
    endloop
  endfacet
  facet normal 0.923903 -0.382626 0
    outer loop
      vertex 1.22058 61.45 1.01
      vertex 1.13067 61.2329 6.5
      vertex 1.13067 61.2329 1.01
    endloop
  endfacet
  facet normal -0.608682 0.793414 0
    outer loop
      vertex 2.6364 60.3636 1.01
      vertex 2.45 60.2206 6.5
      vertex 2.6364 60.3636 6.5
    endloop
  endfacet
  facet normal -0.608682 0.793414 0
    outer loop
      vertex 2.45 60.2206 6.5
      vertex 2.6364 60.3636 1.01
      vertex 2.45 60.2206 1.01
    endloop
  endfacet
  facet normal -0.130664 0.991427 0
    outer loop
      vertex 2.23294 60.1307 1.01
      vertex 2 60.1 6.5
      vertex 2.23294 60.1307 6.5
    endloop
  endfacet
  facet normal -0.130664 0.991427 0
    outer loop
      vertex 2 60.1 6.5
      vertex 2.23294 60.1307 1.01
      vertex 2 60.1 1.01
    endloop
  endfacet
  facet normal 0.608682 -0.793414 0
    outer loop
      vertex 1.3636 61.6364 1.01
      vertex 1.55 61.7794 6.5
      vertex 1.3636 61.6364 6.5
    endloop
  endfacet
  facet normal 0.608682 -0.793414 0
    outer loop
      vertex 1.55 61.7794 6.5
      vertex 1.3636 61.6364 1.01
      vertex 1.55 61.7794 1.01
    endloop
  endfacet
  facet normal 0.793373 -0.608735 0
    outer loop
      vertex 1.22058 61.45 6.5
      vertex 1.3636 61.6364 1.01
      vertex 1.3636 61.6364 6.5
    endloop
  endfacet
  facet normal 0.793373 -0.608735 0
    outer loop
      vertex 1.3636 61.6364 1.01
      vertex 1.22058 61.45 6.5
      vertex 1.22058 61.45 1.01
    endloop
  endfacet
  facet normal 0.99144 0.13056 0
    outer loop
      vertex 1.13067 60.7671 6.5
      vertex 1.1 61 1.01
      vertex 1.1 61 6.5
    endloop
  endfacet
  facet normal 0.99144 0.13056 0
    outer loop
      vertex 1.1 61 1.01
      vertex 1.13067 60.7671 6.5
      vertex 1.13067 60.7671 1.01
    endloop
  endfacet
  facet normal -0.608682 -0.793414 0
    outer loop
      vertex 80.45 61.7794 1.01
      vertex 80.6364 61.6364 6.5
      vertex 80.45 61.7794 6.5
    endloop
  endfacet
  facet normal -0.608682 -0.793414 -0
    outer loop
      vertex 80.6364 61.6364 6.5
      vertex 80.45 61.7794 1.01
      vertex 80.6364 61.6364 1.01
    endloop
  endfacet
  facet normal 0.793414 0.608682 0
    outer loop
      vertex 79.3636 60.3636 6.5
      vertex 79.2206 60.55 1.01
      vertex 79.2206 60.55 6.5
    endloop
  endfacet
  facet normal 0.793414 0.608682 0
    outer loop
      vertex 79.2206 60.55 1.01
      vertex 79.3636 60.3636 6.5
      vertex 79.3636 60.3636 1.01
    endloop
  endfacet
  facet normal -0.923918 0.38259 0
    outer loop
      vertex 80.7794 60.55 1.01
      vertex 80.8693 60.7671 6.5
      vertex 80.8693 60.7671 1.01
    endloop
  endfacet
  facet normal -0.923918 0.38259 0
    outer loop
      vertex 80.8693 60.7671 6.5
      vertex 80.7794 60.55 1.01
      vertex 80.7794 60.55 6.5
    endloop
  endfacet
  facet normal -0.991424 0.130686 0
    outer loop
      vertex 80.8693 60.7671 1.01
      vertex 80.9 61 6.5
      vertex 80.9 61 1.01
    endloop
  endfacet
  facet normal -0.991424 0.130686 0
    outer loop
      vertex 80.9 61 6.5
      vertex 80.8693 60.7671 1.01
      vertex 80.8693 60.7671 6.5
    endloop
  endfacet
  facet normal 0.991424 -0.130686 0
    outer loop
      vertex 79.1 61 6.5
      vertex 79.1307 61.2329 1.01
      vertex 79.1307 61.2329 6.5
    endloop
  endfacet
  facet normal 0.991424 -0.130686 0
    outer loop
      vertex 79.1307 61.2329 1.01
      vertex 79.1 61 6.5
      vertex 79.1 61 1.01
    endloop
  endfacet
  facet normal -0.38259 -0.923918 0
    outer loop
      vertex 80.2329 61.8693 1.01
      vertex 80.45 61.7794 6.5
      vertex 80.2329 61.8693 6.5
    endloop
  endfacet
  facet normal -0.38259 -0.923918 -0
    outer loop
      vertex 80.45 61.7794 6.5
      vertex 80.2329 61.8693 1.01
      vertex 80.45 61.7794 1.01
    endloop
  endfacet
  facet normal 0.923918 0.38259 0
    outer loop
      vertex 79.2206 60.55 6.5
      vertex 79.1307 60.7671 1.01
      vertex 79.1307 60.7671 6.5
    endloop
  endfacet
  facet normal 0.923918 0.38259 0
    outer loop
      vertex 79.1307 60.7671 1.01
      vertex 79.2206 60.55 6.5
      vertex 79.2206 60.55 1.01
    endloop
  endfacet
  facet normal -0.793414 -0.608682 0
    outer loop
      vertex 80.7794 61.45 1.01
      vertex 80.6364 61.6364 6.5
      vertex 80.6364 61.6364 1.01
    endloop
  endfacet
  facet normal -0.793414 -0.608682 0
    outer loop
      vertex 80.6364 61.6364 6.5
      vertex 80.7794 61.45 1.01
      vertex 80.7794 61.45 6.5
    endloop
  endfacet
  facet normal -0.991424 -0.130686 0
    outer loop
      vertex 80.9 61 1.01
      vertex 80.8693 61.2329 6.5
      vertex 80.8693 61.2329 1.01
    endloop
  endfacet
  facet normal -0.991424 -0.130686 0
    outer loop
      vertex 80.8693 61.2329 6.5
      vertex 80.9 61 1.01
      vertex 80.9 61 6.5
    endloop
  endfacet
  facet normal 0.38259 -0.923918 0
    outer loop
      vertex 79.55 61.7794 1.01
      vertex 79.7671 61.8693 6.5
      vertex 79.55 61.7794 6.5
    endloop
  endfacet
  facet normal 0.38259 -0.923918 0
    outer loop
      vertex 79.7671 61.8693 6.5
      vertex 79.55 61.7794 1.01
      vertex 79.7671 61.8693 1.01
    endloop
  endfacet
  facet normal 0.130686 -0.991424 0
    outer loop
      vertex 79.7671 61.8693 1.01
      vertex 80 61.9 6.5
      vertex 79.7671 61.8693 6.5
    endloop
  endfacet
  facet normal 0.130686 -0.991424 0
    outer loop
      vertex 80 61.9 6.5
      vertex 79.7671 61.8693 1.01
      vertex 80 61.9 1.01
    endloop
  endfacet
  facet normal 0.130686 0.991424 -0
    outer loop
      vertex 80 60.1 1.01
      vertex 79.7671 60.1307 6.5
      vertex 80 60.1 6.5
    endloop
  endfacet
  facet normal 0.130686 0.991424 0
    outer loop
      vertex 79.7671 60.1307 6.5
      vertex 80 60.1 1.01
      vertex 79.7671 60.1307 1.01
    endloop
  endfacet
  facet normal 0.608682 0.793414 -0
    outer loop
      vertex 79.55 60.2206 1.01
      vertex 79.3636 60.3636 6.5
      vertex 79.55 60.2206 6.5
    endloop
  endfacet
  facet normal 0.608682 0.793414 0
    outer loop
      vertex 79.3636 60.3636 6.5
      vertex 79.55 60.2206 1.01
      vertex 79.3636 60.3636 1.01
    endloop
  endfacet
  facet normal -0.38259 0.923918 0
    outer loop
      vertex 80.45 60.2206 1.01
      vertex 80.2329 60.1307 6.5
      vertex 80.45 60.2206 6.5
    endloop
  endfacet
  facet normal -0.38259 0.923918 0
    outer loop
      vertex 80.2329 60.1307 6.5
      vertex 80.45 60.2206 1.01
      vertex 80.2329 60.1307 1.01
    endloop
  endfacet
  facet normal 0.38259 0.923918 -0
    outer loop
      vertex 79.7671 60.1307 1.01
      vertex 79.55 60.2206 6.5
      vertex 79.7671 60.1307 6.5
    endloop
  endfacet
  facet normal 0.38259 0.923918 0
    outer loop
      vertex 79.55 60.2206 6.5
      vertex 79.7671 60.1307 1.01
      vertex 79.55 60.2206 1.01
    endloop
  endfacet
  facet normal -0.923918 -0.38259 0
    outer loop
      vertex 80.8693 61.2329 1.01
      vertex 80.7794 61.45 6.5
      vertex 80.7794 61.45 1.01
    endloop
  endfacet
  facet normal -0.923918 -0.38259 0
    outer loop
      vertex 80.7794 61.45 6.5
      vertex 80.8693 61.2329 1.01
      vertex 80.8693 61.2329 6.5
    endloop
  endfacet
  facet normal 0 0 1
    outer loop
      vertex 80.8693 61.2329 1.01
      vertex 80.8693 60.7671 1.01
      vertex 80.9 61 1.01
    endloop
  endfacet
  facet normal 0 0 1
    outer loop
      vertex 80.7794 61.45 1.01
      vertex 80.8693 60.7671 1.01
      vertex 80.8693 61.2329 1.01
    endloop
  endfacet
  facet normal 0 0 1
    outer loop
      vertex 80.7794 61.45 1.01
      vertex 80.7794 60.55 1.01
      vertex 80.8693 60.7671 1.01
    endloop
  endfacet
  facet normal 0 0 1
    outer loop
      vertex 80.6364 61.6364 1.01
      vertex 80.7794 60.55 1.01
      vertex 80.7794 61.45 1.01
    endloop
  endfacet
  facet normal 0 0 1
    outer loop
      vertex 80.6364 61.6364 1.01
      vertex 80.6364 60.3636 1.01
      vertex 80.7794 60.55 1.01
    endloop
  endfacet
  facet normal 0 0 1
    outer loop
      vertex 80.45 61.7794 1.01
      vertex 80.6364 60.3636 1.01
      vertex 80.6364 61.6364 1.01
    endloop
  endfacet
  facet normal 0 0 1
    outer loop
      vertex 80.45 61.7794 1.01
      vertex 80.45 60.2206 1.01
      vertex 80.6364 60.3636 1.01
    endloop
  endfacet
  facet normal 0 0 1
    outer loop
      vertex 80.2329 61.8693 1.01
      vertex 80.45 60.2206 1.01
      vertex 80.45 61.7794 1.01
    endloop
  endfacet
  facet normal 0 0 1
    outer loop
      vertex 80.2329 61.8693 1.01
      vertex 80.2329 60.1307 1.01
      vertex 80.45 60.2206 1.01
    endloop
  endfacet
  facet normal 0 0 1
    outer loop
      vertex 80 61.9 1.01
      vertex 80.2329 60.1307 1.01
      vertex 80.2329 61.8693 1.01
    endloop
  endfacet
  facet normal 0 0 1
    outer loop
      vertex 80 61.9 1.01
      vertex 80 60.1 1.01
      vertex 80.2329 60.1307 1.01
    endloop
  endfacet
  facet normal -0 0 1
    outer loop
      vertex 79.7671 61.8693 1.01
      vertex 80 60.1 1.01
      vertex 80 61.9 1.01
    endloop
  endfacet
  facet normal 0 0 1
    outer loop
      vertex 79.7671 61.8693 1.01
      vertex 79.7671 60.1307 1.01
      vertex 80 60.1 1.01
    endloop
  endfacet
  facet normal -0 0 1
    outer loop
      vertex 79.55 61.7794 1.01
      vertex 79.7671 60.1307 1.01
      vertex 79.7671 61.8693 1.01
    endloop
  endfacet
  facet normal 0 0 1
    outer loop
      vertex 79.55 61.7794 1.01
      vertex 79.55 60.2206 1.01
      vertex 79.7671 60.1307 1.01
    endloop
  endfacet
  facet normal -0 0 1
    outer loop
      vertex 79.3636 61.6364 1.01
      vertex 79.55 60.2206 1.01
      vertex 79.55 61.7794 1.01
    endloop
  endfacet
  facet normal 0 0 1
    outer loop
      vertex 79.3636 61.6364 1.01
      vertex 79.3636 60.3636 1.01
      vertex 79.55 60.2206 1.01
    endloop
  endfacet
  facet normal -0 0 1
    outer loop
      vertex 79.2206 61.45 1.01
      vertex 79.3636 60.3636 1.01
      vertex 79.3636 61.6364 1.01
    endloop
  endfacet
  facet normal 0 0 1
    outer loop
      vertex 79.2206 61.45 1.01
      vertex 79.2206 60.55 1.01
      vertex 79.3636 60.3636 1.01
    endloop
  endfacet
  facet normal -0 0 1
    outer loop
      vertex 79.1307 61.2329 1.01
      vertex 79.2206 60.55 1.01
      vertex 79.2206 61.45 1.01
    endloop
  endfacet
  facet normal 0 0 1
    outer loop
      vertex 79.1307 61.2329 1.01
      vertex 79.1307 60.7671 1.01
      vertex 79.2206 60.55 1.01
    endloop
  endfacet
  facet normal 0 -0 1
    outer loop
      vertex 79.1307 60.7671 1.01
      vertex 79.1307 61.2329 1.01
      vertex 79.1 61 1.01
    endloop
  endfacet
  facet normal -0.130686 -0.991424 0
    outer loop
      vertex 80 61.9 1.01
      vertex 80.2329 61.8693 6.5
      vertex 80 61.9 6.5
    endloop
  endfacet
  facet normal -0.130686 -0.991424 -0
    outer loop
      vertex 80.2329 61.8693 6.5
      vertex 80 61.9 1.01
      vertex 80.2329 61.8693 1.01
    endloop
  endfacet
  facet normal -0.793414 0.608682 0
    outer loop
      vertex 80.6364 60.3636 1.01
      vertex 80.7794 60.55 6.5
      vertex 80.7794 60.55 1.01
    endloop
  endfacet
  facet normal -0.793414 0.608682 0
    outer loop
      vertex 80.7794 60.55 6.5
      vertex 80.6364 60.3636 1.01
      vertex 80.6364 60.3636 6.5
    endloop
  endfacet
  facet normal 0.923918 -0.38259 0
    outer loop
      vertex 79.1307 61.2329 6.5
      vertex 79.2206 61.45 1.01
      vertex 79.2206 61.45 6.5
    endloop
  endfacet
  facet normal 0.923918 -0.38259 0
    outer loop
      vertex 79.2206 61.45 1.01
      vertex 79.1307 61.2329 6.5
      vertex 79.1307 61.2329 1.01
    endloop
  endfacet
  facet normal -0.608682 0.793414 0
    outer loop
      vertex 80.6364 60.3636 1.01
      vertex 80.45 60.2206 6.5
      vertex 80.6364 60.3636 6.5
    endloop
  endfacet
  facet normal -0.608682 0.793414 0
    outer loop
      vertex 80.45 60.2206 6.5
      vertex 80.6364 60.3636 1.01
      vertex 80.45 60.2206 1.01
    endloop
  endfacet
  facet normal -0.130686 0.991424 0
    outer loop
      vertex 80.2329 60.1307 1.01
      vertex 80 60.1 6.5
      vertex 80.2329 60.1307 6.5
    endloop
  endfacet
  facet normal -0.130686 0.991424 0
    outer loop
      vertex 80 60.1 6.5
      vertex 80.2329 60.1307 1.01
      vertex 80 60.1 1.01
    endloop
  endfacet
  facet normal 0.608682 -0.793414 0
    outer loop
      vertex 79.3636 61.6364 1.01
      vertex 79.55 61.7794 6.5
      vertex 79.3636 61.6364 6.5
    endloop
  endfacet
  facet normal 0.608682 -0.793414 0
    outer loop
      vertex 79.55 61.7794 6.5
      vertex 79.3636 61.6364 1.01
      vertex 79.55 61.7794 1.01
    endloop
  endfacet
  facet normal 0.793414 -0.608682 0
    outer loop
      vertex 79.2206 61.45 6.5
      vertex 79.3636 61.6364 1.01
      vertex 79.3636 61.6364 6.5
    endloop
  endfacet
  facet normal 0.793414 -0.608682 0
    outer loop
      vertex 79.3636 61.6364 1.01
      vertex 79.2206 61.45 6.5
      vertex 79.2206 61.45 1.01
    endloop
  endfacet
  facet normal 0.991424 0.130686 0
    outer loop
      vertex 79.1307 60.7671 6.5
      vertex 79.1 61 1.01
      vertex 79.1 61 6.5
    endloop
  endfacet
  facet normal 0.991424 0.130686 0
    outer loop
      vertex 79.1 61 1.01
      vertex 79.1307 60.7671 6.5
      vertex 79.1307 60.7671 1.01
    endloop
  endfacet
  facet normal -0.608735 -0.793373 0
    outer loop
      vertex 80.45 2.77942 1.01
      vertex 80.6364 2.6364 6.5
      vertex 80.45 2.77942 6.5
    endloop
  endfacet
  facet normal -0.608735 -0.793373 -0
    outer loop
      vertex 80.6364 2.6364 6.5
      vertex 80.45 2.77942 1.01
      vertex 80.6364 2.6364 1.01
    endloop
  endfacet
  facet normal 0.793414 0.608682 0
    outer loop
      vertex 79.3636 1.3636 6.5
      vertex 79.2206 1.55 1.01
      vertex 79.2206 1.55 6.5
    endloop
  endfacet
  facet normal 0.793414 0.608682 0
    outer loop
      vertex 79.2206 1.55 1.01
      vertex 79.3636 1.3636 6.5
      vertex 79.3636 1.3636 1.01
    endloop
  endfacet
  facet normal -0.923893 0.38265 0
    outer loop
      vertex 80.7794 1.55 1.01
      vertex 80.8693 1.76706 6.5
      vertex 80.8693 1.76706 1.01
    endloop
  endfacet
  facet normal -0.923893 0.38265 0
    outer loop
      vertex 80.8693 1.76706 6.5
      vertex 80.7794 1.55 1.01
      vertex 80.7794 1.55 6.5
    endloop
  endfacet
  facet normal -0.991427 0.130664 0
    outer loop
      vertex 80.8693 1.76706 1.01
      vertex 80.9 2 6.5
      vertex 80.9 2 1.01
    endloop
  endfacet
  facet normal -0.991427 0.130664 0
    outer loop
      vertex 80.9 2 6.5
      vertex 80.8693 1.76706 1.01
      vertex 80.8693 1.76706 6.5
    endloop
  endfacet
  facet normal 0.991427 -0.130664 0
    outer loop
      vertex 79.1 2 6.5
      vertex 79.1307 2.23294 1.01
      vertex 79.1307 2.23294 6.5
    endloop
  endfacet
  facet normal 0.991427 -0.130664 0
    outer loop
      vertex 79.1307 2.23294 1.01
      vertex 79.1 2 6.5
      vertex 79.1 2 1.01
    endloop
  endfacet
  facet normal -0.382626 -0.923903 0
    outer loop
      vertex 80.2329 2.86933 1.01
      vertex 80.45 2.77942 6.5
      vertex 80.2329 2.86933 6.5
    endloop
  endfacet
  facet normal -0.382626 -0.923903 -0
    outer loop
      vertex 80.45 2.77942 6.5
      vertex 80.2329 2.86933 1.01
      vertex 80.45 2.77942 1.01
    endloop
  endfacet
  facet normal 0.923893 0.38265 0
    outer loop
      vertex 79.2206 1.55 6.5
      vertex 79.1307 1.76706 1.01
      vertex 79.1307 1.76706 6.5
    endloop
  endfacet
  facet normal 0.923893 0.38265 0
    outer loop
      vertex 79.1307 1.76706 1.01
      vertex 79.2206 1.55 6.5
      vertex 79.2206 1.55 1.01
    endloop
  endfacet
  facet normal -0.793414 -0.608682 0
    outer loop
      vertex 80.7794 2.45 1.01
      vertex 80.6364 2.6364 6.5
      vertex 80.6364 2.6364 1.01
    endloop
  endfacet
  facet normal -0.793414 -0.608682 0
    outer loop
      vertex 80.6364 2.6364 6.5
      vertex 80.7794 2.45 1.01
      vertex 80.7794 2.45 6.5
    endloop
  endfacet
  facet normal -0.991427 -0.130664 0
    outer loop
      vertex 80.9 2 1.01
      vertex 80.8693 2.23294 6.5
      vertex 80.8693 2.23294 1.01
    endloop
  endfacet
  facet normal -0.991427 -0.130664 0
    outer loop
      vertex 80.8693 2.23294 6.5
      vertex 80.9 2 1.01
      vertex 80.9 2 6.5
    endloop
  endfacet
  facet normal 0.382626 -0.923903 0
    outer loop
      vertex 79.55 2.77942 1.01
      vertex 79.7671 2.86933 6.5
      vertex 79.55 2.77942 6.5
    endloop
  endfacet
  facet normal 0.382626 -0.923903 0
    outer loop
      vertex 79.7671 2.86933 6.5
      vertex 79.55 2.77942 1.01
      vertex 79.7671 2.86933 1.01
    endloop
  endfacet
  facet normal 0.13056 -0.99144 0
    outer loop
      vertex 79.7671 2.86933 1.01
      vertex 80 2.9 6.5
      vertex 79.7671 2.86933 6.5
    endloop
  endfacet
  facet normal 0.13056 -0.99144 0
    outer loop
      vertex 80 2.9 6.5
      vertex 79.7671 2.86933 1.01
      vertex 80 2.9 1.01
    endloop
  endfacet
  facet normal 0.13056 0.99144 -0
    outer loop
      vertex 80 1.1 1.01
      vertex 79.7671 1.13067 6.5
      vertex 80 1.1 6.5
    endloop
  endfacet
  facet normal 0.13056 0.99144 0
    outer loop
      vertex 79.7671 1.13067 6.5
      vertex 80 1.1 1.01
      vertex 79.7671 1.13067 1.01
    endloop
  endfacet
  facet normal 0.608735 0.793373 -0
    outer loop
      vertex 79.55 1.22058 1.01
      vertex 79.3636 1.3636 6.5
      vertex 79.55 1.22058 6.5
    endloop
  endfacet
  facet normal 0.608735 0.793373 0
    outer loop
      vertex 79.3636 1.3636 6.5
      vertex 79.55 1.22058 1.01
      vertex 79.3636 1.3636 1.01
    endloop
  endfacet
  facet normal -0.382626 0.923903 0
    outer loop
      vertex 80.45 1.22058 1.01
      vertex 80.2329 1.13067 6.5
      vertex 80.45 1.22058 6.5
    endloop
  endfacet
  facet normal -0.382626 0.923903 0
    outer loop
      vertex 80.2329 1.13067 6.5
      vertex 80.45 1.22058 1.01
      vertex 80.2329 1.13067 1.01
    endloop
  endfacet
  facet normal 0.382626 0.923903 -0
    outer loop
      vertex 79.7671 1.13067 1.01
      vertex 79.55 1.22058 6.5
      vertex 79.7671 1.13067 6.5
    endloop
  endfacet
  facet normal 0.382626 0.923903 0
    outer loop
      vertex 79.55 1.22058 6.5
      vertex 79.7671 1.13067 1.01
      vertex 79.55 1.22058 1.01
    endloop
  endfacet
  facet normal -0.923893 -0.38265 0
    outer loop
      vertex 80.8693 2.23294 1.01
      vertex 80.7794 2.45 6.5
      vertex 80.7794 2.45 1.01
    endloop
  endfacet
  facet normal -0.923893 -0.38265 0
    outer loop
      vertex 80.7794 2.45 6.5
      vertex 80.8693 2.23294 1.01
      vertex 80.8693 2.23294 6.5
    endloop
  endfacet
  facet normal 0 0 1
    outer loop
      vertex 80.8693 2.23294 1.01
      vertex 80.8693 1.76706 1.01
      vertex 80.9 2 1.01
    endloop
  endfacet
  facet normal 0 0 1
    outer loop
      vertex 80.7794 2.45 1.01
      vertex 80.8693 1.76706 1.01
      vertex 80.8693 2.23294 1.01
    endloop
  endfacet
  facet normal 0 0 1
    outer loop
      vertex 80.7794 2.45 1.01
      vertex 80.7794 1.55 1.01
      vertex 80.8693 1.76706 1.01
    endloop
  endfacet
  facet normal 0 0 1
    outer loop
      vertex 80.6364 2.6364 1.01
      vertex 80.7794 1.55 1.01
      vertex 80.7794 2.45 1.01
    endloop
  endfacet
  facet normal 0 0 1
    outer loop
      vertex 80.6364 2.6364 1.01
      vertex 80.6364 1.3636 1.01
      vertex 80.7794 1.55 1.01
    endloop
  endfacet
  facet normal 0 0 1
    outer loop
      vertex 80.45 2.77942 1.01
      vertex 80.6364 1.3636 1.01
      vertex 80.6364 2.6364 1.01
    endloop
  endfacet
  facet normal 0 0 1
    outer loop
      vertex 80.45 2.77942 1.01
      vertex 80.45 1.22058 1.01
      vertex 80.6364 1.3636 1.01
    endloop
  endfacet
  facet normal 0 0 1
    outer loop
      vertex 80.2329 2.86933 1.01
      vertex 80.45 1.22058 1.01
      vertex 80.45 2.77942 1.01
    endloop
  endfacet
  facet normal 0 0 1
    outer loop
      vertex 80.2329 2.86933 1.01
      vertex 80.2329 1.13067 1.01
      vertex 80.45 1.22058 1.01
    endloop
  endfacet
  facet normal 0 0 1
    outer loop
      vertex 80 2.9 1.01
      vertex 80.2329 1.13067 1.01
      vertex 80.2329 2.86933 1.01
    endloop
  endfacet
  facet normal 0 0 1
    outer loop
      vertex 80 2.9 1.01
      vertex 80 1.1 1.01
      vertex 80.2329 1.13067 1.01
    endloop
  endfacet
  facet normal -0 0 1
    outer loop
      vertex 79.7671 2.86933 1.01
      vertex 80 1.1 1.01
      vertex 80 2.9 1.01
    endloop
  endfacet
  facet normal 0 0 1
    outer loop
      vertex 79.7671 2.86933 1.01
      vertex 79.7671 1.13067 1.01
      vertex 80 1.1 1.01
    endloop
  endfacet
  facet normal -0 0 1
    outer loop
      vertex 79.55 2.77942 1.01
      vertex 79.7671 1.13067 1.01
      vertex 79.7671 2.86933 1.01
    endloop
  endfacet
  facet normal 0 0 1
    outer loop
      vertex 79.55 2.77942 1.01
      vertex 79.55 1.22058 1.01
      vertex 79.7671 1.13067 1.01
    endloop
  endfacet
  facet normal -0 0 1
    outer loop
      vertex 79.3636 2.6364 1.01
      vertex 79.55 1.22058 1.01
      vertex 79.55 2.77942 1.01
    endloop
  endfacet
  facet normal 0 0 1
    outer loop
      vertex 79.3636 2.6364 1.01
      vertex 79.3636 1.3636 1.01
      vertex 79.55 1.22058 1.01
    endloop
  endfacet
  facet normal -0 0 1
    outer loop
      vertex 79.2206 2.45 1.01
      vertex 79.3636 1.3636 1.01
      vertex 79.3636 2.6364 1.01
    endloop
  endfacet
  facet normal 0 0 1
    outer loop
      vertex 79.2206 2.45 1.01
      vertex 79.2206 1.55 1.01
      vertex 79.3636 1.3636 1.01
    endloop
  endfacet
  facet normal -0 0 1
    outer loop
      vertex 79.1307 2.23294 1.01
      vertex 79.2206 1.55 1.01
      vertex 79.2206 2.45 1.01
    endloop
  endfacet
  facet normal 0 0 1
    outer loop
      vertex 79.1307 2.23294 1.01
      vertex 79.1307 1.76706 1.01
      vertex 79.2206 1.55 1.01
    endloop
  endfacet
  facet normal 0 -0 1
    outer loop
      vertex 79.1307 1.76706 1.01
      vertex 79.1307 2.23294 1.01
      vertex 79.1 2 1.01
    endloop
  endfacet
  facet normal -0.13056 -0.99144 0
    outer loop
      vertex 80 2.9 1.01
      vertex 80.2329 2.86933 6.5
      vertex 80 2.9 6.5
    endloop
  endfacet
  facet normal -0.13056 -0.99144 -0
    outer loop
      vertex 80.2329 2.86933 6.5
      vertex 80 2.9 1.01
      vertex 80.2329 2.86933 1.01
    endloop
  endfacet
  facet normal -0.793414 0.608682 0
    outer loop
      vertex 80.6364 1.3636 1.01
      vertex 80.7794 1.55 6.5
      vertex 80.7794 1.55 1.01
    endloop
  endfacet
  facet normal -0.793414 0.608682 0
    outer loop
      vertex 80.7794 1.55 6.5
      vertex 80.6364 1.3636 1.01
      vertex 80.6364 1.3636 6.5
    endloop
  endfacet
  facet normal 0.923893 -0.38265 0
    outer loop
      vertex 79.1307 2.23294 6.5
      vertex 79.2206 2.45 1.01
      vertex 79.2206 2.45 6.5
    endloop
  endfacet
  facet normal 0.923893 -0.38265 0
    outer loop
      vertex 79.2206 2.45 1.01
      vertex 79.1307 2.23294 6.5
      vertex 79.1307 2.23294 1.01
    endloop
  endfacet
  facet normal -0.608735 0.793373 0
    outer loop
      vertex 80.6364 1.3636 1.01
      vertex 80.45 1.22058 6.5
      vertex 80.6364 1.3636 6.5
    endloop
  endfacet
  facet normal -0.608735 0.793373 0
    outer loop
      vertex 80.45 1.22058 6.5
      vertex 80.6364 1.3636 1.01
      vertex 80.45 1.22058 1.01
    endloop
  endfacet
  facet normal -0.13056 0.99144 0
    outer loop
      vertex 80.2329 1.13067 1.01
      vertex 80 1.1 6.5
      vertex 80.2329 1.13067 6.5
    endloop
  endfacet
  facet normal -0.13056 0.99144 0
    outer loop
      vertex 80 1.1 6.5
      vertex 80.2329 1.13067 1.01
      vertex 80 1.1 1.01
    endloop
  endfacet
  facet normal 0.608735 -0.793373 0
    outer loop
      vertex 79.3636 2.6364 1.01
      vertex 79.55 2.77942 6.5
      vertex 79.3636 2.6364 6.5
    endloop
  endfacet
  facet normal 0.608735 -0.793373 0
    outer loop
      vertex 79.55 2.77942 6.5
      vertex 79.3636 2.6364 1.01
      vertex 79.55 2.77942 1.01
    endloop
  endfacet
  facet normal 0.793414 -0.608682 0
    outer loop
      vertex 79.2206 2.45 6.5
      vertex 79.3636 2.6364 1.01
      vertex 79.3636 2.6364 6.5
    endloop
  endfacet
  facet normal 0.793414 -0.608682 0
    outer loop
      vertex 79.3636 2.6364 1.01
      vertex 79.2206 2.45 6.5
      vertex 79.2206 2.45 1.01
    endloop
  endfacet
  facet normal 0.991427 0.130664 0
    outer loop
      vertex 79.1307 1.76706 6.5
      vertex 79.1 2 1.01
      vertex 79.1 2 6.5
    endloop
  endfacet
  facet normal 0.991427 0.130664 0
    outer loop
      vertex 79.1 2 1.01
      vertex 79.1307 1.76706 6.5
      vertex 79.1307 1.76706 1.01
    endloop
  endfacet
  facet normal 0 1 -0
    outer loop
      vertex 59.5 4.75 5.72205e-07
      vertex 35.1 4.75 1.5
      vertex 59.5 4.75 1.5
    endloop
  endfacet
  facet normal 0 1 0
    outer loop
      vertex 35.1 4.75 1.5
      vertex 59.5 4.75 5.72205e-07
      vertex 35.1 4.75 5.72205e-07
    endloop
  endfacet
  facet normal 1 -0 0
    outer loop
      vertex 35.1 4.75 1.5
      vertex 35.1 11.95 5.72205e-07
      vertex 35.1 11.95 1.5
    endloop
  endfacet
  facet normal 1 0 0
    outer loop
      vertex 35.1 11.95 5.72205e-07
      vertex 35.1 4.75 1.5
      vertex 35.1 4.75 5.72205e-07
    endloop
  endfacet
  facet normal 0 -1 0
    outer loop
      vertex 35.1 11.95 5.72205e-07
      vertex 59.5 11.95 1.5
      vertex 35.1 11.95 1.5
    endloop
  endfacet
  facet normal 0 -1 -0
    outer loop
      vertex 59.5 11.95 1.5
      vertex 35.1 11.95 5.72205e-07
      vertex 59.5 11.95 5.72205e-07
    endloop
  endfacet
  facet normal -1 0 0
    outer loop
      vertex 59.5 4.75 5.72205e-07
      vertex 59.5 11.95 1.5
      vertex 59.5 11.95 5.72205e-07
    endloop
  endfacet
  facet normal -1 -0 0
    outer loop
      vertex 59.5 11.95 1.5
      vertex 59.5 4.75 5.72205e-07
      vertex 59.5 4.75 1.5
    endloop
  endfacet
  facet normal 0 1 -0
    outer loop
      vertex 20.2 24.2 5.72205e-07
      vertex 5.59999 24.2 1.5
      vertex 20.2 24.2 1.5
    endloop
  endfacet
  facet normal 0 1 0
    outer loop
      vertex 5.59999 24.2 1.5
      vertex 20.2 24.2 5.72205e-07
      vertex 5.59999 24.2 5.72205e-07
    endloop
  endfacet
  facet normal 1 -0 0
    outer loop
      vertex 5.59999 24.2 1.5
      vertex 5.59999 38.8 5.72205e-07
      vertex 5.59999 38.8 1.5
    endloop
  endfacet
  facet normal 1 0 0
    outer loop
      vertex 5.59999 38.8 5.72205e-07
      vertex 5.59999 24.2 1.5
      vertex 5.59999 24.2 5.72205e-07
    endloop
  endfacet
  facet normal 0 -1 0
    outer loop
      vertex 5.59999 38.8 5.72205e-07
      vertex 20.2 38.8 1.5
      vertex 5.59999 38.8 1.5
    endloop
  endfacet
  facet normal 0 -1 -0
    outer loop
      vertex 20.2 38.8 1.5
      vertex 5.59999 38.8 5.72205e-07
      vertex 20.2 38.8 5.72205e-07
    endloop
  endfacet
  facet normal -1 0 0
    outer loop
      vertex 20.2 24.2 5.72205e-07
      vertex 20.2 38.8 1.5
      vertex 20.2 38.8 5.72205e-07
    endloop
  endfacet
  facet normal -1 -0 0
    outer loop
      vertex 20.2 38.8 1.5
      vertex 20.2 24.2 5.72205e-07
      vertex 20.2 24.2 1.5
    endloop
  endfacet
  facet normal 0 1 -0
    outer loop
      vertex 40.1 24.2 5.72205e-07
      vertex 25.5 24.2 1.5
      vertex 40.1 24.2 1.5
    endloop
  endfacet
  facet normal 0 1 0
    outer loop
      vertex 25.5 24.2 1.5
      vertex 40.1 24.2 5.72205e-07
      vertex 25.5 24.2 5.72205e-07
    endloop
  endfacet
  facet normal 1 -0 0
    outer loop
      vertex 25.5 24.2 1.5
      vertex 25.5 38.8 5.72205e-07
      vertex 25.5 38.8 1.5
    endloop
  endfacet
  facet normal 1 0 0
    outer loop
      vertex 25.5 38.8 5.72205e-07
      vertex 25.5 24.2 1.5
      vertex 25.5 24.2 5.72205e-07
    endloop
  endfacet
  facet normal 0 -1 0
    outer loop
      vertex 25.5 38.8 5.72205e-07
      vertex 40.1 38.8 1.5
      vertex 25.5 38.8 1.5
    endloop
  endfacet
  facet normal 0 -1 -0
    outer loop
      vertex 40.1 38.8 1.5
      vertex 25.5 38.8 5.72205e-07
      vertex 40.1 38.8 5.72205e-07
    endloop
  endfacet
  facet normal -1 0 0
    outer loop
      vertex 40.1 24.2 5.72205e-07
      vertex 40.1 38.8 1.5
      vertex 40.1 38.8 5.72205e-07
    endloop
  endfacet
  facet normal -1 -0 0
    outer loop
      vertex 40.1 38.8 1.5
      vertex 40.1 24.2 5.72205e-07
      vertex 40.1 24.2 1.5
    endloop
  endfacet
  facet normal 0 1 -0
    outer loop
      vertex 60.1 24.2 5.72205e-07
      vertex 45.5 24.2 1.5
      vertex 60.1 24.2 1.5
    endloop
  endfacet
  facet normal 0 1 0
    outer loop
      vertex 45.5 24.2 1.5
      vertex 60.1 24.2 5.72205e-07
      vertex 45.5 24.2 5.72205e-07
    endloop
  endfacet
  facet normal 1 -0 0
    outer loop
      vertex 45.5 24.2 1.5
      vertex 45.5 38.8 5.72205e-07
      vertex 45.5 38.8 1.5
    endloop
  endfacet
  facet normal 1 0 0
    outer loop
      vertex 45.5 38.8 5.72205e-07
      vertex 45.5 24.2 1.5
      vertex 45.5 24.2 5.72205e-07
    endloop
  endfacet
  facet normal 0 -1 0
    outer loop
      vertex 45.5 38.8 5.72205e-07
      vertex 60.1 38.8 1.5
      vertex 45.5 38.8 1.5
    endloop
  endfacet
  facet normal 0 -1 -0
    outer loop
      vertex 60.1 38.8 1.5
      vertex 45.5 38.8 5.72205e-07
      vertex 60.1 38.8 5.72205e-07
    endloop
  endfacet
  facet normal -1 0 0
    outer loop
      vertex 60.1 24.2 5.72205e-07
      vertex 60.1 38.8 1.5
      vertex 60.1 38.8 5.72205e-07
    endloop
  endfacet
  facet normal -1 -0 0
    outer loop
      vertex 60.1 38.8 1.5
      vertex 60.1 24.2 5.72205e-07
      vertex 60.1 24.2 1.5
    endloop
  endfacet
  facet normal 0 1 -0
    outer loop
      vertex 78.55 34.4 5.72205e-07
      vertex 65.55 34.4 1.5
      vertex 78.55 34.4 1.5
    endloop
  endfacet
  facet normal 0 1 0
    outer loop
      vertex 65.55 34.4 1.5
      vertex 78.55 34.4 5.72205e-07
      vertex 65.55 34.4 5.72205e-07
    endloop
  endfacet
  facet normal 1 -0 0
    outer loop
      vertex 65.55 34.4 1.5
      vertex 65.55 47.4 5.72205e-07
      vertex 65.55 47.4 1.5
    endloop
  endfacet
  facet normal 1 0 0
    outer loop
      vertex 65.55 47.4 5.72205e-07
      vertex 65.55 34.4 1.5
      vertex 65.55 34.4 5.72205e-07
    endloop
  endfacet
  facet normal 0 -1 0
    outer loop
      vertex 65.55 47.4 5.72205e-07
      vertex 78.55 47.4 1.5
      vertex 65.55 47.4 1.5
    endloop
  endfacet
  facet normal 0 -1 -0
    outer loop
      vertex 78.55 47.4 1.5
      vertex 65.55 47.4 5.72205e-07
      vertex 78.55 47.4 5.72205e-07
    endloop
  endfacet
  facet normal -1 0 0
    outer loop
      vertex 78.55 34.4 5.72205e-07
      vertex 78.55 47.4 1.5
      vertex 78.55 47.4 5.72205e-07
    endloop
  endfacet
  facet normal -1 -0 0
    outer loop
      vertex 78.55 47.4 1.5
      vertex 78.55 34.4 5.72205e-07
      vertex 78.55 34.4 1.5
    endloop
  endfacet
  facet normal 0 1 -0
    outer loop
      vertex 20.2 43.7 5.72205e-07
      vertex 5.59999 43.7 1.5
      vertex 20.2 43.7 1.5
    endloop
  endfacet
  facet normal 0 1 0
    outer loop
      vertex 5.59999 43.7 1.5
      vertex 20.2 43.7 5.72205e-07
      vertex 5.59999 43.7 5.72205e-07
    endloop
  endfacet
  facet normal 1 -0 0
    outer loop
      vertex 5.59999 43.7 1.5
      vertex 5.59999 58.3 5.72205e-07
      vertex 5.59999 58.3 1.5
    endloop
  endfacet
  facet normal 1 0 0
    outer loop
      vertex 5.59999 58.3 5.72205e-07
      vertex 5.59999 43.7 1.5
      vertex 5.59999 43.7 5.72205e-07
    endloop
  endfacet
  facet normal 0 -1 0
    outer loop
      vertex 5.59999 58.3 5.72205e-07
      vertex 20.2 58.3 1.5
      vertex 5.59999 58.3 1.5
    endloop
  endfacet
  facet normal 0 -1 -0
    outer loop
      vertex 20.2 58.3 1.5
      vertex 5.59999 58.3 5.72205e-07
      vertex 20.2 58.3 5.72205e-07
    endloop
  endfacet
  facet normal -1 0 0
    outer loop
      vertex 20.2 43.7 5.72205e-07
      vertex 20.2 58.3 1.5
      vertex 20.2 58.3 5.72205e-07
    endloop
  endfacet
  facet normal -1 -0 0
    outer loop
      vertex 20.2 58.3 1.5
      vertex 20.2 43.7 5.72205e-07
      vertex 20.2 43.7 1.5
    endloop
  endfacet
  facet normal 0 1 -0
    outer loop
      vertex 40.1 43.7 5.72205e-07
      vertex 25.5 43.7 1.5
      vertex 40.1 43.7 1.5
    endloop
  endfacet
  facet normal 0 1 0
    outer loop
      vertex 25.5 43.7 1.5
      vertex 40.1 43.7 5.72205e-07
      vertex 25.5 43.7 5.72205e-07
    endloop
  endfacet
  facet normal 1 -0 0
    outer loop
      vertex 25.5 43.7 1.5
      vertex 25.5 58.3 5.72205e-07
      vertex 25.5 58.3 1.5
    endloop
  endfacet
  facet normal 1 0 0
    outer loop
      vertex 25.5 58.3 5.72205e-07
      vertex 25.5 43.7 1.5
      vertex 25.5 43.7 5.72205e-07
    endloop
  endfacet
  facet normal 0 -1 0
    outer loop
      vertex 25.5 58.3 5.72205e-07
      vertex 40.1 58.3 1.5
      vertex 25.5 58.3 1.5
    endloop
  endfacet
  facet normal 0 -1 -0
    outer loop
      vertex 40.1 58.3 1.5
      vertex 25.5 58.3 5.72205e-07
      vertex 40.1 58.3 5.72205e-07
    endloop
  endfacet
  facet normal -1 0 0
    outer loop
      vertex 40.1 43.7 5.72205e-07
      vertex 40.1 58.3 1.5
      vertex 40.1 58.3 5.72205e-07
    endloop
  endfacet
  facet normal -1 -0 0
    outer loop
      vertex 40.1 58.3 1.5
      vertex 40.1 43.7 5.72205e-07
      vertex 40.1 43.7 1.5
    endloop
  endfacet
  facet normal 0 1 -0
    outer loop
      vertex 60.1 43.7 5.72205e-07
      vertex 45.5 43.7 1.5
      vertex 60.1 43.7 1.5
    endloop
  endfacet
  facet normal 0 1 0
    outer loop
      vertex 45.5 43.7 1.5
      vertex 60.1 43.7 5.72205e-07
      vertex 45.5 43.7 5.72205e-07
    endloop
  endfacet
  facet normal 1 -0 0
    outer loop
      vertex 45.5 43.7 1.5
      vertex 45.5 58.3 5.72205e-07
      vertex 45.5 58.3 1.5
    endloop
  endfacet
  facet normal 1 0 0
    outer loop
      vertex 45.5 58.3 5.72205e-07
      vertex 45.5 43.7 1.5
      vertex 45.5 43.7 5.72205e-07
    endloop
  endfacet
  facet normal 0 -1 0
    outer loop
      vertex 45.5 58.3 5.72205e-07
      vertex 60.1 58.3 1.5
      vertex 45.5 58.3 1.5
    endloop
  endfacet
  facet normal 0 -1 -0
    outer loop
      vertex 60.1 58.3 1.5
      vertex 45.5 58.3 5.72205e-07
      vertex 60.1 58.3 5.72205e-07
    endloop
  endfacet
  facet normal -1 0 0
    outer loop
      vertex 60.1 43.7 5.72205e-07
      vertex 60.1 58.3 1.5
      vertex 60.1 58.3 5.72205e-07
    endloop
  endfacet
  facet normal -1 -0 0
    outer loop
      vertex 60.1 58.3 1.5
      vertex 60.1 43.7 5.72205e-07
      vertex 60.1 43.7 1.5
    endloop
  endfacet
  facet normal -1 0 0
    outer loop
      vertex 19 -2.6 0.7
      vertex 19 1 1.5
      vertex 19 1 0.7
    endloop
  endfacet
  facet normal -1 -0 0
    outer loop
      vertex 19 1 1.5
      vertex 19 -2.6 0.7
      vertex 19 -2.6 1.5
    endloop
  endfacet
  facet normal -0 0 1
    outer loop
      vertex 7 1 0.7
      vertex 19 -2.6 0.7
      vertex 19 1 0.7
    endloop
  endfacet
  facet normal 0 0 1
    outer loop
      vertex 19 -2.6 0.7
      vertex 7 1 0.7
      vertex 7 -2.6 0.7
    endloop
  endfacet
  facet normal 1 -0 0
    outer loop
      vertex 7 -2.6 1.5
      vertex 7 1 0.7
      vertex 7 1 1.5
    endloop
  endfacet
  facet normal 1 0 0
    outer loop
      vertex 7 1 0.7
      vertex 7 -2.6 1.5
      vertex 7 -2.6 0.7
    endloop
  endfacet
  facet normal 0 -1 0
    outer loop
      vertex 7 1 0.7
      vertex 19 1 1.5
      vertex 7 1 1.5
    endloop
  endfacet
  facet normal 0 -1 -0
    outer loop
      vertex 19 1 1.5
      vertex 7 1 0.7
      vertex 19 1 0.7
    endloop
  endfacet
endsolid OpenSCAD_Model
