ISO-10303-21;
HEADER;
FILE_DESCRIPTION(('KiCad electronic assembly'),'2;1');
FILE_NAME('hackpad.step','2026-09-17T22:18:34',('Pcbnew'),('Kicad'),
  'Open CASCADE STEP processor 7.9','KiCad to STEP converter','Unknown'
  );
FILE_SCHEMA(('AUTOMOTIVE_DESIGN { 1 0 10303 214 1 1 1 1 }'));
ENDSEC;
DATA;
#1 = APPLICATION_PROTOCOL_DEFINITION('international standard',
  'automotive_design',2000,#2);
#2 = APPLICATION_CONTEXT(
  'core data for automotive mechanical design processes');
#3 = SHAPE_DEFINITION_REPRESENTATION(#4,#10);
#4 = PRODUCT_DEFINITION_SHAPE('','',#5);
#5 = PRODUCT_DEFINITION('design','',#6,#9);
#6 = PRODUCT_DEFINITION_FORMATION('','',#7);
#7 = PRODUCT('hackpad 1','hackpad 1','',(#8));
#8 = PRODUCT_CONTEXT('',#2,'mechanical');
#9 = PRODUCT_DEFINITION_CONTEXT('part definition',#2,'design');
#10 = SHAPE_REPRESENTATION('',(#11,#15,#19,#23,#27,#31,#35,#39,#43),#47
  );
#11 = AXIS2_PLACEMENT_3D('',#12,#13,#14);
#12 = CARTESIAN_POINT('',(0.,0.,0.));
#13 = DIRECTION('',(0.,0.,1.));
#14 = DIRECTION('',(1.,0.,-0.));
#15 = AXIS2_PLACEMENT_3D('',#16,#17,#18);
#16 = CARTESIAN_POINT('',(112.,-86.81,-8.5E-02));
#17 = DIRECTION('',(1.224646799147E-16,-1.359631073447E-32,-1.));
#18 = DIRECTION('',(1.110223024625E-16,1.,0.));
#19 = AXIS2_PLACEMENT_3D('',#20,#21,#22);
#20 = CARTESIAN_POINT('',(131.5,-86.81,-8.5E-02));
#21 = DIRECTION('',(1.224646799147E-16,-1.359631073447E-32,-1.));
#22 = DIRECTION('',(1.110223024625E-16,1.,0.));
#23 = AXIS2_PLACEMENT_3D('',#24,#25,#26);
#24 = CARTESIAN_POINT('',(131.5,-106.81,-8.5E-02));
#25 = DIRECTION('',(1.224646799147E-16,-1.359631073447E-32,-1.));
#26 = DIRECTION('',(1.110223024625E-16,1.,0.));
#27 = AXIS2_PLACEMENT_3D('',#28,#29,#30);
#28 = CARTESIAN_POINT('',(111.5,-107.,-8.5E-02));
#29 = DIRECTION('',(1.224646799147E-16,-1.359631073447E-32,-1.));
#30 = DIRECTION('',(1.110223024625E-16,1.,0.));
#31 = AXIS2_PLACEMENT_3D('',#32,#33,#34);
#32 = CARTESIAN_POINT('',(152.5,-106.81,-8.5E-02));
#33 = DIRECTION('',(1.224646799147E-16,-1.359631073447E-32,-1.));
#34 = DIRECTION('',(1.110223024625E-16,1.,0.));
#35 = AXIS2_PLACEMENT_3D('',#36,#37,#38);
#36 = CARTESIAN_POINT('',(151.5,-87.,-8.5E-02));
#37 = DIRECTION('',(1.224646799147E-16,-1.359631073447E-32,-1.));
#38 = DIRECTION('',(1.110223024625E-16,1.,0.));
#39 = AXIS2_PLACEMENT_3D('',#40,#41,#42);
#40 = CARTESIAN_POINT('',(160.31,-70.,-8.5E-02));
#41 = DIRECTION('',(1.499759782662E-32,1.224646799147E-16,-1.));
#42 = DIRECTION('',(-1.,1.224646799147E-16,0.));
#43 = AXIS2_PLACEMENT_3D('',#44,#45,#46);
#44 = CARTESIAN_POINT('',(0.,0.,0.));
#45 = DIRECTION('',(0.,0.,1.));
#46 = DIRECTION('',(1.,0.,-0.));
#47 = ( GEOMETRIC_REPRESENTATION_CONTEXT(3) 
GLOBAL_UNCERTAINTY_ASSIGNED_CONTEXT((#51)) GLOBAL_UNIT_ASSIGNED_CONTEXT(
(#48,#49,#50)) REPRESENTATION_CONTEXT('Context #1',
  '3D Context with UNIT and UNCERTAINTY') );
#48 = ( LENGTH_UNIT() NAMED_UNIT(*) SI_UNIT(.MILLI.,.METRE.) );
#49 = ( NAMED_UNIT(*) PLANE_ANGLE_UNIT() SI_UNIT($,.RADIAN.) );
#50 = ( NAMED_UNIT(*) SI_UNIT($,.STERADIAN.) SOLID_ANGLE_UNIT() );
#51 = UNCERTAINTY_MEASURE_WITH_UNIT(LENGTH_MEASURE(1.E-07),#48,
  'distance_accuracy_value','confusion accuracy');
#52 = PRODUCT_RELATED_PRODUCT_CATEGORY('part',$,(#7));
#53 = SHAPE_DEFINITION_REPRESENTATION(#54,#60);
#54 = PRODUCT_DEFINITION_SHAPE('','',#55);
#55 = PRODUCT_DEFINITION('design','',#56,#59);
#56 = PRODUCT_DEFINITION_FORMATION('','',#57);
#57 = PRODUCT('D_DO-35_SOD27_P7.62mm_Horizontal',
  'D_DO-35_SOD27_P7.62mm_Horizontal','',(#58));
#58 = PRODUCT_CONTEXT('',#2,'mechanical');
#59 = PRODUCT_DEFINITION_CONTEXT('part definition',#2,'design');
#60 = SHAPE_REPRESENTATION('',(#11,#61),#65);
#61 = AXIS2_PLACEMENT_3D('',#62,#63,#64);
#62 = CARTESIAN_POINT('',(0.,0.,0.));
#63 = DIRECTION('',(0.,0.,1.));
#64 = DIRECTION('',(1.,0.,-0.));
#65 = ( GEOMETRIC_REPRESENTATION_CONTEXT(3) 
GLOBAL_UNCERTAINTY_ASSIGNED_CONTEXT((#69)) GLOBAL_UNIT_ASSIGNED_CONTEXT(
(#66,#67,#68)) REPRESENTATION_CONTEXT('Context #1',
  '3D Context with UNIT and UNCERTAINTY') );
#66 = ( LENGTH_UNIT() NAMED_UNIT(*) SI_UNIT(.MILLI.,.METRE.) );
#67 = ( NAMED_UNIT(*) PLANE_ANGLE_UNIT() SI_UNIT($,.RADIAN.) );
#68 = ( NAMED_UNIT(*) SI_UNIT($,.STERADIAN.) SOLID_ANGLE_UNIT() );
#69 = UNCERTAINTY_MEASURE_WITH_UNIT(LENGTH_MEASURE(1.E-07),#66,
  'distance_accuracy_value','confusion accuracy');
#70 = CONTEXT_DEPENDENT_SHAPE_REPRESENTATION(#71,#73);
#71 = ( REPRESENTATION_RELATIONSHIP('','',#60,#10) 
REPRESENTATION_RELATIONSHIP_WITH_TRANSFORMATION(#72) 
SHAPE_REPRESENTATION_RELATIONSHIP() );
#72 = ITEM_DEFINED_TRANSFORMATION('','',#11,#15);
#73 = PRODUCT_DEFINITION_SHAPE('Placement','Placement of an item',#74);
#74 = NEXT_ASSEMBLY_USAGE_OCCURRENCE('2','D1','',#5,#55,$);
#75 = PRODUCT_RELATED_PRODUCT_CATEGORY('part',$,(#57));
#76 = SHAPE_DEFINITION_REPRESENTATION(#77,#83);
#77 = PRODUCT_DEFINITION_SHAPE('','',#78);
#78 = PRODUCT_DEFINITION('design','',#79,#82);
#79 = PRODUCT_DEFINITION_FORMATION('','',#80);
#80 = PRODUCT('D_DO-35_SOD27_P7.62mm_Horizontal',
  'D_DO-35_SOD27_P7.62mm_Horizontal','',(#81));
#81 = PRODUCT_CONTEXT('',#2,'mechanical');
#82 = PRODUCT_DEFINITION_CONTEXT('part definition',#2,'design');
#83 = SHAPE_REPRESENTATION('',(#11,#84,#239),#434);
#84 = MANIFOLD_SOLID_BREP('',#85);
#85 = CLOSED_SHELL('',(#86,#119,#145,#170,#196,#221,#230));
#86 = ADVANCED_FACE('',(#87),#114,.T.);
#87 = FACE_BOUND('',#88,.T.);
#88 = EDGE_LOOP('',(#89,#99,#106,#107));
#89 = ORIENTED_EDGE('',*,*,#90,.T.);
#90 = EDGE_CURVE('',#91,#93,#95,.T.);
#91 = VERTEX_POINT('',#92);
#92 = CARTESIAN_POINT('',(0.25,0.,-2.5));
#93 = VERTEX_POINT('',#94);
#94 = CARTESIAN_POINT('',(0.25,1.E-15,1.));
#95 = LINE('',#96,#97);
#96 = CARTESIAN_POINT('',(0.25,6.7E-16,1.));
#97 = VECTOR('',#98,1.);
#98 = DIRECTION('',(0.,2.2E-16,1.));
#99 = ORIENTED_EDGE('',*,*,#100,.F.);
#100 = EDGE_CURVE('',#93,#93,#101,.T.);
#101 = CIRCLE('',#102,0.25);
#102 = AXIS2_PLACEMENT_3D('',#103,#104,#105);
#103 = CARTESIAN_POINT('',(0.,6.7E-16,1.));
#104 = DIRECTION('',(-0.,2.2E-16,1.));
#105 = DIRECTION('',(1.,0.,0.));
#106 = ORIENTED_EDGE('',*,*,#90,.F.);
#107 = ORIENTED_EDGE('',*,*,#108,.T.);
#108 = EDGE_CURVE('',#91,#91,#109,.T.);
#109 = CIRCLE('',#110,0.25);
#110 = AXIS2_PLACEMENT_3D('',#111,#112,#113);
#111 = CARTESIAN_POINT('',(0.,-1.1E-16,-2.5));
#112 = DIRECTION('',(-0.,2.2E-16,1.));
#113 = DIRECTION('',(1.,0.,0.));
#114 = CYLINDRICAL_SURFACE('',#115,0.25);
#115 = AXIS2_PLACEMENT_3D('',#116,#117,#118);
#116 = CARTESIAN_POINT('',(0.,6.7E-16,1.));
#117 = DIRECTION('',(0.,2.2E-16,1.));
#118 = DIRECTION('',(1.,0.,-0.));
#119 = ADVANCED_FACE('',(#120),#140,.T.);
#120 = FACE_BOUND('',#121,.T.);
#121 = EDGE_LOOP('',(#122,#131,#138,#139));
#122 = ORIENTED_EDGE('',*,*,#123,.T.);
#123 = EDGE_CURVE('',#93,#124,#126,.T.);
#124 = VERTEX_POINT('',#125);
#125 = CARTESIAN_POINT('',(0.5,1.E-15,1.25));
#126 = CIRCLE('',#127,0.25);
#127 = AXIS2_PLACEMENT_3D('',#128,#129,#130);
#128 = CARTESIAN_POINT('',(0.5,7.6E-16,1.));
#129 = DIRECTION('',(0.,1.,-2.2E-16));
#130 = DIRECTION('',(1.,0.,0.));
#131 = ORIENTED_EDGE('',*,*,#132,.T.);
#132 = EDGE_CURVE('',#124,#124,#133,.T.);
#133 = CIRCLE('',#134,0.25);
#134 = AXIS2_PLACEMENT_3D('',#135,#136,#137);
#135 = CARTESIAN_POINT('',(0.5,7.8E-16,1.5));
#136 = DIRECTION('',(-1.,0.,-1.8E-16));
#137 = DIRECTION('',(-1.8E-16,2.2E-16,1.));
#138 = ORIENTED_EDGE('',*,*,#123,.F.);
#139 = ORIENTED_EDGE('',*,*,#100,.T.);
#140 = TOROIDAL_SURFACE('',#141,0.5,0.25);
#141 = AXIS2_PLACEMENT_3D('',#142,#143,#144);
#142 = CARTESIAN_POINT('',(0.5,6.7E-16,1.));
#143 = DIRECTION('',(0.,1.,-2.2E-16));
#144 = DIRECTION('',(1.,0.,0.));
#145 = ADVANCED_FACE('',(#146),#165,.T.);
#146 = FACE_BOUND('',#147,.T.);
#147 = EDGE_LOOP('',(#148,#156,#163,#164));
#148 = ORIENTED_EDGE('',*,*,#149,.T.);
#149 = EDGE_CURVE('',#124,#150,#152,.T.);
#150 = VERTEX_POINT('',#151);
#151 = CARTESIAN_POINT('',(7.12,1.E-15,1.25));
#152 = LINE('',#153,#154);
#153 = CARTESIAN_POINT('',(0.5,7.2E-16,1.25));
#154 = VECTOR('',#155,1.);
#155 = DIRECTION('',(1.,0.,0.));
#156 = ORIENTED_EDGE('',*,*,#157,.F.);
#157 = EDGE_CURVE('',#150,#150,#158,.T.);
#158 = CIRCLE('',#159,0.25);
#159 = AXIS2_PLACEMENT_3D('',#160,#161,#162);
#160 = CARTESIAN_POINT('',(7.12,7.8E-16,1.5));
#161 = DIRECTION('',(1.,0.,0.));
#162 = DIRECTION('',(0.,-2.2E-16,-1.));
#163 = ORIENTED_EDGE('',*,*,#149,.F.);
#164 = ORIENTED_EDGE('',*,*,#132,.F.);
#165 = CYLINDRICAL_SURFACE('',#166,0.25);
#166 = AXIS2_PLACEMENT_3D('',#167,#168,#169);
#167 = CARTESIAN_POINT('',(0.5,7.8E-16,1.5));
#168 = DIRECTION('',(1.,0.,0.));
#169 = DIRECTION('',(0.,-2.2E-16,-1.));
#170 = ADVANCED_FACE('',(#171),#191,.T.);
#171 = FACE_BOUND('',#172,.T.);
#172 = EDGE_LOOP('',(#173,#182,#189,#190));
#173 = ORIENTED_EDGE('',*,*,#174,.T.);
#174 = EDGE_CURVE('',#150,#175,#177,.T.);
#175 = VERTEX_POINT('',#176);
#176 = CARTESIAN_POINT('',(7.37,1.E-15,1.));
#177 = CIRCLE('',#178,0.25);
#178 = AXIS2_PLACEMENT_3D('',#179,#180,#181);
#179 = CARTESIAN_POINT('',(7.12,7.6E-16,1.));
#180 = DIRECTION('',(0.,1.,-2.2E-16));
#181 = DIRECTION('',(1.,0.,0.));
#182 = ORIENTED_EDGE('',*,*,#183,.T.);
#183 = EDGE_CURVE('',#175,#175,#184,.T.);
#184 = CIRCLE('',#185,0.25);
#185 = AXIS2_PLACEMENT_3D('',#186,#187,#188);
#186 = CARTESIAN_POINT('',(7.62,6.7E-16,1.));
#187 = DIRECTION('',(-2.4E-16,2.2E-16,1.));
#188 = DIRECTION('',(1.,0.,2.4E-16));
#189 = ORIENTED_EDGE('',*,*,#174,.F.);
#190 = ORIENTED_EDGE('',*,*,#157,.T.);
#191 = TOROIDAL_SURFACE('',#192,0.5,0.25);
#192 = AXIS2_PLACEMENT_3D('',#193,#194,#195);
#193 = CARTESIAN_POINT('',(7.12,6.7E-16,1.));
#194 = DIRECTION('',(0.,1.,-2.2E-16));
#195 = DIRECTION('',(1.,0.,0.));
#196 = ADVANCED_FACE('',(#197),#216,.T.);
#197 = FACE_BOUND('',#198,.T.);
#198 = EDGE_LOOP('',(#199,#207,#214,#215));
#199 = ORIENTED_EDGE('',*,*,#200,.T.);
#200 = EDGE_CURVE('',#175,#201,#203,.T.);
#201 = VERTEX_POINT('',#202);
#202 = CARTESIAN_POINT('',(7.37,0.,-2.5));
#203 = LINE('',#204,#205);
#204 = CARTESIAN_POINT('',(7.37,6.7E-16,1.));
#205 = VECTOR('',#206,1.);
#206 = DIRECTION('',(0.,-2.2E-16,-1.));
#207 = ORIENTED_EDGE('',*,*,#208,.F.);
#208 = EDGE_CURVE('',#201,#201,#209,.T.);
#209 = CIRCLE('',#210,0.25);
#210 = AXIS2_PLACEMENT_3D('',#211,#212,#213);
#211 = CARTESIAN_POINT('',(7.62,-1.1E-16,-2.5));
#212 = DIRECTION('',(-0.,-2.2E-16,-1.));
#213 = DIRECTION('',(-1.,0.,0.));
#214 = ORIENTED_EDGE('',*,*,#200,.F.);
#215 = ORIENTED_EDGE('',*,*,#183,.F.);
#216 = CYLINDRICAL_SURFACE('',#217,0.25);
#217 = AXIS2_PLACEMENT_3D('',#218,#219,#220);
#218 = CARTESIAN_POINT('',(7.62,6.7E-16,1.));
#219 = DIRECTION('',(0.,-2.2E-16,-1.));
#220 = DIRECTION('',(-1.,-0.,0.));
#221 = ADVANCED_FACE('',(#222),#225,.T.);
#222 = FACE_BOUND('',#223,.F.);
#223 = EDGE_LOOP('',(#224));
#224 = ORIENTED_EDGE('',*,*,#108,.T.);
#225 = PLANE('',#226);
#226 = AXIS2_PLACEMENT_3D('',#227,#228,#229);
#227 = CARTESIAN_POINT('',(0.25,-1.1E-16,-2.5));
#228 = DIRECTION('',(0.,0.,-1.));
#229 = DIRECTION('',(-1.,0.,0.));
#230 = ADVANCED_FACE('',(#231),#234,.F.);
#231 = FACE_BOUND('',#232,.T.);
#232 = EDGE_LOOP('',(#233));
#233 = ORIENTED_EDGE('',*,*,#208,.T.);
#234 = PLANE('',#235);
#235 = AXIS2_PLACEMENT_3D('',#236,#237,#238);
#236 = CARTESIAN_POINT('',(7.37,-1.1E-16,-2.5));
#237 = DIRECTION('',(0.,0.,1.));
#238 = DIRECTION('',(1.,0.,-0.));
#239 = MANIFOLD_SOLID_BREP('',#240);
#240 = CLOSED_SHELL('',(#241,#274,#294,#314,#339,#364,#390,#416,#425));
#241 = ADVANCED_FACE('',(#242),#269,.T.);
#242 = FACE_BOUND('',#243,.T.);
#243 = EDGE_LOOP('',(#244,#253,#261,#268));
#244 = ORIENTED_EDGE('',*,*,#245,.T.);
#245 = EDGE_CURVE('',#246,#246,#248,.T.);
#246 = VERTEX_POINT('',#247);
#247 = CARTESIAN_POINT('',(2.41,3.557331958362E-15,2.51));
#248 = CIRCLE('',#249,1.01);
#249 = AXIS2_PLACEMENT_3D('',#250,#251,#252);
#250 = CARTESIAN_POINT('',(2.41,6.630669073875E-16,1.5));
#251 = DIRECTION('',(1.,0.,-0.));
#252 = DIRECTION('',(0.,9.92044604925E-16,1.));
#253 = ORIENTED_EDGE('',*,*,#254,.T.);
#254 = EDGE_CURVE('',#246,#255,#257,.T.);
#255 = VERTEX_POINT('',#256);
#256 = CARTESIAN_POINT('',(3.41,3.557331958362E-15,2.51));
#257 = LINE('',#258,#259);
#258 = CARTESIAN_POINT('',(2.41,5.573319583618E-16,2.51));
#259 = VECTOR('',#260,1.);
#260 = DIRECTION('',(1.,0.,0.));
#261 = ORIENTED_EDGE('',*,*,#262,.F.);
#262 = EDGE_CURVE('',#255,#255,#263,.T.);
#263 = CIRCLE('',#264,1.01);
#264 = AXIS2_PLACEMENT_3D('',#265,#266,#267);
#265 = CARTESIAN_POINT('',(3.41,6.630669073875E-16,1.5));
#266 = DIRECTION('',(1.,0.,-0.));
#267 = DIRECTION('',(0.,9.92044604925E-16,1.));
#268 = ORIENTED_EDGE('',*,*,#254,.F.);
#269 = CYLINDRICAL_SURFACE('',#270,1.01);
#270 = AXIS2_PLACEMENT_3D('',#271,#272,#273);
#271 = CARTESIAN_POINT('',(2.41,6.630669073875E-16,1.5));
#272 = DIRECTION('',(1.,0.,0.));
#273 = DIRECTION('',(-0.,9.92044604925E-16,1.));
#274 = ADVANCED_FACE('',(#275,#278),#289,.F.);
#275 = FACE_BOUND('',#276,.T.);
#276 = EDGE_LOOP('',(#277));
#277 = ORIENTED_EDGE('',*,*,#245,.F.);
#278 = FACE_BOUND('',#279,.T.);
#279 = EDGE_LOOP('',(#280));
#280 = ORIENTED_EDGE('',*,*,#281,.T.);
#281 = EDGE_CURVE('',#282,#282,#284,.T.);
#282 = VERTEX_POINT('',#283);
#283 = CARTESIAN_POINT('',(2.41,5.551115123126E-16,2.5));
#284 = CIRCLE('',#285,1.);
#285 = AXIS2_PLACEMENT_3D('',#286,#287,#288);
#286 = CARTESIAN_POINT('',(2.41,6.630669073875E-16,1.5));
#287 = DIRECTION('',(1.,0.,-0.));
#288 = DIRECTION('',(0.,1.002044604925E-15,1.));
#289 = PLANE('',#290);
#290 = AXIS2_PLACEMENT_3D('',#291,#292,#293);
#291 = CARTESIAN_POINT('',(2.41,6.630669073875E-16,1.5));
#292 = DIRECTION('',(1.,0.,0.));
#293 = DIRECTION('',(-0.,1.002044604925E-15,1.));
#294 = ADVANCED_FACE('',(#295,#298),#309,.T.);
#295 = FACE_BOUND('',#296,.T.);
#296 = EDGE_LOOP('',(#297));
#297 = ORIENTED_EDGE('',*,*,#262,.T.);
#298 = FACE_BOUND('',#299,.T.);
#299 = EDGE_LOOP('',(#300));
#300 = ORIENTED_EDGE('',*,*,#301,.F.);
#301 = EDGE_CURVE('',#302,#302,#304,.T.);
#302 = VERTEX_POINT('',#303);
#303 = CARTESIAN_POINT('',(3.41,5.551115123126E-16,2.5));
#304 = CIRCLE('',#305,1.);
#305 = AXIS2_PLACEMENT_3D('',#306,#307,#308);
#306 = CARTESIAN_POINT('',(3.41,6.630669073875E-16,1.5));
#307 = DIRECTION('',(1.,0.,-0.));
#308 = DIRECTION('',(0.,1.002044604925E-15,1.));
#309 = PLANE('',#310);
#310 = AXIS2_PLACEMENT_3D('',#311,#312,#313);
#311 = CARTESIAN_POINT('',(3.41,6.630669073875E-16,1.5));
#312 = DIRECTION('',(1.,0.,0.));
#313 = DIRECTION('',(-0.,9.92044604925E-16,1.));
#314 = ADVANCED_FACE('',(#315),#334,.T.);
#315 = FACE_BOUND('',#316,.T.);
#316 = EDGE_LOOP('',(#317,#326,#332,#333));
#317 = ORIENTED_EDGE('',*,*,#318,.T.);
#318 = EDGE_CURVE('',#319,#319,#321,.T.);
#319 = VERTEX_POINT('',#320);
#320 = CARTESIAN_POINT('',(2.21,3.555111512313E-15,2.5));
#321 = CIRCLE('',#322,1.);
#322 = AXIS2_PLACEMENT_3D('',#323,#324,#325);
#323 = CARTESIAN_POINT('',(2.21,6.630669073875E-16,1.5));
#324 = DIRECTION('',(1.,0.,-0.));
#325 = DIRECTION('',(0.,1.002044604925E-15,1.));
#326 = ORIENTED_EDGE('',*,*,#327,.T.);
#327 = EDGE_CURVE('',#319,#282,#328,.T.);
#328 = LINE('',#329,#330);
#329 = CARTESIAN_POINT('',(1.81,5.551115123126E-16,2.5));
#330 = VECTOR('',#331,1.);
#331 = DIRECTION('',(1.,0.,0.));
#332 = ORIENTED_EDGE('',*,*,#281,.F.);
#333 = ORIENTED_EDGE('',*,*,#327,.F.);
#334 = CYLINDRICAL_SURFACE('',#335,1.);
#335 = AXIS2_PLACEMENT_3D('',#336,#337,#338);
#336 = CARTESIAN_POINT('',(1.81,6.630669073875E-16,1.5));
#337 = DIRECTION('',(1.,0.,0.));
#338 = DIRECTION('',(-0.,1.002044604925E-15,1.));
#339 = ADVANCED_FACE('',(#340),#359,.T.);
#340 = FACE_BOUND('',#341,.T.);
#341 = EDGE_LOOP('',(#342,#343,#351,#358));
#342 = ORIENTED_EDGE('',*,*,#301,.T.);
#343 = ORIENTED_EDGE('',*,*,#344,.T.);
#344 = EDGE_CURVE('',#302,#345,#347,.T.);
#345 = VERTEX_POINT('',#346);
#346 = CARTESIAN_POINT('',(5.41,3.555111512313E-15,2.5));
#347 = LINE('',#348,#349);
#348 = CARTESIAN_POINT('',(1.81,5.551115123126E-16,2.5));
#349 = VECTOR('',#350,1.);
#350 = DIRECTION('',(1.,0.,0.));
#351 = ORIENTED_EDGE('',*,*,#352,.F.);
#352 = EDGE_CURVE('',#345,#345,#353,.T.);
#353 = CIRCLE('',#354,1.);
#354 = AXIS2_PLACEMENT_3D('',#355,#356,#357);
#355 = CARTESIAN_POINT('',(5.41,6.630669073875E-16,1.5));
#356 = DIRECTION('',(1.,0.,-0.));
#357 = DIRECTION('',(0.,1.002044604925E-15,1.));
#358 = ORIENTED_EDGE('',*,*,#344,.F.);
#359 = CYLINDRICAL_SURFACE('',#360,1.);
#360 = AXIS2_PLACEMENT_3D('',#361,#362,#363);
#361 = CARTESIAN_POINT('',(1.81,6.630669073875E-16,1.5));
#362 = DIRECTION('',(1.,0.,0.));
#363 = DIRECTION('',(-0.,1.002044604925E-15,1.));
#364 = ADVANCED_FACE('',(#365),#385,.T.);
#365 = FACE_BOUND('',#366,.T.);
#366 = EDGE_LOOP('',(#367,#376,#383,#384));
#367 = ORIENTED_EDGE('',*,*,#368,.T.);
#368 = EDGE_CURVE('',#369,#369,#371,.T.);
#369 = VERTEX_POINT('',#370);
#370 = CARTESIAN_POINT('',(1.81,1.466293670343E-15,2.1));
#371 = CIRCLE('',#372,0.6);
#372 = AXIS2_PLACEMENT_3D('',#373,#374,#375);
#373 = CARTESIAN_POINT('',(1.81,6.630669073875E-16,1.5));
#374 = DIRECTION('',(1.,0.,-0.));
#375 = DIRECTION('',(0.,1.002044604925E-15,1.));
#376 = ORIENTED_EDGE('',*,*,#377,.F.);
#377 = EDGE_CURVE('',#319,#369,#378,.T.);
#378 = CIRCLE('',#379,0.4);
#379 = AXIS2_PLACEMENT_3D('',#380,#381,#382);
#380 = CARTESIAN_POINT('',(2.21,1.266293670343E-15,2.1));
#381 = DIRECTION('',(0.,-1.,1.002044604925E-15));
#382 = DIRECTION('',(0.,1.002044604925E-15,1.));
#383 = ORIENTED_EDGE('',*,*,#318,.F.);
#384 = ORIENTED_EDGE('',*,*,#377,.T.);
#385 = TOROIDAL_SURFACE('',#386,0.6,0.4);
#386 = AXIS2_PLACEMENT_3D('',#387,#388,#389);
#387 = CARTESIAN_POINT('',(2.21,6.630669073875E-16,1.5));
#388 = DIRECTION('',(-1.,0.,0.));
#389 = DIRECTION('',(0.,1.002044604925E-15,1.));
#390 = ADVANCED_FACE('',(#391),#411,.T.);
#391 = FACE_BOUND('',#392,.T.);
#392 = EDGE_LOOP('',(#393,#394,#403,#410));
#393 = ORIENTED_EDGE('',*,*,#352,.T.);
#394 = ORIENTED_EDGE('',*,*,#395,.F.);
#395 = EDGE_CURVE('',#396,#345,#398,.T.);
#396 = VERTEX_POINT('',#397);
#397 = CARTESIAN_POINT('',(5.81,1.466293670343E-15,2.1));
#398 = CIRCLE('',#399,0.4);
#399 = AXIS2_PLACEMENT_3D('',#400,#401,#402);
#400 = CARTESIAN_POINT('',(5.41,1.266293670343E-15,2.1));
#401 = DIRECTION('',(0.,-1.,1.002044604925E-15));
#402 = DIRECTION('',(0.,1.002044604925E-15,1.));
#403 = ORIENTED_EDGE('',*,*,#404,.F.);
#404 = EDGE_CURVE('',#396,#396,#405,.T.);
#405 = CIRCLE('',#406,0.6);
#406 = AXIS2_PLACEMENT_3D('',#407,#408,#409);
#407 = CARTESIAN_POINT('',(5.81,6.630669073875E-16,1.5));
#408 = DIRECTION('',(1.,0.,-0.));
#409 = DIRECTION('',(0.,1.002044604925E-15,1.));
#410 = ORIENTED_EDGE('',*,*,#395,.T.);
#411 = TOROIDAL_SURFACE('',#412,0.6,0.4);
#412 = AXIS2_PLACEMENT_3D('',#413,#414,#415);
#413 = CARTESIAN_POINT('',(5.41,6.630669073875E-16,1.5));
#414 = DIRECTION('',(-1.,0.,0.));
#415 = DIRECTION('',(0.,1.002044604925E-15,1.));
#416 = ADVANCED_FACE('',(#417),#420,.F.);
#417 = FACE_BOUND('',#418,.T.);
#418 = EDGE_LOOP('',(#419));
#419 = ORIENTED_EDGE('',*,*,#368,.F.);
#420 = PLANE('',#421);
#421 = AXIS2_PLACEMENT_3D('',#422,#423,#424);
#422 = CARTESIAN_POINT('',(1.81,6.630669073875E-16,1.5));
#423 = DIRECTION('',(1.,0.,0.));
#424 = DIRECTION('',(-0.,1.002044604925E-15,1.));
#425 = ADVANCED_FACE('',(#426),#429,.T.);
#426 = FACE_BOUND('',#427,.F.);
#427 = EDGE_LOOP('',(#428));
#428 = ORIENTED_EDGE('',*,*,#404,.F.);
#429 = PLANE('',#430);
#430 = AXIS2_PLACEMENT_3D('',#431,#432,#433);
#431 = CARTESIAN_POINT('',(5.81,6.630669073875E-16,1.5));
#432 = DIRECTION('',(1.,0.,0.));
#433 = DIRECTION('',(-0.,1.002044604925E-15,1.));
#434 = ( GEOMETRIC_REPRESENTATION_CONTEXT(3) 
GLOBAL_UNCERTAINTY_ASSIGNED_CONTEXT((#438)) GLOBAL_UNIT_ASSIGNED_CONTEXT
((#435,#436,#437)) REPRESENTATION_CONTEXT('Context #1',
  '3D Context with UNIT and UNCERTAINTY') );
#435 = ( LENGTH_UNIT() NAMED_UNIT(*) SI_UNIT(.MILLI.,.METRE.) );
#436 = ( NAMED_UNIT(*) PLANE_ANGLE_UNIT() SI_UNIT($,.RADIAN.) );
#437 = ( NAMED_UNIT(*) SI_UNIT($,.STERADIAN.) SOLID_ANGLE_UNIT() );
#438 = UNCERTAINTY_MEASURE_WITH_UNIT(LENGTH_MEASURE(1.E-07),#435,
  'distance_accuracy_value','confusion accuracy');
#439 = CONTEXT_DEPENDENT_SHAPE_REPRESENTATION(#440,#442);
#440 = ( REPRESENTATION_RELATIONSHIP('','',#83,#60) 
REPRESENTATION_RELATIONSHIP_WITH_TRANSFORMATION(#441) 
SHAPE_REPRESENTATION_RELATIONSHIP() );
#441 = ITEM_DEFINED_TRANSFORMATION('','',#11,#61);
#442 = PRODUCT_DEFINITION_SHAPE('Placement','Placement of an item',#443
  );
#443 = NEXT_ASSEMBLY_USAGE_OCCURRENCE('1','=>[0:1:1:3]','',#55,#78,$);
#444 = PRODUCT_RELATED_PRODUCT_CATEGORY('part',$,(#80));
#445 = CONTEXT_DEPENDENT_SHAPE_REPRESENTATION(#446,#448);
#446 = ( REPRESENTATION_RELATIONSHIP('','',#60,#10) 
REPRESENTATION_RELATIONSHIP_WITH_TRANSFORMATION(#447) 
SHAPE_REPRESENTATION_RELATIONSHIP() );
#447 = ITEM_DEFINED_TRANSFORMATION('','',#11,#19);
#448 = PRODUCT_DEFINITION_SHAPE('Placement','Placement of an item',#449
  );
#449 = NEXT_ASSEMBLY_USAGE_OCCURRENCE('3','D2','',#5,#55,$);
#450 = CONTEXT_DEPENDENT_SHAPE_REPRESENTATION(#451,#453);
#451 = ( REPRESENTATION_RELATIONSHIP('','',#60,#10) 
REPRESENTATION_RELATIONSHIP_WITH_TRANSFORMATION(#452) 
SHAPE_REPRESENTATION_RELATIONSHIP() );
#452 = ITEM_DEFINED_TRANSFORMATION('','',#11,#23);
#453 = PRODUCT_DEFINITION_SHAPE('Placement','Placement of an item',#454
  );
#454 = NEXT_ASSEMBLY_USAGE_OCCURRENCE('4','D5','',#5,#55,$);
#455 = CONTEXT_DEPENDENT_SHAPE_REPRESENTATION(#456,#458);
#456 = ( REPRESENTATION_RELATIONSHIP('','',#60,#10) 
REPRESENTATION_RELATIONSHIP_WITH_TRANSFORMATION(#457) 
SHAPE_REPRESENTATION_RELATIONSHIP() );
#457 = ITEM_DEFINED_TRANSFORMATION('','',#11,#27);
#458 = PRODUCT_DEFINITION_SHAPE('Placement','Placement of an item',#459
  );
#459 = NEXT_ASSEMBLY_USAGE_OCCURRENCE('5','D4','',#5,#55,$);
#460 = CONTEXT_DEPENDENT_SHAPE_REPRESENTATION(#461,#463);
#461 = ( REPRESENTATION_RELATIONSHIP('','',#60,#10) 
REPRESENTATION_RELATIONSHIP_WITH_TRANSFORMATION(#462) 
SHAPE_REPRESENTATION_RELATIONSHIP() );
#462 = ITEM_DEFINED_TRANSFORMATION('','',#11,#31);
#463 = PRODUCT_DEFINITION_SHAPE('Placement','Placement of an item',#464
  );
#464 = NEXT_ASSEMBLY_USAGE_OCCURRENCE('6','D6','',#5,#55,$);
#465 = CONTEXT_DEPENDENT_SHAPE_REPRESENTATION(#466,#468);
#466 = ( REPRESENTATION_RELATIONSHIP('','',#60,#10) 
REPRESENTATION_RELATIONSHIP_WITH_TRANSFORMATION(#467) 
SHAPE_REPRESENTATION_RELATIONSHIP() );
#467 = ITEM_DEFINED_TRANSFORMATION('','',#11,#35);
#468 = PRODUCT_DEFINITION_SHAPE('Placement','Placement of an item',#469
  );
#469 = NEXT_ASSEMBLY_USAGE_OCCURRENCE('7','D3','',#5,#55,$);
#470 = SHAPE_DEFINITION_REPRESENTATION(#471,#477);
#471 = PRODUCT_DEFINITION_SHAPE('','',#472);
#472 = PRODUCT_DEFINITION('design','',#473,#476);
#473 = PRODUCT_DEFINITION_FORMATION('','',#474);
#474 = PRODUCT('R_Axial_DIN0207_L6.3mm_D2.5mm_P7.62mm_Horizontal',
  'R_Axial_DIN0207_L6.3mm_D2.5mm_P7.62mm_Horizontal','',(#475));
#475 = PRODUCT_CONTEXT('',#2,'mechanical');
#476 = PRODUCT_DEFINITION_CONTEXT('part definition',#2,'design');
#477 = SHAPE_REPRESENTATION('',(#11,#478),#482);
#478 = AXIS2_PLACEMENT_3D('',#479,#480,#481);
#479 = CARTESIAN_POINT('',(0.,0.,0.));
#480 = DIRECTION('',(0.,0.,1.));
#481 = DIRECTION('',(1.,0.,-0.));
#482 = ( GEOMETRIC_REPRESENTATION_CONTEXT(3) 
GLOBAL_UNCERTAINTY_ASSIGNED_CONTEXT((#486)) GLOBAL_UNIT_ASSIGNED_CONTEXT
((#483,#484,#485)) REPRESENTATION_CONTEXT('Context #1',
  '3D Context with UNIT and UNCERTAINTY') );
#483 = ( LENGTH_UNIT() NAMED_UNIT(*) SI_UNIT(.MILLI.,.METRE.) );
#484 = ( NAMED_UNIT(*) PLANE_ANGLE_UNIT() SI_UNIT($,.RADIAN.) );
#485 = ( NAMED_UNIT(*) SI_UNIT($,.STERADIAN.) SOLID_ANGLE_UNIT() );
#486 = UNCERTAINTY_MEASURE_WITH_UNIT(LENGTH_MEASURE(1.E-07),#483,
  'distance_accuracy_value','confusion accuracy');
#487 = CONTEXT_DEPENDENT_SHAPE_REPRESENTATION(#488,#490);
#488 = ( REPRESENTATION_RELATIONSHIP('','',#477,#10) 
REPRESENTATION_RELATIONSHIP_WITH_TRANSFORMATION(#489) 
SHAPE_REPRESENTATION_RELATIONSHIP() );
#489 = ITEM_DEFINED_TRANSFORMATION('','',#11,#39);
#490 = PRODUCT_DEFINITION_SHAPE('Placement','Placement of an item',#491
  );
#491 = NEXT_ASSEMBLY_USAGE_OCCURRENCE('9','R1','',#5,#472,$);
#492 = PRODUCT_RELATED_PRODUCT_CATEGORY('part',$,(#474));
#493 = SHAPE_DEFINITION_REPRESENTATION(#494,#500);
#494 = PRODUCT_DEFINITION_SHAPE('','',#495);
#495 = PRODUCT_DEFINITION('design','',#496,#499);
#496 = PRODUCT_DEFINITION_FORMATION('','',#497);
#497 = PRODUCT('R_Axial_DIN0207_L63mm_D25mm_P762mm_Horizontal',
  'R_Axial_DIN0207_L63mm_D25mm_P762mm_Horizontal','',(#498));
#498 = PRODUCT_CONTEXT('',#2,'mechanical');
#499 = PRODUCT_DEFINITION_CONTEXT('part definition',#2,'design');
#500 = ADVANCED_BREP_SHAPE_REPRESENTATION('',(#11,#501),#1164);
#501 = MANIFOLD_SOLID_BREP('',#502);
#502 = CLOSED_SHELL('',(#503,#536,#562,#582,#765,#790,#816,#836,#861,
    #886,#895,#921,#1104,#1130,#1155));
#503 = ADVANCED_FACE('',(#504),#531,.T.);
#504 = FACE_BOUND('',#505,.T.);
#505 = EDGE_LOOP('',(#506,#515,#523,#530));
#506 = ORIENTED_EDGE('',*,*,#507,.T.);
#507 = EDGE_CURVE('',#508,#508,#510,.T.);
#508 = VERTEX_POINT('',#509);
#509 = CARTESIAN_POINT('',(1.285,1.25,1.25));
#510 = CIRCLE('',#511,1.25);
#511 = AXIS2_PLACEMENT_3D('',#512,#513,#514);
#512 = CARTESIAN_POINT('',(1.285,0.,1.25));
#513 = DIRECTION('',(1.,0.,0.));
#514 = DIRECTION('',(-0.,1.,0.));
#515 = ORIENTED_EDGE('',*,*,#516,.T.);
#516 = EDGE_CURVE('',#508,#517,#519,.T.);
#517 = VERTEX_POINT('',#518);
#518 = CARTESIAN_POINT('',(2.235,1.25,1.25));
#519 = LINE('',#520,#521);
#520 = CARTESIAN_POINT('',(0.66,1.25,1.25));
#521 = VECTOR('',#522,1.);
#522 = DIRECTION('',(1.,0.,0.));
#523 = ORIENTED_EDGE('',*,*,#524,.F.);
#524 = EDGE_CURVE('',#517,#517,#525,.T.);
#525 = CIRCLE('',#526,1.25);
#526 = AXIS2_PLACEMENT_3D('',#527,#528,#529);
#527 = CARTESIAN_POINT('',(2.235,0.,1.25));
#528 = DIRECTION('',(1.,0.,0.));
#529 = DIRECTION('',(-0.,1.,0.));
#530 = ORIENTED_EDGE('',*,*,#516,.F.);
#531 = CYLINDRICAL_SURFACE('',#532,1.25);
#532 = AXIS2_PLACEMENT_3D('',#533,#534,#535);
#533 = CARTESIAN_POINT('',(0.66,0.,1.25));
#534 = DIRECTION('',(-1.,-0.,-0.));
#535 = DIRECTION('',(0.,1.,0.));
#536 = ADVANCED_FACE('',(#537),#557,.T.);
#537 = FACE_BOUND('',#538,.T.);
#538 = EDGE_LOOP('',(#539,#548,#555,#556));
#539 = ORIENTED_EDGE('',*,*,#540,.T.);
#540 = EDGE_CURVE('',#541,#541,#543,.T.);
#541 = VERTEX_POINT('',#542);
#542 = CARTESIAN_POINT('',(0.66,0.625,1.25));
#543 = CIRCLE('',#544,0.625);
#544 = AXIS2_PLACEMENT_3D('',#545,#546,#547);
#545 = CARTESIAN_POINT('',(0.66,0.,1.25));
#546 = DIRECTION('',(1.,0.,0.));
#547 = DIRECTION('',(-0.,1.,0.));
#548 = ORIENTED_EDGE('',*,*,#549,.F.);
#549 = EDGE_CURVE('',#508,#541,#550,.T.);
#550 = CIRCLE('',#551,0.625);
#551 = AXIS2_PLACEMENT_3D('',#552,#553,#554);
#552 = CARTESIAN_POINT('',(1.285,0.625,1.25));
#553 = DIRECTION('',(0.,-0.,1.));
#554 = DIRECTION('',(0.,1.,0.));
#555 = ORIENTED_EDGE('',*,*,#507,.F.);
#556 = ORIENTED_EDGE('',*,*,#549,.T.);
#557 = TOROIDAL_SURFACE('',#558,0.625,0.625);
#558 = AXIS2_PLACEMENT_3D('',#559,#560,#561);
#559 = CARTESIAN_POINT('',(1.285,0.,1.25));
#560 = DIRECTION('',(-1.,0.,0.));
#561 = DIRECTION('',(0.,1.,0.));
#562 = ADVANCED_FACE('',(#563,#566),#577,.F.);
#563 = FACE_BOUND('',#564,.F.);
#564 = EDGE_LOOP('',(#565));
#565 = ORIENTED_EDGE('',*,*,#524,.F.);
#566 = FACE_BOUND('',#567,.F.);
#567 = EDGE_LOOP('',(#568));
#568 = ORIENTED_EDGE('',*,*,#569,.F.);
#569 = EDGE_CURVE('',#570,#570,#572,.T.);
#570 = VERTEX_POINT('',#571);
#571 = CARTESIAN_POINT('',(2.235,1.125,1.25));
#572 = CIRCLE('',#573,1.125);
#573 = AXIS2_PLACEMENT_3D('',#574,#575,#576);
#574 = CARTESIAN_POINT('',(2.235,0.,1.25));
#575 = DIRECTION('',(-1.,0.,0.));
#576 = DIRECTION('',(0.,1.,0.));
#577 = PLANE('',#578);
#578 = AXIS2_PLACEMENT_3D('',#579,#580,#581);
#579 = CARTESIAN_POINT('',(2.235,1.25,1.25));
#580 = DIRECTION('',(-1.,0.,0.));
#581 = DIRECTION('',(0.,0.,-1.));
#582 = ADVANCED_FACE('',(#583,#586),#760,.T.);
#583 = FACE_BOUND('',#584,.T.);
#584 = EDGE_LOOP('',(#585));
#585 = ORIENTED_EDGE('',*,*,#540,.F.);
#586 = FACE_BOUND('',#587,.T.);
#587 = EDGE_LOOP('',(#588));
#588 = ORIENTED_EDGE('',*,*,#589,.F.);
#589 = EDGE_CURVE('',#590,#590,#592,.T.);
#590 = VERTEX_POINT('',#591);
#591 = CARTESIAN_POINT('',(0.66,1.102182119233E-16,0.899909083395));
#592 = B_SPLINE_CURVE_WITH_KNOTS('',6,(#593,#594,#595,#596,#597,#598,
    #599,#600,#601,#602,#603,#604,#605,#606,#607,#608,#609,#610,#611,
    #612,#613,#614,#615,#616,#617,#618,#619,#620,#621,#622,#623,#624,
    #625,#626,#627,#628,#629,#630,#631,#632,#633,#634,#635,#636,#637,
    #638,#639,#640,#641,#642,#643,#644,#645,#646,#647,#648,#649,#650,
    #651,#652,#653,#654,#655,#656,#657,#658,#659,#660,#661,#662,#663,
    #664,#665,#666,#667,#668,#669,#670,#671,#672,#673,#674,#675,#676,
    #677,#678,#679,#680,#681,#682,#683,#684,#685,#686,#687,#688,#689,
    #690,#691,#692,#693,#694,#695,#696,#697,#698,#699,#700,#701,#702,
    #703,#704,#705,#706,#707,#708,#709,#710,#711,#712,#713,#714,#715,
    #716,#717,#718,#719,#720,#721,#722,#723,#724,#725,#726,#727,#728,
    #729,#730,#731,#732,#733,#734,#735,#736,#737,#738,#739,#740,#741,
    #742,#743,#744,#745,#746,#747,#748,#749,#750,#751,#752,#753,#754,
    #755,#756,#757,#758,#759),.UNSPECIFIED.,.T.,.F.,(1,6,5,5,5,5,5,5,5,5
    ,5,5,5,5,5,5,5,5,5,5,5,5,5,5,5,5,5,5,5,5,5,5,5,5,6,1),(
    -3.7441643477E-02,0.,2.521870323933E-02,5.431496394384E-02,
    8.648919549843E-02,0.120700162351,0.155854554579,0.191019956077,
    0.22552099352,0.258944151729,0.291091798271,0.321919308947,
    0.351475044446,0.379851974729,0.407153625953,0.43347490921,
    0.458900868731,0.483545347382,0.505902822615,0.530283950565,
    0.555351989471,0.581274789002,0.608140584187,0.636038742308,
    0.665070462617,0.695336577837,0.72690990423,0.759792997252,
    0.79386262098,0.828806470397,0.864066503475,0.898816439436,
    0.932013287381,0.962558356523,1.,1.025218703239),.UNSPECIFIED.);
#593 = CARTESIAN_POINT('',(0.66,0.,0.899909083395));
#594 = CARTESIAN_POINT('',(0.66,-9.861963323296E-03,0.899909084471));
#595 = CARTESIAN_POINT('',(0.66,-1.960383099012E-02,0.900333558971));
#596 = CARTESIAN_POINT('',(0.66,-2.90667633729E-02,0.901163095205));
#597 = CARTESIAN_POINT('',(0.66,-3.818473840012E-02,0.902336888075));
#598 = CARTESIAN_POINT('',(0.66,-4.697555886318E-02,0.903805406252));
#599 = CARTESIAN_POINT('',(0.66,-6.541217845247E-02,0.907588617289));
#600 = CARTESIAN_POINT('',(0.66,-7.491989955217E-02,0.909985996381));
#601 = CARTESIAN_POINT('',(0.66,-8.408858685729E-02,0.912709602459));
#602 = CARTESIAN_POINT('',(0.66,-9.29431150905E-02,0.915726339128));
#603 = CARTESIAN_POINT('',(0.66,-0.101504886237,0.919011492948));
#604 = CARTESIAN_POINT('',(0.66,-0.118958160976,0.926453793498));
#605 = CARTESIAN_POINT('',(0.66,-0.127787740677,0.930666021227));
#606 = CARTESIAN_POINT('',(0.66,-0.136306213845,0.935155972835));
#607 = CARTESIAN_POINT('',(0.66,-0.144532125259,0.939904061777));
#608 = CARTESIAN_POINT('',(0.66,-0.152479834979,0.944895594586));
#609 = CARTESIAN_POINT('',(0.66,-0.168328675181,0.955672717204));
#610 = CARTESIAN_POINT('',(0.66,-0.176194628708,0.961488338811));
#611 = CARTESIAN_POINT('',(0.66,-0.183772627725,0.967551590964));
#612 = CARTESIAN_POINT('',(0.66,-0.191071921446,0.973851630909));
#613 = CARTESIAN_POINT('',(0.66,-0.19809849539,0.980379998969));
#614 = CARTESIAN_POINT('',(0.66,-0.211800252103,0.99406561399));
#615 = CARTESIAN_POINT('',(0.66,-0.218460183619,1.001235038361));
#616 = CARTESIAN_POINT('',(0.66,-0.224839916669,1.008630424477));
#617 = CARTESIAN_POINT('',(0.66,-0.230940302033,1.016245317007));
#618 = CARTESIAN_POINT('',(0.66,-0.236759778797,1.024074009311));
#619 = CARTESIAN_POINT('',(0.66,-0.247832030244,1.040150827903));
#620 = CARTESIAN_POINT('',(0.66,-0.253084597548,1.048398894868));
#621 = CARTESIAN_POINT('',(0.66,-0.258049056373,1.056850063306));
#622 = CARTESIAN_POINT('',(0.66,-0.262719990238,1.065498702059));
#623 = CARTESIAN_POINT('',(0.66,-0.267090249501,1.07433884651));
#624 = CARTESIAN_POINT('',(0.66,-0.275134936213,1.092219038761));
#625 = CARTESIAN_POINT('',(0.66,-0.278821023102,1.101251941956));
#626 = CARTESIAN_POINT('',(0.66,-0.282200792082,1.110456832947));
#627 = CARTESIAN_POINT('',(0.66,-0.285264705632,1.119826546568));
#628 = CARTESIAN_POINT('',(0.66,-0.288002108658,1.129352827713));
#629 = CARTESIAN_POINT('',(0.66,-0.29272539517,1.148397615962));
#630 = CARTESIAN_POINT('',(0.66,-0.29473218058,1.157906910826));
#631 = CARTESIAN_POINT('',(0.66,-0.296410836061,1.167545600214));
#632 = CARTESIAN_POINT('',(0.66,-0.297750151594,1.177303530334));
#633 = CARTESIAN_POINT('',(0.66,-0.298738455802,1.187169009313));
#634 = CARTESIAN_POINT('',(0.66,-0.299964918417,1.206708514181));
#635 = CARTESIAN_POINT('',(0.66,-0.300230384291,1.216375379318));
#636 = CARTESIAN_POINT('',(0.66,-0.300149186912,1.226117491764));
#637 = CARTESIAN_POINT('',(0.66,-0.299710710819,1.235921272022));
#638 = CARTESIAN_POINT('',(0.66,-0.298904551758,1.245771471938));
#639 = CARTESIAN_POINT('',(0.66,-0.296585103724,1.265125169703));
#640 = CARTESIAN_POINT('',(0.66,-0.295102339165,1.274626258325));
#641 = CARTESIAN_POINT('',(0.66,-0.293263240337,1.284139377081));
#642 = CARTESIAN_POINT('',(0.66,-0.291059628806,1.293647957516));
#643 = CARTESIAN_POINT('',(0.66,-0.288484130363,1.303133926208));
#644 = CARTESIAN_POINT('',(0.66,-0.282698083788,1.321631884472));
#645 = CARTESIAN_POINT('',(0.66,-0.279518227914,1.330647303479));
#646 = CARTESIAN_POINT('',(0.66,-0.275984860345,1.33960658093));
#647 = CARTESIAN_POINT('',(0.66,-0.272093455342,1.348491200819));
#648 = CARTESIAN_POINT('',(0.66,-0.267840708483,1.357281511993));
#649 = CARTESIAN_POINT('',(0.66,-0.258792476906,1.374285940745));
#650 = CARTESIAN_POINT('',(0.66,-0.254025481533,1.382509111114));
#651 = CARTESIAN_POINT('',(0.66,-0.248921768643,1.390607755283));
#652 = CARTESIAN_POINT('',(0.66,-0.243480982245,1.398562700734));
#653 = CARTESIAN_POINT('',(0.66,-0.237704192262,1.406354086406));
#654 = CARTESIAN_POINT('',(0.66,-0.22571513259,1.421280378602));
#655 = CARTESIAN_POINT('',(0.66,-0.219527706492,1.428429037341));
#656 = CARTESIAN_POINT('',(0.66,-0.213033892817,1.435388992124));
#657 = CARTESIAN_POINT('',(0.66,-0.206237433156,1.442141613477));
#658 = CARTESIAN_POINT('',(0.66,-0.199143534101,1.448667989237));
#659 = CARTESIAN_POINT('',(0.66,-0.184639374507,1.46100431938));
#660 = CARTESIAN_POINT('',(0.66,-0.177249666015,1.466831638372));
#661 = CARTESIAN_POINT('',(0.66,-0.169595736209,1.472413656662));
#662 = CARTESIAN_POINT('',(0.66,-0.161685054894,1.477733175901));
#663 = CARTESIAN_POINT('',(0.66,-0.153526567249,1.482773024258));
#664 = CARTESIAN_POINT('',(0.66,-0.137020407721,1.492097753386));
#665 = CARTESIAN_POINT('',(0.66,-0.128688747003,1.496402530856));
#666 = CARTESIAN_POINT('',(0.66,-0.12014499879,1.500414878928));
#667 = CARTESIAN_POINT('',(0.66,-0.111400259626,1.504119593216));
#668 = CARTESIAN_POINT('',(0.66,-0.102467435485,1.507501774849));
#669 = CARTESIAN_POINT('',(0.66,-8.453493192811E-02,1.513498294635));
#670 = CARTESIAN_POINT('',(0.66,-7.554639694304E-02,1.516132890753));
#671 = CARTESIAN_POINT('',(0.66,-6.64085144705E-02,1.518437847791));
#672 = CARTESIAN_POINT('',(0.66,-5.713783351899E-02,1.520400106432));
#673 = CARTESIAN_POINT('',(0.66,-4.775488525608E-02,1.522007764907));
#674 = CARTESIAN_POINT('',(0.66,-2.969295309097E-02,1.524379864025));
#675 = CARTESIAN_POINT('',(0.66,-2.102888075484E-02,1.525208782901));
#676 = CARTESIAN_POINT('',(0.66,-1.231401679426E-02,1.525730893697));
#677 = CARTESIAN_POINT('',(0.66,-3.572675622322E-03,1.525941364018));
#678 = CARTESIAN_POINT('',(0.66,5.168222805428E-03,1.525838983228));
#679 = CARTESIAN_POINT('',(0.66,2.337847467049E-02,1.524978205181));
#680 = CARTESIAN_POINT('',(0.66,3.284375814827E-02,1.524161190409));
#681 = CARTESIAN_POINT('',(0.66,4.224166817951E-02,1.522980309203));
#682 = CARTESIAN_POINT('',(0.66,5.154498116248E-02,1.52144453626));
#683 = CARTESIAN_POINT('',(0.66,6.073223707979E-02,1.519565307122));
#684 = CARTESIAN_POINT('',(0.66,7.909772773064E-02,1.515080653378));
#685 = CARTESIAN_POINT('',(0.66,8.826753248322E-02,1.512456350085));
#686 = CARTESIAN_POINT('',(0.66,9.727917108862E-02,1.509494369221));
#687 = CARTESIAN_POINT('',(0.66,0.106117308319,1.506208374239));
#688 = CARTESIAN_POINT('',(0.66,0.114768939441,1.502612541932));
#689 = CARTESIAN_POINT('',(0.66,0.131966117695,1.494697909774));
#690 = CARTESIAN_POINT('',(0.66,0.140497702999,1.490358571609));
#691 = CARTESIAN_POINT('',(0.66,0.148806061897,1.485719660214));
#692 = CARTESIAN_POINT('',(0.66,0.156880650792,1.480797427009));
#693 = CARTESIAN_POINT('',(0.66,0.164712466725,1.47560826256));
#694 = CARTESIAN_POINT('',(0.66,0.180151423764,1.464531255078));
#695 = CARTESIAN_POINT('',(0.66,0.187739958872,1.458624810593));
#696 = CARTESIAN_POINT('',(0.66,0.195051326582,1.452467732556));
#697 = CARTESIAN_POINT('',(0.66,0.202078661493,1.446078253645));
#698 = CARTESIAN_POINT('',(0.66,0.208816558921,1.439474469779));
#699 = CARTESIAN_POINT('',(0.66,0.221953232148,1.425612904145));
#700 = CARTESIAN_POINT('',(0.66,0.228328983313,1.41833967682));
#701 = CARTESIAN_POINT('',(0.66,0.234383958936,1.410874731309));
#702 = CARTESIAN_POINT('',(0.66,0.240115246881,1.403237638329));
#703 = CARTESIAN_POINT('',(0.66,0.245521392347,1.395447466144));
#704 = CARTESIAN_POINT('',(0.66,0.255889855564,1.379276097975));
#705 = CARTESIAN_POINT('',(0.66,0.260825146013,1.370883681886));
#706 = CARTESIAN_POINT('',(0.66,0.265408341569,1.362366377835));
#707 = CARTESIAN_POINT('',(0.66,0.269640849736,1.353744088225));
#708 = CARTESIAN_POINT('',(0.66,0.273525413156,1.345035772328));
#709 = CARTESIAN_POINT('',(0.66,0.280757352367,1.327109961101));
#710 = CARTESIAN_POINT('',(0.66,0.284074759274,1.317886517643));
#711 = CARTESIAN_POINT('',(0.66,0.287023012024,1.308609403309));
#712 = CARTESIAN_POINT('',(0.66,0.289607802772,1.299297542852));
#713 = CARTESIAN_POINT('',(0.66,0.291835834134,1.289968498384));
#714 = CARTESIAN_POINT('',(0.66,0.295674958709,1.270905470981));
#715 = CARTESIAN_POINT('',(0.66,0.297255116553,1.261171411794));
#716 = CARTESIAN_POINT('',(0.66,0.298464074992,1.251454521799));
#717 = CARTESIAN_POINT('',(0.66,0.299311100714,1.241771401083));
#718 = CARTESIAN_POINT('',(0.66,0.299805944827,1.232137019844));
#719 = CARTESIAN_POINT('',(0.66,0.30011808361,1.212595326012));
#720 = CARTESIAN_POINT('',(0.66,0.299906283631,1.202693348802));
#721 = CARTESIAN_POINT('',(0.66,0.299334987113,1.192873693594));
#722 = CARTESIAN_POINT('',(0.66,0.298415571185,1.183149633751));
#723 = CARTESIAN_POINT('',(0.66,0.297159245916,1.173532809156));
#724 = CARTESIAN_POINT('',(0.66,0.293937772017,1.154190866917));
#725 = CARTESIAN_POINT('',(0.66,0.291948568133,1.144474505513));
#726 = CARTESIAN_POINT('',(0.66,0.289621677512,1.134895129825));
#727 = CARTESIAN_POINT('',(0.66,0.286968496105,1.125462405282));
#728 = CARTESIAN_POINT('',(0.66,0.283999580964,1.116184674916));
#729 = CARTESIAN_POINT('',(0.66,0.277365684897,1.097719334783));
#730 = CARTESIAN_POINT('',(0.66,0.273684712853,1.08854034335));
#731 = CARTESIAN_POINT('',(0.66,0.269692176119,1.079539433524));
#732 = CARTESIAN_POINT('',(0.66,0.265397048483,1.07072335418));
#733 = CARTESIAN_POINT('',(0.66,0.260806835513,1.062098154612));
#734 = CARTESIAN_POINT('',(0.66,0.251004164416,1.045163946312));
#735 = CARTESIAN_POINT('',(0.66,0.245786379559,1.036858764173));
#736 = CARTESIAN_POINT('',(0.66,0.240280407048,1.028758964174));
#737 = CARTESIAN_POINT('',(0.66,0.234490342534,1.020870115558));
#738 = CARTESIAN_POINT('',(0.66,0.228418190257,1.013198030747));
#739 = CARTESIAN_POINT('',(0.66,0.215801462132,0.998407266407));
#740 = CARTESIAN_POINT('',(0.66,0.209265037039,0.991282398269));
#741 = CARTESIAN_POINT('',(0.66,0.202454011648,0.98438004474));
#742 = CARTESIAN_POINT('',(0.66,0.195365844133,0.977707070031));
#743 = CARTESIAN_POINT('',(0.66,0.187995125017,0.971271927442));
#744 = CARTESIAN_POINT('',(0.66,0.173012685338,0.959175110633));
#745 = CARTESIAN_POINT('',(0.66,0.165426730288,0.953491920673));
#746 = CARTESIAN_POINT('',(0.66,0.157566473117,0.948044968651));
#747 = CARTESIAN_POINT('',(0.66,0.149421191466,0.9428457983));
#748 = CARTESIAN_POINT('',(0.66,0.140976348171,0.937909629891));
#749 = CARTESIAN_POINT('',(0.66,0.124148062588,0.928975570166));
#750 = CARTESIAN_POINT('',(0.66,0.115814079383,0.924934455913));
#751 = CARTESIAN_POINT('',(0.66,0.107194119667,0.921149233675));
#752 = CARTESIAN_POINT('',(0.66,9.826941158436E-02,0.91763978502));
#753 = CARTESIAN_POINT('',(0.66,8.901687105598E-02,0.914432779149));
#754 = CARTESIAN_POINT('',(0.66,6.762842160337E-02,0.908048369916));
#755 = CARTESIAN_POINT('',(0.66,5.540310162877E-02,0.905067930004));
#756 = CARTESIAN_POINT('',(0.66,4.253150709481E-02,0.902628405907));
#757 = CARTESIAN_POINT('',(0.66,2.893757304003E-02,0.900850137762));
#758 = CARTESIAN_POINT('',(0.66,1.468319780375E-02,0.899909084997));
#759 = CARTESIAN_POINT('',(0.66,0.,0.899909083395));
#760 = PLANE('',#761);
#761 = AXIS2_PLACEMENT_3D('',#762,#763,#764);
#762 = CARTESIAN_POINT('',(0.66,1.25,1.25));
#763 = DIRECTION('',(-1.,0.,0.));
#764 = DIRECTION('',(0.,0.,-1.));
#765 = ADVANCED_FACE('',(#766),#785,.T.);
#766 = FACE_BOUND('',#767,.T.);
#767 = EDGE_LOOP('',(#768,#777,#783,#784));
#768 = ORIENTED_EDGE('',*,*,#769,.T.);
#769 = EDGE_CURVE('',#770,#770,#772,.T.);
#770 = VERTEX_POINT('',#771);
#771 = CARTESIAN_POINT('',(5.385,1.125,1.25));
#772 = CIRCLE('',#773,1.125);
#773 = AXIS2_PLACEMENT_3D('',#774,#775,#776);
#774 = CARTESIAN_POINT('',(5.385,0.,1.25));
#775 = DIRECTION('',(-1.,0.,0.));
#776 = DIRECTION('',(0.,1.,0.));
#777 = ORIENTED_EDGE('',*,*,#778,.F.);
#778 = EDGE_CURVE('',#570,#770,#779,.T.);
#779 = LINE('',#780,#781);
#780 = CARTESIAN_POINT('',(0.66,1.125,1.25));
#781 = VECTOR('',#782,1.);
#782 = DIRECTION('',(1.,0.,0.));
#783 = ORIENTED_EDGE('',*,*,#569,.F.);
#784 = ORIENTED_EDGE('',*,*,#778,.T.);
#785 = CYLINDRICAL_SURFACE('',#786,1.125);
#786 = AXIS2_PLACEMENT_3D('',#787,#788,#789);
#787 = CARTESIAN_POINT('',(0.66,0.,1.25));
#788 = DIRECTION('',(-1.,-0.,-0.));
#789 = DIRECTION('',(0.,1.,0.));
#790 = ADVANCED_FACE('',(#791),#811,.T.);
#791 = FACE_BOUND('',#792,.T.);
#792 = EDGE_LOOP('',(#793,#802,#809,#810));
#793 = ORIENTED_EDGE('',*,*,#794,.T.);
#794 = EDGE_CURVE('',#795,#795,#797,.T.);
#795 = VERTEX_POINT('',#796);
#796 = CARTESIAN_POINT('',(0.3,0.,0.35));
#797 = CIRCLE('',#798,0.3);
#798 = AXIS2_PLACEMENT_3D('',#799,#800,#801);
#799 = CARTESIAN_POINT('',(0.,0.,0.35));
#800 = DIRECTION('',(0.,0.,1.));
#801 = DIRECTION('',(1.,0.,-0.));
#802 = ORIENTED_EDGE('',*,*,#803,.T.);
#803 = EDGE_CURVE('',#795,#590,#804,.T.);
#804 = CIRCLE('',#805,0.6);
#805 = AXIS2_PLACEMENT_3D('',#806,#807,#808);
#806 = CARTESIAN_POINT('',(0.9,1.102182119233E-16,0.35));
#807 = DIRECTION('',(0.,1.,-0.));
#808 = DIRECTION('',(-1.,0.,4.93432455389E-16));
#809 = ORIENTED_EDGE('',*,*,#589,.T.);
#810 = ORIENTED_EDGE('',*,*,#803,.F.);
#811 = TOROIDAL_SURFACE('',#812,0.9,0.3);
#812 = AXIS2_PLACEMENT_3D('',#813,#814,#815);
#813 = CARTESIAN_POINT('',(0.9,0.,0.35));
#814 = DIRECTION('',(0.,1.,0.));
#815 = DIRECTION('',(-1.,0.,4.93432455389E-16));
#816 = ADVANCED_FACE('',(#817,#828),#831,.T.);
#817 = FACE_BOUND('',#818,.T.);
#818 = EDGE_LOOP('',(#819));
#819 = ORIENTED_EDGE('',*,*,#820,.F.);
#820 = EDGE_CURVE('',#821,#821,#823,.T.);
#821 = VERTEX_POINT('',#822);
#822 = CARTESIAN_POINT('',(5.385,1.25,1.25));
#823 = CIRCLE('',#824,1.25);
#824 = AXIS2_PLACEMENT_3D('',#825,#826,#827);
#825 = CARTESIAN_POINT('',(5.385,0.,1.25));
#826 = DIRECTION('',(1.,0.,0.));
#827 = DIRECTION('',(-0.,1.,0.));
#828 = FACE_BOUND('',#829,.T.);
#829 = EDGE_LOOP('',(#830));
#830 = ORIENTED_EDGE('',*,*,#769,.F.);
#831 = PLANE('',#832);
#832 = AXIS2_PLACEMENT_3D('',#833,#834,#835);
#833 = CARTESIAN_POINT('',(5.385,1.25,1.25));
#834 = DIRECTION('',(-1.,0.,0.));
#835 = DIRECTION('',(0.,0.,-1.));
#836 = ADVANCED_FACE('',(#837),#856,.T.);
#837 = FACE_BOUND('',#838,.T.);
#838 = EDGE_LOOP('',(#839,#847,#848,#849));
#839 = ORIENTED_EDGE('',*,*,#840,.T.);
#840 = EDGE_CURVE('',#841,#795,#843,.T.);
#841 = VERTEX_POINT('',#842);
#842 = CARTESIAN_POINT('',(0.3,-7.347880794884E-17,-3.));
#843 = LINE('',#844,#845);
#844 = CARTESIAN_POINT('',(0.3,0.,-3.));
#845 = VECTOR('',#846,1.);
#846 = DIRECTION('',(0.,0.,1.));
#847 = ORIENTED_EDGE('',*,*,#794,.F.);
#848 = ORIENTED_EDGE('',*,*,#840,.F.);
#849 = ORIENTED_EDGE('',*,*,#850,.T.);
#850 = EDGE_CURVE('',#841,#841,#851,.T.);
#851 = CIRCLE('',#852,0.3);
#852 = AXIS2_PLACEMENT_3D('',#853,#854,#855);
#853 = CARTESIAN_POINT('',(0.,0.,-3.));
#854 = DIRECTION('',(0.,0.,1.));
#855 = DIRECTION('',(1.,0.,-0.));
#856 = CYLINDRICAL_SURFACE('',#857,0.3);
#857 = AXIS2_PLACEMENT_3D('',#858,#859,#860);
#858 = CARTESIAN_POINT('',(0.,0.,-3.));
#859 = DIRECTION('',(0.,0.,1.));
#860 = DIRECTION('',(1.,0.,-0.));
#861 = ADVANCED_FACE('',(#862),#881,.T.);
#862 = FACE_BOUND('',#863,.T.);
#863 = EDGE_LOOP('',(#864,#865,#873,#880));
#864 = ORIENTED_EDGE('',*,*,#820,.T.);
#865 = ORIENTED_EDGE('',*,*,#866,.T.);
#866 = EDGE_CURVE('',#821,#867,#869,.T.);
#867 = VERTEX_POINT('',#868);
#868 = CARTESIAN_POINT('',(6.335,1.25,1.25));
#869 = LINE('',#870,#871);
#870 = CARTESIAN_POINT('',(5.385,1.25,1.25));
#871 = VECTOR('',#872,1.);
#872 = DIRECTION('',(1.,0.,0.));
#873 = ORIENTED_EDGE('',*,*,#874,.F.);
#874 = EDGE_CURVE('',#867,#867,#875,.T.);
#875 = CIRCLE('',#876,1.25);
#876 = AXIS2_PLACEMENT_3D('',#877,#878,#879);
#877 = CARTESIAN_POINT('',(6.335,0.,1.25));
#878 = DIRECTION('',(1.,0.,0.));
#879 = DIRECTION('',(-0.,1.,0.));
#880 = ORIENTED_EDGE('',*,*,#866,.F.);
#881 = CYLINDRICAL_SURFACE('',#882,1.25);
#882 = AXIS2_PLACEMENT_3D('',#883,#884,#885);
#883 = CARTESIAN_POINT('',(5.385,0.,1.25));
#884 = DIRECTION('',(-1.,-0.,-0.));
#885 = DIRECTION('',(0.,1.,0.));
#886 = ADVANCED_FACE('',(#887),#890,.T.);
#887 = FACE_BOUND('',#888,.F.);
#888 = EDGE_LOOP('',(#889));
#889 = ORIENTED_EDGE('',*,*,#850,.T.);
#890 = PLANE('',#891);
#891 = AXIS2_PLACEMENT_3D('',#892,#893,#894);
#892 = CARTESIAN_POINT('',(0.3,0.,-3.));
#893 = DIRECTION('',(0.,0.,-1.));
#894 = DIRECTION('',(-1.,0.,0.));
#895 = ADVANCED_FACE('',(#896),#916,.T.);
#896 = FACE_BOUND('',#897,.T.);
#897 = EDGE_LOOP('',(#898,#907,#908,#909));
#898 = ORIENTED_EDGE('',*,*,#899,.F.);
#899 = EDGE_CURVE('',#867,#900,#902,.T.);
#900 = VERTEX_POINT('',#901);
#901 = CARTESIAN_POINT('',(6.96,0.625,1.25));
#902 = CIRCLE('',#903,0.625);
#903 = AXIS2_PLACEMENT_3D('',#904,#905,#906);
#904 = CARTESIAN_POINT('',(6.335,0.625,1.25));
#905 = DIRECTION('',(0.,0.,-1.));
#906 = DIRECTION('',(0.,1.,0.));
#907 = ORIENTED_EDGE('',*,*,#874,.T.);
#908 = ORIENTED_EDGE('',*,*,#899,.T.);
#909 = ORIENTED_EDGE('',*,*,#910,.F.);
#910 = EDGE_CURVE('',#900,#900,#911,.T.);
#911 = CIRCLE('',#912,0.625);
#912 = AXIS2_PLACEMENT_3D('',#913,#914,#915);
#913 = CARTESIAN_POINT('',(6.96,0.,1.25));
#914 = DIRECTION('',(1.,0.,0.));
#915 = DIRECTION('',(-0.,1.,0.));
#916 = TOROIDAL_SURFACE('',#917,0.625,0.625);
#917 = AXIS2_PLACEMENT_3D('',#918,#919,#920);
#918 = CARTESIAN_POINT('',(6.335,0.,1.25));
#919 = DIRECTION('',(1.,0.,0.));
#920 = DIRECTION('',(-0.,1.,0.));
#921 = ADVANCED_FACE('',(#922,#925),#1099,.F.);
#922 = FACE_BOUND('',#923,.F.);
#923 = EDGE_LOOP('',(#924));
#924 = ORIENTED_EDGE('',*,*,#910,.F.);
#925 = FACE_BOUND('',#926,.F.);
#926 = EDGE_LOOP('',(#927));
#927 = ORIENTED_EDGE('',*,*,#928,.F.);
#928 = EDGE_CURVE('',#929,#929,#931,.T.);
#929 = VERTEX_POINT('',#930);
#930 = CARTESIAN_POINT('',(6.96,1.102182119233E-16,0.899909083395));
#931 = B_SPLINE_CURVE_WITH_KNOTS('',6,(#932,#933,#934,#935,#936,#937,
    #938,#939,#940,#941,#942,#943,#944,#945,#946,#947,#948,#949,#950,
    #951,#952,#953,#954,#955,#956,#957,#958,#959,#960,#961,#962,#963,
    #964,#965,#966,#967,#968,#969,#970,#971,#972,#973,#974,#975,#976,
    #977,#978,#979,#980,#981,#982,#983,#984,#985,#986,#987,#988,#989,
    #990,#991,#992,#993,#994,#995,#996,#997,#998,#999,#1000,#1001,#1002,
    #1003,#1004,#1005,#1006,#1007,#1008,#1009,#1010,#1011,#1012,#1013,
    #1014,#1015,#1016,#1017,#1018,#1019,#1020,#1021,#1022,#1023,#1024,
    #1025,#1026,#1027,#1028,#1029,#1030,#1031,#1032,#1033,#1034,#1035,
    #1036,#1037,#1038,#1039,#1040,#1041,#1042,#1043,#1044,#1045,#1046,
    #1047,#1048,#1049,#1050,#1051,#1052,#1053,#1054,#1055,#1056,#1057,
    #1058,#1059,#1060,#1061,#1062,#1063,#1064,#1065,#1066,#1067,#1068,
    #1069,#1070,#1071,#1072,#1073,#1074,#1075,#1076,#1077,#1078,#1079,
    #1080,#1081,#1082,#1083,#1084,#1085,#1086,#1087,#1088,#1089,#1090,
    #1091,#1092,#1093,#1094,#1095,#1096,#1097,#1098),.UNSPECIFIED.,.T.,
  .F.,(1,6,5,5,5,5,5,5,5,5,5,5,5,5,5,5,5,5,5,5,5,5,5,5,5,5,5,5,5,5,5,5,5
    ,5,6,1),(-3.7454922963E-02,0.,2.522151735631E-02,5.431626764274E-02,
    8.648932873413E-02,0.120698905604,0.15585219498,0.191016701755,
    0.225517033144,0.258939642143,0.291086884381,0.32191412294,
    0.351469698498,0.379846555914,0.407148198058,0.433469525493,
    0.458895614127,0.483540398702,0.505898369155,0.530279933853,
    0.555348100008,0.581270886766,0.608136607836,0.636034631737,
    0.665066137875,0.695331933304,0.726904811218,0.759787311372,
    0.793856187529,0.828799116201,0.864057997078,0.898806507422,
    0.932001552493,0.962545077037,1.,1.025221517356),.UNSPECIFIED.);
#932 = CARTESIAN_POINT('',(6.96,0.,0.899909083395));
#933 = CARTESIAN_POINT('',(6.96,-9.860167462582E-03,0.89990896861));
#934 = CARTESIAN_POINT('',(6.96,-1.96044152314E-02,0.900333777569));
#935 = CARTESIAN_POINT('',(6.96,-2.906856746895E-02,0.901162791225));
#936 = CARTESIAN_POINT('',(6.96,-3.818494668051E-02,0.902337445313));
#937 = CARTESIAN_POINT('',(6.96,-4.697397432956E-02,0.903804960014));
#938 = CARTESIAN_POINT('',(6.96,-6.54122858756E-02,0.907588661461));
#939 = CARTESIAN_POINT('',(6.96,-7.491985816654E-02,0.909985989386));
#940 = CARTESIAN_POINT('',(6.96,-8.408849098391E-02,0.912709553602));
#941 = CARTESIAN_POINT('',(6.96,-9.294310465939E-02,0.915726321464));
#942 = CARTESIAN_POINT('',(6.96,-0.10150496885,0.919011549987));
#943 = CARTESIAN_POINT('',(6.96,-0.118958221281,0.926453836747));
#944 = CARTESIAN_POINT('',(6.96,-0.127787715696,0.930666010737));
#945 = CARTESIAN_POINT('',(6.96,-0.136306161655,0.935155928941));
#946 = CARTESIAN_POINT('',(6.96,-0.144532121634,0.939904049757));
#947 = CARTESIAN_POINT('',(6.96,-0.152479877126,0.944895641374));
#948 = CARTESIAN_POINT('',(6.96,-0.168328600516,0.955672815412));
#949 = CARTESIAN_POINT('',(6.96,-0.176194773963,0.961488214941));
#950 = CARTESIAN_POINT('',(6.96,-0.183772608747,0.967551566344));
#951 = CARTESIAN_POINT('',(6.96,-0.191071765541,0.973851742068));
#952 = CARTESIAN_POINT('',(6.96,-0.198098606692,0.980379951052));
#953 = CARTESIAN_POINT('',(6.96,-0.211800202804,0.994065659178));
#954 = CARTESIAN_POINT('',(6.96,-0.218460270558,1.001234983766));
#955 = CARTESIAN_POINT('',(6.96,-0.224839910615,1.00863041136));
#956 = CARTESIAN_POINT('',(6.96,-0.230940211566,1.016245364777));
#957 = CARTESIAN_POINT('',(6.96,-0.236759839456,1.024073990789));
#958 = CARTESIAN_POINT('',(6.96,-0.247832003876,1.040150861324));
#959 = CARTESIAN_POINT('',(6.96,-0.253084568675,1.048398903269));
#960 = CARTESIAN_POINT('',(6.96,-0.258049049185,1.05685004652));
#961 = CARTESIAN_POINT('',(6.96,-0.2627200155,1.065498685566));
#962 = CARTESIAN_POINT('',(6.96,-0.267090290802,1.074338848812));
#963 = CARTESIAN_POINT('',(6.96,-0.275134913375,1.092219064394));
#964 = CARTESIAN_POINT('',(6.96,-0.278821000575,1.10125194666));
#965 = CARTESIAN_POINT('',(6.96,-0.282200788118,1.110456818481));
#966 = CARTESIAN_POINT('',(6.96,-0.285264726102,1.119826534893));
#967 = CARTESIAN_POINT('',(6.96,-0.288002139566,1.129352832871));
#968 = CARTESIAN_POINT('',(6.96,-0.292725370416,1.148397637921));
#969 = CARTESIAN_POINT('',(6.96,-0.29473215882,1.157906911838));
#970 = CARTESIAN_POINT('',(6.96,-0.296410834199,1.16754558505));
#971 = CARTESIAN_POINT('',(6.96,-0.297750172302,1.177303521997));
#972 = CARTESIAN_POINT('',(6.96,-0.298738484134,1.187169019587));
#973 = CARTESIAN_POINT('',(6.96,-0.29996489055,1.20670853133));
#974 = CARTESIAN_POINT('',(6.96,-0.300230362775,1.216375375657));
#975 = CARTESIAN_POINT('',(6.96,-0.300149187552,1.22611747583));
#976 = CARTESIAN_POINT('',(6.96,-0.299710732489,1.235921267953));
#977 = CARTESIAN_POINT('',(6.96,-0.298904577874,1.245771488577));
#978 = CARTESIAN_POINT('',(6.96,-0.296585075031,1.265125180201));
#979 = CARTESIAN_POINT('',(6.96,-0.295102319855,1.27462625024));
#980 = CARTESIAN_POINT('',(6.96,-0.293263243612,1.284139361954));
#981 = CARTESIAN_POINT('',(6.96,-0.29105964956,1.293647958229));
#982 = CARTESIAN_POINT('',(6.96,-0.288484151749,1.303133947704));
#983 = CARTESIAN_POINT('',(6.96,-0.282698057797,1.321631888118));
#984 = CARTESIAN_POINT('',(6.96,-0.279518212828,1.330647292743));
#985 = CARTESIAN_POINT('',(6.96,-0.275984865526,1.339606568389));
#986 = CARTESIAN_POINT('',(6.96,-0.27209347283,1.348491205415));
#987 = CARTESIAN_POINT('',(6.96,-0.26784072321,1.357281534804));
#988 = CARTESIAN_POINT('',(6.96,-0.258792456003,1.374285939199));
#989 = CARTESIAN_POINT('',(6.96,-0.254025471274,1.382509099941));
#990 = CARTESIAN_POINT('',(6.96,-0.248921774536,1.390607746147));
#991 = CARTESIAN_POINT('',(6.96,-0.24348099529,1.398562707415));
#992 = CARTESIAN_POINT('',(6.96,-0.237704200488,1.406354107177));
#993 = CARTESIAN_POINT('',(6.96,-0.225715116467,1.421280374005));
#994 = CARTESIAN_POINT('',(6.96,-0.219527700064,1.428429026844));
#995 = CARTESIAN_POINT('',(6.96,-0.213033898729,1.435388985848));
#996 = CARTESIAN_POINT('',(6.96,-0.206237442407,1.442141620875));
#997 = CARTESIAN_POINT('',(6.96,-0.199143537578,1.448668007007));
#998 = CARTESIAN_POINT('',(6.96,-0.184639358866,1.461004311837));
#999 = CARTESIAN_POINT('',(6.96,-0.177249661366,1.46683162664));
#1000 = CARTESIAN_POINT('',(6.96,-0.169595743404,1.472413651413));
#1001 = CARTESIAN_POINT('',(6.96,-0.161685063001,1.477733185029));
#1002 = CARTESIAN_POINT('',(6.96,-0.153526567552,1.482773042789));
#1003 = CARTESIAN_POINT('',(6.96,-0.137020377957,1.492097733275));
#1004 = CARTESIAN_POINT('',(6.96,-0.128688741655,1.496402506097));
#1005 = CARTESIAN_POINT('',(6.96,-0.120145015698,1.500414870926));
#1006 = CARTESIAN_POINT('',(6.96,-0.111400273136,1.504119613979));
#1007 = CARTESIAN_POINT('',(6.96,-0.102467429294,1.507501811642));
#1008 = CARTESIAN_POINT('',(6.96,-8.453487359643E-02,1.513498183633));
#1009 = CARTESIAN_POINT('',(6.96,-7.554644720911E-02,1.51613308184));
#1010 = CARTESIAN_POINT('',(6.96,-6.640854708582E-02,1.518437839156));
#1011 = CARTESIAN_POINT('',(6.96,-5.713780068804E-02,1.520399910874));
#1012 = CARTESIAN_POINT('',(6.96,-4.775487845774E-02,1.522007893513));
#1013 = CARTESIAN_POINT('',(6.96,-2.969292548283E-02,1.52437977876));
#1014 = CARTESIAN_POINT('',(6.96,-2.102889094976E-02,1.525208924822));
#1015 = CARTESIAN_POINT('',(6.96,-1.231404153143E-02,1.525730890851));
#1016 = CARTESIAN_POINT('',(6.96,-3.572679276074E-03,1.525941220805));
#1017 = CARTESIAN_POINT('',(6.96,5.168243033088E-03,1.52583907475));
#1018 = CARTESIAN_POINT('',(6.96,2.337844678287E-02,1.524978413229));
#1019 = CARTESIAN_POINT('',(6.96,3.284373024997E-02,1.524160868463));
#1020 = CARTESIAN_POINT('',(6.96,4.224172239025E-02,1.522980299422));
#1021 = CARTESIAN_POINT('',(6.96,5.154503802108E-02,1.521444853212));
#1022 = CARTESIAN_POINT('',(6.96,6.073215666605E-02,1.519565119195));
#1023 = CARTESIAN_POINT('',(6.96,7.909771199475E-02,1.515080715405));
#1024 = CARTESIAN_POINT('',(6.96,8.82675531125E-02,1.512456387335));
#1025 = CARTESIAN_POINT('',(6.96,9.727920151967E-02,1.509494357792));
#1026 = CARTESIAN_POINT('',(6.96,0.106117302403,1.506208331254));
#1027 = CARTESIAN_POINT('',(6.96,0.114768890523,1.502612503667));
#1028 = CARTESIAN_POINT('',(6.96,0.1319661163,1.494697932395));
#1029 = CARTESIAN_POINT('',(6.96,0.140497712216,1.490358583428));
#1030 = CARTESIAN_POINT('',(6.96,0.148806071355,1.485719654426));
#1031 = CARTESIAN_POINT('',(6.96,0.156880646133,1.480797412311));
#1032 = CARTESIAN_POINT('',(6.96,0.164712447986,1.475608252032));
#1033 = CARTESIAN_POINT('',(6.96,0.180151425777,1.46453127229));
#1034 = CARTESIAN_POINT('',(6.96,0.187739967164,1.45862481836));
#1035 = CARTESIAN_POINT('',(6.96,0.195051332691,1.452467727028));
#1036 = CARTESIAN_POINT('',(6.96,0.20207865613,1.446078243141));
#1037 = CARTESIAN_POINT('',(6.96,0.208816543867,1.439474464151));
#1038 = CARTESIAN_POINT('',(6.96,0.221953238059,1.425612923524));
#1039 = CARTESIAN_POINT('',(6.96,0.228328994524,1.418339683896));
#1040 = CARTESIAN_POINT('',(6.96,0.234383964852,1.410874723556));
#1041 = CARTESIAN_POINT('',(6.96,0.240115238483,1.403237627432));
#1042 = CARTESIAN_POINT('',(6.96,0.245521373748,1.395447463058));
#1043 = CARTESIAN_POINT('',(6.96,0.25588986733,1.379276120213));
#1044 = CARTESIAN_POINT('',(6.96,0.260825161615,1.370883687614));
#1045 = CARTESIAN_POINT('',(6.96,0.265408347201,1.362366366749));
#1046 = CARTESIAN_POINT('',(6.96,0.269640836772,1.353744077057));
#1047 = CARTESIAN_POINT('',(6.96,0.273525389215,1.345035773446));
#1048 = CARTESIAN_POINT('',(6.96,0.280757370989,1.327109983642));
#1049 = CARTESIAN_POINT('',(6.96,0.284074778857,1.317886520225));
#1050 = CARTESIAN_POINT('',(6.96,0.28702301626,1.308609389122));
#1051 = CARTESIAN_POINT('',(6.96,0.289607785113,1.29929753334));
#1052 = CARTESIAN_POINT('',(6.96,0.291835806202,1.289968505808));
#1053 = CARTESIAN_POINT('',(6.96,0.295674983107,1.270905490066));
#1054 = CARTESIAN_POINT('',(6.96,0.297255138129,1.261171409814));
#1055 = CARTESIAN_POINT('',(6.96,0.298464076807,1.251454505978));
#1056 = CARTESIAN_POINT('',(6.96,0.299311079865,1.241771395371));
#1057 = CARTESIAN_POINT('',(6.96,0.299805916194,1.232137034265));
#1058 = CARTESIAN_POINT('',(6.96,0.300118111197,1.212595339038));
#1059 = CARTESIAN_POINT('',(6.96,0.299906304864,1.202693342182));
#1060 = CARTESIAN_POINT('',(6.96,0.299334986276,1.192873677979));
#1061 = CARTESIAN_POINT('',(6.96,0.298415549391,1.183149632812));
#1062 = CARTESIAN_POINT('',(6.96,0.29715921972,1.173532829284));
#1063 = CARTESIAN_POINT('',(6.96,0.293937801394,1.154190874));
#1064 = CARTESIAN_POINT('',(6.96,0.291948588365,1.144474495238));
#1065 = CARTESIAN_POINT('',(6.96,0.28962167445,1.134895115228));
#1066 = CARTESIAN_POINT('',(6.96,0.286968474246,1.125462408515));
#1067 = CARTESIAN_POINT('',(6.96,0.283999557728,1.116184698885));
#1068 = CARTESIAN_POINT('',(6.96,0.277365720041,1.097719338125));
#1069 = CARTESIAN_POINT('',(6.96,0.273684735103,1.088540329457));
#1070 = CARTESIAN_POINT('',(6.96,0.269692170683,1.079539418357));
#1071 = CARTESIAN_POINT('',(6.96,0.265397023465,1.070723360764));
#1072 = CARTESIAN_POINT('',(6.96,0.260806811571,1.062098183552));
#1073 = CARTESIAN_POINT('',(6.96,0.251004219697,1.045163947022));
#1074 = CARTESIAN_POINT('',(6.96,0.245786411547,1.036858741787));
#1075 = CARTESIAN_POINT('',(6.96,0.240280395782,1.028758943151));
#1076 = CARTESIAN_POINT('',(6.96,0.234490304979,1.02087012779));
#1077 = CARTESIAN_POINT('',(6.96,0.22841815861,1.013198074729));
#1078 = CARTESIAN_POINT('',(6.96,0.215801547815,0.998407234883));
#1079 = CARTESIAN_POINT('',(6.96,0.209264913083,0.99128247471));
#1080 = CARTESIAN_POINT('',(6.96,0.202454000094,0.984380026053));
#1081 = CARTESIAN_POINT('',(6.96,0.195365961507,0.977706983911));
#1082 = CARTESIAN_POINT('',(6.96,0.187995061392,0.971271997058));
#1083 = CARTESIAN_POINT('',(6.96,0.173012837564,0.959175029375));
#1084 = CARTESIAN_POINT('',(6.96,0.165426529007,0.953492099376));
#1085 = CARTESIAN_POINT('',(6.96,0.157566437944,0.948044934321));
#1086 = CARTESIAN_POINT('',(6.96,0.149421373308,0.942845601948));
#1087 = CARTESIAN_POINT('',(6.96,0.140976264593,0.937909781461));
#1088 = CARTESIAN_POINT('',(6.96,0.124148131162,0.928975627958));
#1089 = CARTESIAN_POINT('',(6.96,0.115814071992,0.924934439518));
#1090 = CARTESIAN_POINT('',(6.96,0.107194037794,0.921149181784));
#1091 = CARTESIAN_POINT('',(6.96,9.826937450524E-02,0.917639774974));
#1092 = CARTESIAN_POINT('',(6.96,8.901696421491E-02,0.914432828225));
#1093 = CARTESIAN_POINT('',(6.96,6.762356037127E-02,0.908046964389));
#1094 = CARTESIAN_POINT('',(6.96,5.540377745077E-02,0.905068595899));
#1095 = CARTESIAN_POINT('',(6.96,4.253681255711E-02,0.902629529668));
#1096 = CARTESIAN_POINT('',(6.96,2.893994360873E-02,0.900849442899));
#1097 = CARTESIAN_POINT('',(6.96,1.46772221458E-02,0.899909046356));
#1098 = CARTESIAN_POINT('',(6.96,0.,0.899909083395));
#1099 = PLANE('',#1100);
#1100 = AXIS2_PLACEMENT_3D('',#1101,#1102,#1103);
#1101 = CARTESIAN_POINT('',(6.96,1.25,1.25));
#1102 = DIRECTION('',(-1.,0.,0.));
#1103 = DIRECTION('',(0.,0.,-1.));
#1104 = ADVANCED_FACE('',(#1105),#1125,.T.);
#1105 = FACE_BOUND('',#1106,.T.);
#1106 = EDGE_LOOP('',(#1107,#1108,#1117,#1124));
#1107 = ORIENTED_EDGE('',*,*,#928,.F.);
#1108 = ORIENTED_EDGE('',*,*,#1109,.T.);
#1109 = EDGE_CURVE('',#929,#1110,#1112,.T.);
#1110 = VERTEX_POINT('',#1111);
#1111 = CARTESIAN_POINT('',(7.32,0.,0.35));
#1112 = CIRCLE('',#1113,0.6);
#1113 = AXIS2_PLACEMENT_3D('',#1114,#1115,#1116);
#1114 = CARTESIAN_POINT('',(6.72,1.102182119233E-16,0.35));
#1115 = DIRECTION('',(0.,1.,0.));
#1116 = DIRECTION('',(0.,-0.,1.));
#1117 = ORIENTED_EDGE('',*,*,#1118,.T.);
#1118 = EDGE_CURVE('',#1110,#1110,#1119,.T.);
#1119 = CIRCLE('',#1120,0.3);
#1120 = AXIS2_PLACEMENT_3D('',#1121,#1122,#1123);
#1121 = CARTESIAN_POINT('',(7.62,0.,0.35));
#1122 = DIRECTION('',(3.828568698927E-16,-0.,1.));
#1123 = DIRECTION('',(1.,0.,-3.828568698927E-16));
#1124 = ORIENTED_EDGE('',*,*,#1109,.F.);
#1125 = TOROIDAL_SURFACE('',#1126,0.9,0.3);
#1126 = AXIS2_PLACEMENT_3D('',#1127,#1128,#1129);
#1127 = CARTESIAN_POINT('',(6.72,0.,0.35));
#1128 = DIRECTION('',(0.,1.,0.));
#1129 = DIRECTION('',(0.,-0.,1.));
#1130 = ADVANCED_FACE('',(#1131),#1150,.T.);
#1131 = FACE_BOUND('',#1132,.T.);
#1132 = EDGE_LOOP('',(#1133,#1141,#1148,#1149));
#1133 = ORIENTED_EDGE('',*,*,#1134,.T.);
#1134 = EDGE_CURVE('',#1110,#1135,#1137,.T.);
#1135 = VERTEX_POINT('',#1136);
#1136 = CARTESIAN_POINT('',(7.32,-7.347880794884E-17,-3.));
#1137 = LINE('',#1138,#1139);
#1138 = CARTESIAN_POINT('',(7.32,0.,0.35));
#1139 = VECTOR('',#1140,1.);
#1140 = DIRECTION('',(0.,0.,-1.));
#1141 = ORIENTED_EDGE('',*,*,#1142,.F.);
#1142 = EDGE_CURVE('',#1135,#1135,#1143,.T.);
#1143 = CIRCLE('',#1144,0.3);
#1144 = AXIS2_PLACEMENT_3D('',#1145,#1146,#1147);
#1145 = CARTESIAN_POINT('',(7.62,0.,-3.));
#1146 = DIRECTION('',(0.,0.,-1.));
#1147 = DIRECTION('',(-1.,0.,0.));
#1148 = ORIENTED_EDGE('',*,*,#1134,.F.);
#1149 = ORIENTED_EDGE('',*,*,#1118,.F.);
#1150 = CYLINDRICAL_SURFACE('',#1151,0.3);
#1151 = AXIS2_PLACEMENT_3D('',#1152,#1153,#1154);
#1152 = CARTESIAN_POINT('',(7.62,0.,0.35));
#1153 = DIRECTION('',(0.,0.,-1.));
#1154 = DIRECTION('',(-1.,0.,0.));
#1155 = ADVANCED_FACE('',(#1156),#1159,.F.);
#1156 = FACE_BOUND('',#1157,.T.);
#1157 = EDGE_LOOP('',(#1158));
#1158 = ORIENTED_EDGE('',*,*,#1142,.T.);
#1159 = PLANE('',#1160);
#1160 = AXIS2_PLACEMENT_3D('',#1161,#1162,#1163);
#1161 = CARTESIAN_POINT('',(7.32,0.,-3.));
#1162 = DIRECTION('',(0.,0.,1.));
#1163 = DIRECTION('',(1.,0.,-0.));
#1164 = ( GEOMETRIC_REPRESENTATION_CONTEXT(3) 
GLOBAL_UNCERTAINTY_ASSIGNED_CONTEXT((#1168)) 
GLOBAL_UNIT_ASSIGNED_CONTEXT((#1165,#1166,#1167)) REPRESENTATION_CONTEXT
('Context #1','3D Context with UNIT and UNCERTAINTY') );
#1165 = ( LENGTH_UNIT() NAMED_UNIT(*) SI_UNIT(.MILLI.,.METRE.) );
#1166 = ( NAMED_UNIT(*) PLANE_ANGLE_UNIT() SI_UNIT($,.RADIAN.) );
#1167 = ( NAMED_UNIT(*) SI_UNIT($,.STERADIAN.) SOLID_ANGLE_UNIT() );
#1168 = UNCERTAINTY_MEASURE_WITH_UNIT(LENGTH_MEASURE(1.E-07),#1165,
  'distance_accuracy_value','confusion accuracy');
#1169 = CONTEXT_DEPENDENT_SHAPE_REPRESENTATION(#1170,#1172);
#1170 = ( REPRESENTATION_RELATIONSHIP('','',#500,#477) 
REPRESENTATION_RELATIONSHIP_WITH_TRANSFORMATION(#1171) 
SHAPE_REPRESENTATION_RELATIONSHIP() );
#1171 = ITEM_DEFINED_TRANSFORMATION('','',#11,#478);
#1172 = PRODUCT_DEFINITION_SHAPE('Placement','Placement of an item',
  #1173);
#1173 = NEXT_ASSEMBLY_USAGE_OCCURRENCE('8','=>[0:1:1:5]','',#472,#495,$
  );
#1174 = PRODUCT_RELATED_PRODUCT_CATEGORY('part',$,(#497));
#1175 = SHAPE_DEFINITION_REPRESENTATION(#1176,#1182);
#1176 = PRODUCT_DEFINITION_SHAPE('','',#1177);
#1177 = PRODUCT_DEFINITION('design','',#1178,#1181);
#1178 = PRODUCT_DEFINITION_FORMATION('','',#1179);
#1179 = PRODUCT('hacA9D7_PCB','hacA9D7_PCB','',(#1180));
#1180 = PRODUCT_CONTEXT('',#2,'mechanical');
#1181 = PRODUCT_DEFINITION_CONTEXT('part definition',#2,'design');
#1182 = ADVANCED_BREP_SHAPE_REPRESENTATION('',(#11,#1183),#4343);
#1183 = MANIFOLD_SOLID_BREP('',#1184);
#1184 = CLOSED_SHELL('',(#1185,#1225,#1256,#1287,#2146,#3005,#3017,#3034
    ,#3051,#3068,#3085,#3102,#3119,#3136,#3153,#3170,#3187,#3204,#3221,
    #3238,#3255,#3272,#3289,#3306,#3323,#3340,#3357,#3374,#3391,#3408,
    #3425,#3442,#3459,#3476,#3493,#3510,#3527,#3544,#3561,#3578,#3595,
    #3612,#3634,#3651,#3668,#3680,#3697,#3714,#3731,#3753,#3770,#3787,
    #3799,#3816,#3833,#3850,#3867,#3884,#3901,#3918,#3935,#3952,#3969,
    #3986,#4003,#4020,#4037,#4054,#4071,#4088,#4105,#4122,#4139,#4156,
    #4173,#4190,#4207,#4224,#4241,#4258,#4275,#4292,#4309,#4326));
#1185 = ADVANCED_FACE('',(#1186),#1220,.T.);
#1186 = FACE_BOUND('',#1187,.T.);
#1187 = EDGE_LOOP('',(#1188,#1198,#1206,#1214));
#1188 = ORIENTED_EDGE('',*,*,#1189,.T.);
#1189 = EDGE_CURVE('',#1190,#1192,#1194,.T.);
#1190 = VERTEX_POINT('',#1191);
#1191 = CARTESIAN_POINT('',(190.5,-114.,0.));
#1192 = VERTEX_POINT('',#1193);
#1193 = CARTESIAN_POINT('',(190.5,-114.,1.51));
#1194 = LINE('',#1195,#1196);
#1195 = CARTESIAN_POINT('',(190.5,-114.,0.));
#1196 = VECTOR('',#1197,1.);
#1197 = DIRECTION('',(0.,0.,1.));
#1198 = ORIENTED_EDGE('',*,*,#1199,.T.);
#1199 = EDGE_CURVE('',#1192,#1200,#1202,.T.);
#1200 = VERTEX_POINT('',#1201);
#1201 = CARTESIAN_POINT('',(108.5,-114.,1.51));
#1202 = LINE('',#1203,#1204);
#1203 = CARTESIAN_POINT('',(190.5,-114.,1.51));
#1204 = VECTOR('',#1205,1.);
#1205 = DIRECTION('',(-1.,0.,0.));
#1206 = ORIENTED_EDGE('',*,*,#1207,.F.);
#1207 = EDGE_CURVE('',#1208,#1200,#1210,.T.);
#1208 = VERTEX_POINT('',#1209);
#1209 = CARTESIAN_POINT('',(108.5,-114.,0.));
#1210 = LINE('',#1211,#1212);
#1211 = CARTESIAN_POINT('',(108.5,-114.,0.));
#1212 = VECTOR('',#1213,1.);
#1213 = DIRECTION('',(0.,0.,1.));
#1214 = ORIENTED_EDGE('',*,*,#1215,.F.);
#1215 = EDGE_CURVE('',#1190,#1208,#1216,.T.);
#1216 = LINE('',#1217,#1218);
#1217 = CARTESIAN_POINT('',(190.5,-114.,0.));
#1218 = VECTOR('',#1219,1.);
#1219 = DIRECTION('',(-1.,0.,0.));
#1220 = PLANE('',#1221);
#1221 = AXIS2_PLACEMENT_3D('',#1222,#1223,#1224);
#1222 = CARTESIAN_POINT('',(190.5,-114.,0.));
#1223 = DIRECTION('',(0.,-1.,0.));
#1224 = DIRECTION('',(-1.,0.,0.));
#1225 = ADVANCED_FACE('',(#1226),#1251,.T.);
#1226 = FACE_BOUND('',#1227,.T.);
#1227 = EDGE_LOOP('',(#1228,#1238,#1244,#1245));
#1228 = ORIENTED_EDGE('',*,*,#1229,.T.);
#1229 = EDGE_CURVE('',#1230,#1232,#1234,.T.);
#1230 = VERTEX_POINT('',#1231);
#1231 = CARTESIAN_POINT('',(190.5,-51.,0.));
#1232 = VERTEX_POINT('',#1233);
#1233 = CARTESIAN_POINT('',(190.5,-51.,1.51));
#1234 = LINE('',#1235,#1236);
#1235 = CARTESIAN_POINT('',(190.5,-51.,0.));
#1236 = VECTOR('',#1237,1.);
#1237 = DIRECTION('',(0.,0.,1.));
#1238 = ORIENTED_EDGE('',*,*,#1239,.T.);
#1239 = EDGE_CURVE('',#1232,#1192,#1240,.T.);
#1240 = LINE('',#1241,#1242);
#1241 = CARTESIAN_POINT('',(190.5,-51.,1.51));
#1242 = VECTOR('',#1243,1.);
#1243 = DIRECTION('',(0.,-1.,0.));
#1244 = ORIENTED_EDGE('',*,*,#1189,.F.);
#1245 = ORIENTED_EDGE('',*,*,#1246,.F.);
#1246 = EDGE_CURVE('',#1230,#1190,#1247,.T.);
#1247 = LINE('',#1248,#1249);
#1248 = CARTESIAN_POINT('',(190.5,-51.,0.));
#1249 = VECTOR('',#1250,1.);
#1250 = DIRECTION('',(0.,-1.,0.));
#1251 = PLANE('',#1252);
#1252 = AXIS2_PLACEMENT_3D('',#1253,#1254,#1255);
#1253 = CARTESIAN_POINT('',(190.5,-51.,0.));
#1254 = DIRECTION('',(1.,0.,-0.));
#1255 = DIRECTION('',(0.,-1.,0.));
#1256 = ADVANCED_FACE('',(#1257),#1282,.T.);
#1257 = FACE_BOUND('',#1258,.T.);
#1258 = EDGE_LOOP('',(#1259,#1260,#1268,#1276));
#1259 = ORIENTED_EDGE('',*,*,#1207,.T.);
#1260 = ORIENTED_EDGE('',*,*,#1261,.T.);
#1261 = EDGE_CURVE('',#1200,#1262,#1264,.T.);
#1262 = VERTEX_POINT('',#1263);
#1263 = CARTESIAN_POINT('',(108.5,-51.,1.51));
#1264 = LINE('',#1265,#1266);
#1265 = CARTESIAN_POINT('',(108.5,-114.,1.51));
#1266 = VECTOR('',#1267,1.);
#1267 = DIRECTION('',(0.,1.,0.));
#1268 = ORIENTED_EDGE('',*,*,#1269,.F.);
#1269 = EDGE_CURVE('',#1270,#1262,#1272,.T.);
#1270 = VERTEX_POINT('',#1271);
#1271 = CARTESIAN_POINT('',(108.5,-51.,0.));
#1272 = LINE('',#1273,#1274);
#1273 = CARTESIAN_POINT('',(108.5,-51.,0.));
#1274 = VECTOR('',#1275,1.);
#1275 = DIRECTION('',(0.,0.,1.));
#1276 = ORIENTED_EDGE('',*,*,#1277,.F.);
#1277 = EDGE_CURVE('',#1208,#1270,#1278,.T.);
#1278 = LINE('',#1279,#1280);
#1279 = CARTESIAN_POINT('',(108.5,-114.,0.));
#1280 = VECTOR('',#1281,1.);
#1281 = DIRECTION('',(0.,1.,0.));
#1282 = PLANE('',#1283);
#1283 = AXIS2_PLACEMENT_3D('',#1284,#1285,#1286);
#1284 = CARTESIAN_POINT('',(108.5,-114.,0.));
#1285 = DIRECTION('',(-1.,0.,0.));
#1286 = DIRECTION('',(0.,1.,0.));
#1287 = ADVANCED_FACE('',(#1288,#1299,#1310,#1321,#1332,#1343,#1354,
    #1365,#1376,#1387,#1398,#1409,#1420,#1431,#1442,#1453,#1464,#1475,
    #1486,#1497,#1508,#1519,#1530,#1541,#1552,#1563,#1574,#1585,#1596,
    #1607,#1618,#1629,#1640,#1651,#1662,#1673,#1684,#1720,#1731,#1742,
    #1753,#1789,#1800,#1811,#1822,#1833,#1844,#1855,#1866,#1877,#1888,
    #1899,#1910,#1921,#1932,#1943,#1954,#1965,#1976,#1987,#1998,#2009,
    #2020,#2031,#2042,#2053,#2064,#2075,#2086,#2097,#2108,#2119,#2130),
  #2141,.F.);
#1288 = FACE_BOUND('',#1289,.F.);
#1289 = EDGE_LOOP('',(#1290,#1291,#1292,#1298));
#1290 = ORIENTED_EDGE('',*,*,#1215,.F.);
#1291 = ORIENTED_EDGE('',*,*,#1246,.F.);
#1292 = ORIENTED_EDGE('',*,*,#1293,.F.);
#1293 = EDGE_CURVE('',#1270,#1230,#1294,.T.);
#1294 = LINE('',#1295,#1296);
#1295 = CARTESIAN_POINT('',(108.5,-51.,0.));
#1296 = VECTOR('',#1297,1.);
#1297 = DIRECTION('',(1.,0.,0.));
#1298 = ORIENTED_EDGE('',*,*,#1277,.F.);
#1299 = FACE_BOUND('',#1300,.F.);
#1300 = EDGE_LOOP('',(#1301));
#1301 = ORIENTED_EDGE('',*,*,#1302,.T.);
#1302 = EDGE_CURVE('',#1303,#1303,#1305,.T.);
#1303 = VERTEX_POINT('',#1304);
#1304 = CARTESIAN_POINT('',(110.5,-113.1,0.));
#1305 = CIRCLE('',#1306,1.1);
#1306 = AXIS2_PLACEMENT_3D('',#1307,#1308,#1309);
#1307 = CARTESIAN_POINT('',(110.5,-112.,0.));
#1308 = DIRECTION('',(-0.,0.,-1.));
#1309 = DIRECTION('',(-0.,-1.,0.));
#1310 = FACE_BOUND('',#1311,.F.);
#1311 = EDGE_LOOP('',(#1312));
#1312 = ORIENTED_EDGE('',*,*,#1313,.T.);
#1313 = EDGE_CURVE('',#1314,#1314,#1316,.T.);
#1314 = VERTEX_POINT('',#1315);
#1315 = CARTESIAN_POINT('',(111.5,-107.4,0.));
#1316 = CIRCLE('',#1317,0.4);
#1317 = AXIS2_PLACEMENT_3D('',#1318,#1319,#1320);
#1318 = CARTESIAN_POINT('',(111.5,-107.,0.));
#1319 = DIRECTION('',(-0.,0.,-1.));
#1320 = DIRECTION('',(-0.,-1.,0.));
#1321 = FACE_BOUND('',#1322,.F.);
#1322 = EDGE_LOOP('',(#1323));
#1323 = ORIENTED_EDGE('',*,*,#1324,.T.);
#1324 = EDGE_CURVE('',#1325,#1325,#1327,.T.);
#1325 = VERTEX_POINT('',#1326);
#1326 = CARTESIAN_POINT('',(116.42,-102.85,0.));
#1327 = CIRCLE('',#1328,0.85);
#1328 = AXIS2_PLACEMENT_3D('',#1329,#1330,#1331);
#1329 = CARTESIAN_POINT('',(116.42,-102.,0.));
#1330 = DIRECTION('',(-0.,0.,-1.));
#1331 = DIRECTION('',(1.671865260612E-14,-1.,-0.));
#1332 = FACE_BOUND('',#1333,.F.);
#1333 = EDGE_LOOP('',(#1334));
#1334 = ORIENTED_EDGE('',*,*,#1335,.T.);
#1335 = EDGE_CURVE('',#1336,#1336,#1338,.T.);
#1336 = VERTEX_POINT('',#1337);
#1337 = CARTESIAN_POINT('',(111.5,-99.78,0.));
#1338 = CIRCLE('',#1339,0.4);
#1339 = AXIS2_PLACEMENT_3D('',#1340,#1341,#1342);
#1340 = CARTESIAN_POINT('',(111.5,-99.38,0.));
#1341 = DIRECTION('',(-0.,0.,-1.));
#1342 = DIRECTION('',(-0.,-1.,0.));
#1343 = FACE_BOUND('',#1344,.F.);
#1344 = EDGE_LOOP('',(#1345));
#1345 = ORIENTED_EDGE('',*,*,#1346,.T.);
#1346 = EDGE_CURVE('',#1347,#1347,#1349,.T.);
#1347 = VERTEX_POINT('',#1348);
#1348 = CARTESIAN_POINT('',(117.69,-100.21,0.));
#1349 = CIRCLE('',#1350,0.75);
#1350 = AXIS2_PLACEMENT_3D('',#1351,#1352,#1353);
#1351 = CARTESIAN_POINT('',(117.69,-99.46,0.));
#1352 = DIRECTION('',(-0.,0.,-1.));
#1353 = DIRECTION('',(-0.,-1.,0.));
#1354 = FACE_BOUND('',#1355,.F.);
#1355 = EDGE_LOOP('',(#1356));
#1356 = ORIENTED_EDGE('',*,*,#1357,.T.);
#1357 = EDGE_CURVE('',#1358,#1358,#1360,.T.);
#1358 = VERTEX_POINT('',#1359);
#1359 = CARTESIAN_POINT('',(121.5,-104.,0.));
#1360 = CIRCLE('',#1361,2.);
#1361 = AXIS2_PLACEMENT_3D('',#1362,#1363,#1364);
#1362 = CARTESIAN_POINT('',(121.5,-102.,0.));
#1363 = DIRECTION('',(-0.,0.,-1.));
#1364 = DIRECTION('',(-0.,-1.,0.));
#1365 = FACE_BOUND('',#1366,.F.);
#1366 = EDGE_LOOP('',(#1367));
#1367 = ORIENTED_EDGE('',*,*,#1368,.T.);
#1368 = EDGE_CURVE('',#1369,#1369,#1371,.T.);
#1369 = VERTEX_POINT('',#1370);
#1370 = CARTESIAN_POINT('',(126.58,-102.85,0.));
#1371 = CIRCLE('',#1372,0.85);
#1372 = AXIS2_PLACEMENT_3D('',#1373,#1374,#1375);
#1373 = CARTESIAN_POINT('',(126.58,-102.,0.));
#1374 = DIRECTION('',(-0.,0.,-1.));
#1375 = DIRECTION('',(-1.671865260612E-14,-1.,0.));
#1376 = FACE_BOUND('',#1377,.F.);
#1377 = EDGE_LOOP('',(#1378));
#1378 = ORIENTED_EDGE('',*,*,#1379,.T.);
#1379 = EDGE_CURVE('',#1380,#1380,#1382,.T.);
#1380 = VERTEX_POINT('',#1381);
#1381 = CARTESIAN_POINT('',(131.5,-107.21,0.));
#1382 = CIRCLE('',#1383,0.4);
#1383 = AXIS2_PLACEMENT_3D('',#1384,#1385,#1386);
#1384 = CARTESIAN_POINT('',(131.5,-106.81,0.));
#1385 = DIRECTION('',(-0.,0.,-1.));
#1386 = DIRECTION('',(-0.,-1.,0.));
#1387 = FACE_BOUND('',#1388,.F.);
#1388 = EDGE_LOOP('',(#1389));
#1389 = ORIENTED_EDGE('',*,*,#1390,.T.);
#1390 = EDGE_CURVE('',#1391,#1391,#1393,.T.);
#1391 = VERTEX_POINT('',#1392);
#1392 = CARTESIAN_POINT('',(136.42,-102.85,0.));
#1393 = CIRCLE('',#1394,0.85);
#1394 = AXIS2_PLACEMENT_3D('',#1395,#1396,#1397);
#1395 = CARTESIAN_POINT('',(136.42,-102.,0.));
#1396 = DIRECTION('',(-0.,0.,-1.));
#1397 = DIRECTION('',(-3.343730521224E-14,-1.,0.));
#1398 = FACE_BOUND('',#1399,.F.);
#1399 = EDGE_LOOP('',(#1400));
#1400 = ORIENTED_EDGE('',*,*,#1401,.T.);
#1401 = EDGE_CURVE('',#1402,#1402,#1404,.T.);
#1402 = VERTEX_POINT('',#1403);
#1403 = CARTESIAN_POINT('',(131.5,-99.59,0.));
#1404 = CIRCLE('',#1405,0.4);
#1405 = AXIS2_PLACEMENT_3D('',#1406,#1407,#1408);
#1406 = CARTESIAN_POINT('',(131.5,-99.19,0.));
#1407 = DIRECTION('',(-0.,0.,-1.));
#1408 = DIRECTION('',(-0.,-1.,0.));
#1409 = FACE_BOUND('',#1410,.F.);
#1410 = EDGE_LOOP('',(#1411));
#1411 = ORIENTED_EDGE('',*,*,#1412,.T.);
#1412 = EDGE_CURVE('',#1413,#1413,#1415,.T.);
#1413 = VERTEX_POINT('',#1414);
#1414 = CARTESIAN_POINT('',(137.69,-100.21,0.));
#1415 = CIRCLE('',#1416,0.75);
#1416 = AXIS2_PLACEMENT_3D('',#1417,#1418,#1419);
#1417 = CARTESIAN_POINT('',(137.69,-99.46,0.));
#1418 = DIRECTION('',(-0.,0.,-1.));
#1419 = DIRECTION('',(-0.,-1.,0.));
#1420 = FACE_BOUND('',#1421,.F.);
#1421 = EDGE_LOOP('',(#1422));
#1422 = ORIENTED_EDGE('',*,*,#1423,.T.);
#1423 = EDGE_CURVE('',#1424,#1424,#1426,.T.);
#1424 = VERTEX_POINT('',#1425);
#1425 = CARTESIAN_POINT('',(141.5,-104.,0.));
#1426 = CIRCLE('',#1427,2.);
#1427 = AXIS2_PLACEMENT_3D('',#1428,#1429,#1430);
#1428 = CARTESIAN_POINT('',(141.5,-102.,0.));
#1429 = DIRECTION('',(-0.,0.,-1.));
#1430 = DIRECTION('',(-0.,-1.,0.));
#1431 = FACE_BOUND('',#1432,.F.);
#1432 = EDGE_LOOP('',(#1433));
#1433 = ORIENTED_EDGE('',*,*,#1434,.T.);
#1434 = EDGE_CURVE('',#1435,#1435,#1437,.T.);
#1435 = VERTEX_POINT('',#1436);
#1436 = CARTESIAN_POINT('',(146.58,-102.85,0.));
#1437 = CIRCLE('',#1438,0.85);
#1438 = AXIS2_PLACEMENT_3D('',#1439,#1440,#1441);
#1439 = CARTESIAN_POINT('',(146.58,-102.,0.));
#1440 = DIRECTION('',(-0.,0.,-1.));
#1441 = DIRECTION('',(3.343730521224E-14,-1.,-0.));
#1442 = FACE_BOUND('',#1443,.F.);
#1443 = EDGE_LOOP('',(#1444));
#1444 = ORIENTED_EDGE('',*,*,#1445,.T.);
#1445 = EDGE_CURVE('',#1446,#1446,#1448,.T.);
#1446 = VERTEX_POINT('',#1447);
#1447 = CARTESIAN_POINT('',(124.04,-97.67,0.));
#1448 = CIRCLE('',#1449,0.75);
#1449 = AXIS2_PLACEMENT_3D('',#1450,#1451,#1452);
#1450 = CARTESIAN_POINT('',(124.04,-96.92,0.));
#1451 = DIRECTION('',(-0.,0.,-1.));
#1452 = DIRECTION('',(-0.,-1.,0.));
#1453 = FACE_BOUND('',#1454,.F.);
#1454 = EDGE_LOOP('',(#1455));
#1455 = ORIENTED_EDGE('',*,*,#1456,.T.);
#1456 = EDGE_CURVE('',#1457,#1457,#1459,.T.);
#1457 = VERTEX_POINT('',#1458);
#1458 = CARTESIAN_POINT('',(112.,-87.21,0.));
#1459 = CIRCLE('',#1460,0.4);
#1460 = AXIS2_PLACEMENT_3D('',#1461,#1462,#1463);
#1461 = CARTESIAN_POINT('',(112.,-86.81,0.));
#1462 = DIRECTION('',(-0.,0.,-1.));
#1463 = DIRECTION('',(-0.,-1.,0.));
#1464 = FACE_BOUND('',#1465,.F.);
#1465 = EDGE_LOOP('',(#1466));
#1466 = ORIENTED_EDGE('',*,*,#1467,.T.);
#1467 = EDGE_CURVE('',#1468,#1468,#1470,.T.);
#1468 = VERTEX_POINT('',#1469);
#1469 = CARTESIAN_POINT('',(116.34,-83.35,0.));
#1470 = CIRCLE('',#1471,0.85);
#1471 = AXIS2_PLACEMENT_3D('',#1472,#1473,#1474);
#1472 = CARTESIAN_POINT('',(116.34,-82.5,0.));
#1473 = DIRECTION('',(-0.,0.,-1.));
#1474 = DIRECTION('',(-0.,-1.,0.));
#1475 = FACE_BOUND('',#1476,.F.);
#1476 = EDGE_LOOP('',(#1477));
#1477 = ORIENTED_EDGE('',*,*,#1478,.T.);
#1478 = EDGE_CURVE('',#1479,#1479,#1481,.T.);
#1479 = VERTEX_POINT('',#1480);
#1480 = CARTESIAN_POINT('',(121.42,-84.5,0.));
#1481 = CIRCLE('',#1482,2.);
#1482 = AXIS2_PLACEMENT_3D('',#1483,#1484,#1485);
#1483 = CARTESIAN_POINT('',(121.42,-82.5,0.));
#1484 = DIRECTION('',(-0.,0.,-1.));
#1485 = DIRECTION('',(-0.,-1.,0.));
#1486 = FACE_BOUND('',#1487,.F.);
#1487 = EDGE_LOOP('',(#1488));
#1488 = ORIENTED_EDGE('',*,*,#1489,.T.);
#1489 = EDGE_CURVE('',#1490,#1490,#1492,.T.);
#1490 = VERTEX_POINT('',#1491);
#1491 = CARTESIAN_POINT('',(126.5,-83.35,0.));
#1492 = CIRCLE('',#1493,0.85);
#1493 = AXIS2_PLACEMENT_3D('',#1494,#1495,#1496);
#1494 = CARTESIAN_POINT('',(126.5,-82.5,0.));
#1495 = DIRECTION('',(-0.,0.,-1.));
#1496 = DIRECTION('',(-0.,-1.,0.));
#1497 = FACE_BOUND('',#1498,.F.);
#1498 = EDGE_LOOP('',(#1499));
#1499 = ORIENTED_EDGE('',*,*,#1500,.T.);
#1500 = EDGE_CURVE('',#1501,#1501,#1503,.T.);
#1501 = VERTEX_POINT('',#1502);
#1502 = CARTESIAN_POINT('',(144.04,-97.67,0.));
#1503 = CIRCLE('',#1504,0.75);
#1504 = AXIS2_PLACEMENT_3D('',#1505,#1506,#1507);
#1505 = CARTESIAN_POINT('',(144.04,-96.92,0.));
#1506 = DIRECTION('',(-0.,0.,-1.));
#1507 = DIRECTION('',(-0.,-1.,0.));
#1508 = FACE_BOUND('',#1509,.F.);
#1509 = EDGE_LOOP('',(#1510));
#1510 = ORIENTED_EDGE('',*,*,#1511,.T.);
#1511 = EDGE_CURVE('',#1512,#1512,#1514,.T.);
#1512 = VERTEX_POINT('',#1513);
#1513 = CARTESIAN_POINT('',(131.5,-87.21,0.));
#1514 = CIRCLE('',#1515,0.4);
#1515 = AXIS2_PLACEMENT_3D('',#1516,#1517,#1518);
#1516 = CARTESIAN_POINT('',(131.5,-86.81,0.));
#1517 = DIRECTION('',(-0.,0.,-1.));
#1518 = DIRECTION('',(-0.,-1.,0.));
#1519 = FACE_BOUND('',#1520,.F.);
#1520 = EDGE_LOOP('',(#1521));
#1521 = ORIENTED_EDGE('',*,*,#1522,.T.);
#1522 = EDGE_CURVE('',#1523,#1523,#1525,.T.);
#1523 = VERTEX_POINT('',#1524);
#1524 = CARTESIAN_POINT('',(136.34,-83.35,0.));
#1525 = CIRCLE('',#1526,0.85);
#1526 = AXIS2_PLACEMENT_3D('',#1527,#1528,#1529);
#1527 = CARTESIAN_POINT('',(136.34,-82.5,0.));
#1528 = DIRECTION('',(-0.,0.,-1.));
#1529 = DIRECTION('',(-0.,-1.,0.));
#1530 = FACE_BOUND('',#1531,.F.);
#1531 = EDGE_LOOP('',(#1532));
#1532 = ORIENTED_EDGE('',*,*,#1533,.T.);
#1533 = EDGE_CURVE('',#1534,#1534,#1536,.T.);
#1534 = VERTEX_POINT('',#1535);
#1535 = CARTESIAN_POINT('',(141.42,-84.5,0.));
#1536 = CIRCLE('',#1537,2.);
#1537 = AXIS2_PLACEMENT_3D('',#1538,#1539,#1540);
#1538 = CARTESIAN_POINT('',(141.42,-82.5,0.));
#1539 = DIRECTION('',(-0.,0.,-1.));
#1540 = DIRECTION('',(-0.,-1.,0.));
#1541 = FACE_BOUND('',#1542,.F.);
#1542 = EDGE_LOOP('',(#1543));
#1543 = ORIENTED_EDGE('',*,*,#1544,.T.);
#1544 = EDGE_CURVE('',#1545,#1545,#1547,.T.);
#1545 = VERTEX_POINT('',#1546);
#1546 = CARTESIAN_POINT('',(152.5,-107.21,0.));
#1547 = CIRCLE('',#1548,0.4);
#1548 = AXIS2_PLACEMENT_3D('',#1549,#1550,#1551);
#1549 = CARTESIAN_POINT('',(152.5,-106.81,0.));
#1550 = DIRECTION('',(-0.,0.,-1.));
#1551 = DIRECTION('',(-0.,-1.,0.));
#1552 = FACE_BOUND('',#1553,.F.);
#1553 = EDGE_LOOP('',(#1554));
#1554 = ORIENTED_EDGE('',*,*,#1555,.T.);
#1555 = EDGE_CURVE('',#1556,#1556,#1558,.T.);
#1556 = VERTEX_POINT('',#1557);
#1557 = CARTESIAN_POINT('',(156.34,-102.85,0.));
#1558 = CIRCLE('',#1559,0.85);
#1559 = AXIS2_PLACEMENT_3D('',#1560,#1561,#1562);
#1560 = CARTESIAN_POINT('',(156.34,-102.,0.));
#1561 = DIRECTION('',(-0.,0.,-1.));
#1562 = DIRECTION('',(-0.,-1.,0.));
#1563 = FACE_BOUND('',#1564,.F.);
#1564 = EDGE_LOOP('',(#1565));
#1565 = ORIENTED_EDGE('',*,*,#1566,.T.);
#1566 = EDGE_CURVE('',#1567,#1567,#1569,.T.);
#1567 = VERTEX_POINT('',#1568);
#1568 = CARTESIAN_POINT('',(152.5,-99.59,0.));
#1569 = CIRCLE('',#1570,0.4);
#1570 = AXIS2_PLACEMENT_3D('',#1571,#1572,#1573);
#1571 = CARTESIAN_POINT('',(152.5,-99.19,0.));
#1572 = DIRECTION('',(-0.,0.,-1.));
#1573 = DIRECTION('',(-0.,-1.,0.));
#1574 = FACE_BOUND('',#1575,.F.);
#1575 = EDGE_LOOP('',(#1576));
#1576 = ORIENTED_EDGE('',*,*,#1577,.T.);
#1577 = EDGE_CURVE('',#1578,#1578,#1580,.T.);
#1578 = VERTEX_POINT('',#1579);
#1579 = CARTESIAN_POINT('',(157.61,-100.21,0.));
#1580 = CIRCLE('',#1581,0.75);
#1581 = AXIS2_PLACEMENT_3D('',#1582,#1583,#1584);
#1582 = CARTESIAN_POINT('',(157.61,-99.46,0.));
#1583 = DIRECTION('',(-0.,0.,-1.));
#1584 = DIRECTION('',(-0.,-1.,0.));
#1585 = FACE_BOUND('',#1586,.F.);
#1586 = EDGE_LOOP('',(#1587));
#1587 = ORIENTED_EDGE('',*,*,#1588,.T.);
#1588 = EDGE_CURVE('',#1589,#1589,#1591,.T.);
#1589 = VERTEX_POINT('',#1590);
#1590 = CARTESIAN_POINT('',(161.42,-104.,0.));
#1591 = CIRCLE('',#1592,2.);
#1592 = AXIS2_PLACEMENT_3D('',#1593,#1594,#1595);
#1593 = CARTESIAN_POINT('',(161.42,-102.,0.));
#1594 = DIRECTION('',(-0.,0.,-1.));
#1595 = DIRECTION('',(-0.,-1.,0.));
#1596 = FACE_BOUND('',#1597,.F.);
#1597 = EDGE_LOOP('',(#1598));
#1598 = ORIENTED_EDGE('',*,*,#1599,.T.);
#1599 = EDGE_CURVE('',#1600,#1600,#1602,.T.);
#1600 = VERTEX_POINT('',#1601);
#1601 = CARTESIAN_POINT('',(166.5,-102.85,0.));
#1602 = CIRCLE('',#1603,0.85);
#1603 = AXIS2_PLACEMENT_3D('',#1604,#1605,#1606);
#1604 = CARTESIAN_POINT('',(166.5,-102.,0.));
#1605 = DIRECTION('',(-0.,0.,-1.));
#1606 = DIRECTION('',(-0.,-1.,0.));
#1607 = FACE_BOUND('',#1608,.F.);
#1608 = EDGE_LOOP('',(#1609));
#1609 = ORIENTED_EDGE('',*,*,#1610,.T.);
#1610 = EDGE_CURVE('',#1611,#1611,#1613,.T.);
#1611 = VERTEX_POINT('',#1612);
#1612 = CARTESIAN_POINT('',(188.5,-113.1,0.));
#1613 = CIRCLE('',#1614,1.1);
#1614 = AXIS2_PLACEMENT_3D('',#1615,#1616,#1617);
#1615 = CARTESIAN_POINT('',(188.5,-112.,0.));
#1616 = DIRECTION('',(-0.,0.,-1.));
#1617 = DIRECTION('',(-0.,-1.,0.));
#1618 = FACE_BOUND('',#1619,.F.);
#1619 = EDGE_LOOP('',(#1620));
#1620 = ORIENTED_EDGE('',*,*,#1621,.T.);
#1621 = EDGE_CURVE('',#1622,#1622,#1624,.T.);
#1622 = VERTEX_POINT('',#1623);
#1623 = CARTESIAN_POINT('',(163.96,-97.67,0.));
#1624 = CIRCLE('',#1625,0.75);
#1625 = AXIS2_PLACEMENT_3D('',#1626,#1627,#1628);
#1626 = CARTESIAN_POINT('',(163.96,-96.92,0.));
#1627 = DIRECTION('',(-0.,0.,-1.));
#1628 = DIRECTION('',(-0.,-1.,0.));
#1629 = FACE_BOUND('',#1630,.F.);
#1630 = EDGE_LOOP('',(#1631));
#1631 = ORIENTED_EDGE('',*,*,#1632,.T.);
#1632 = EDGE_CURVE('',#1633,#1633,#1635,.T.);
#1633 = VERTEX_POINT('',#1634);
#1634 = CARTESIAN_POINT('',(151.5,-87.4,0.));
#1635 = CIRCLE('',#1636,0.4);
#1636 = AXIS2_PLACEMENT_3D('',#1637,#1638,#1639);
#1637 = CARTESIAN_POINT('',(151.5,-87.,0.));
#1638 = DIRECTION('',(-0.,0.,-1.));
#1639 = DIRECTION('',(-0.,-1.,0.));
#1640 = FACE_BOUND('',#1641,.F.);
#1641 = EDGE_LOOP('',(#1642));
#1642 = ORIENTED_EDGE('',*,*,#1643,.T.);
#1643 = EDGE_CURVE('',#1644,#1644,#1646,.T.);
#1644 = VERTEX_POINT('',#1645);
#1645 = CARTESIAN_POINT('',(156.34,-83.35,0.));
#1646 = CIRCLE('',#1647,0.85);
#1647 = AXIS2_PLACEMENT_3D('',#1648,#1649,#1650);
#1648 = CARTESIAN_POINT('',(156.34,-82.5,0.));
#1649 = DIRECTION('',(-0.,0.,-1.));
#1650 = DIRECTION('',(-0.,-1.,0.));
#1651 = FACE_BOUND('',#1652,.F.);
#1652 = EDGE_LOOP('',(#1653));
#1653 = ORIENTED_EDGE('',*,*,#1654,.T.);
#1654 = EDGE_CURVE('',#1655,#1655,#1657,.T.);
#1655 = VERTEX_POINT('',#1656);
#1656 = CARTESIAN_POINT('',(161.42,-84.5,0.));
#1657 = CIRCLE('',#1658,2.);
#1658 = AXIS2_PLACEMENT_3D('',#1659,#1660,#1661);
#1659 = CARTESIAN_POINT('',(161.42,-82.5,0.));
#1660 = DIRECTION('',(-0.,0.,-1.));
#1661 = DIRECTION('',(-0.,-1.,0.));
#1662 = FACE_BOUND('',#1663,.F.);
#1663 = EDGE_LOOP('',(#1664));
#1664 = ORIENTED_EDGE('',*,*,#1665,.T.);
#1665 = EDGE_CURVE('',#1666,#1666,#1668,.T.);
#1666 = VERTEX_POINT('',#1667);
#1667 = CARTESIAN_POINT('',(173.,-94.9,0.));
#1668 = CIRCLE('',#1669,0.5);
#1669 = AXIS2_PLACEMENT_3D('',#1670,#1671,#1672);
#1670 = CARTESIAN_POINT('',(173.,-94.4,0.));
#1671 = DIRECTION('',(-0.,0.,-1.));
#1672 = DIRECTION('',(-0.,-1.,0.));
#1673 = FACE_BOUND('',#1674,.F.);
#1674 = EDGE_LOOP('',(#1675));
#1675 = ORIENTED_EDGE('',*,*,#1676,.T.);
#1676 = EDGE_CURVE('',#1677,#1677,#1679,.T.);
#1677 = VERTEX_POINT('',#1678);
#1678 = CARTESIAN_POINT('',(173.,-92.4,0.));
#1679 = CIRCLE('',#1680,0.5);
#1680 = AXIS2_PLACEMENT_3D('',#1681,#1682,#1683);
#1681 = CARTESIAN_POINT('',(173.,-91.9,0.));
#1682 = DIRECTION('',(-0.,0.,-1.));
#1683 = DIRECTION('',(-0.,-1.,0.));
#1684 = FACE_BOUND('',#1685,.F.);
#1685 = EDGE_LOOP('',(#1686,#1697,#1705,#1714));
#1686 = ORIENTED_EDGE('',*,*,#1687,.T.);
#1687 = EDGE_CURVE('',#1688,#1690,#1692,.T.);
#1688 = VERTEX_POINT('',#1689);
#1689 = CARTESIAN_POINT('',(181.15,-96.75,0.));
#1690 = VERTEX_POINT('',#1691);
#1691 = CARTESIAN_POINT('',(181.15,-98.25,0.));
#1692 = CIRCLE('',#1693,0.75);
#1693 = AXIS2_PLACEMENT_3D('',#1694,#1695,#1696);
#1694 = CARTESIAN_POINT('',(181.15,-97.5,0.));
#1695 = DIRECTION('',(-0.,0.,-1.));
#1696 = DIRECTION('',(-0.,-1.,0.));
#1697 = ORIENTED_EDGE('',*,*,#1698,.T.);
#1698 = EDGE_CURVE('',#1690,#1699,#1701,.T.);
#1699 = VERTEX_POINT('',#1700);
#1700 = CARTESIAN_POINT('',(179.85,-98.25,0.));
#1701 = LINE('',#1702,#1703);
#1702 = CARTESIAN_POINT('',(89.925,-98.25,0.));
#1703 = VECTOR('',#1704,1.);
#1704 = DIRECTION('',(-1.,0.,0.));
#1705 = ORIENTED_EDGE('',*,*,#1706,.T.);
#1706 = EDGE_CURVE('',#1699,#1707,#1709,.T.);
#1707 = VERTEX_POINT('',#1708);
#1708 = CARTESIAN_POINT('',(179.85,-96.75,0.));
#1709 = CIRCLE('',#1710,0.75);
#1710 = AXIS2_PLACEMENT_3D('',#1711,#1712,#1713);
#1711 = CARTESIAN_POINT('',(179.85,-97.5,0.));
#1712 = DIRECTION('',(-0.,0.,-1.));
#1713 = DIRECTION('',(0.,1.,0.));
#1714 = ORIENTED_EDGE('',*,*,#1715,.T.);
#1715 = EDGE_CURVE('',#1707,#1688,#1716,.T.);
#1716 = LINE('',#1717,#1718);
#1717 = CARTESIAN_POINT('',(90.575,-96.75,0.));
#1718 = VECTOR('',#1719,1.);
#1719 = DIRECTION('',(1.,0.,-0.));
#1720 = FACE_BOUND('',#1721,.F.);
#1721 = EDGE_LOOP('',(#1722));
#1722 = ORIENTED_EDGE('',*,*,#1723,.T.);
#1723 = EDGE_CURVE('',#1724,#1724,#1726,.T.);
#1724 = VERTEX_POINT('',#1725);
#1725 = CARTESIAN_POINT('',(187.5,-94.9,0.));
#1726 = CIRCLE('',#1727,0.5);
#1727 = AXIS2_PLACEMENT_3D('',#1728,#1729,#1730);
#1728 = CARTESIAN_POINT('',(187.5,-94.4,0.));
#1729 = DIRECTION('',(-0.,0.,-1.));
#1730 = DIRECTION('',(-0.,-1.,0.));
#1731 = FACE_BOUND('',#1732,.F.);
#1732 = EDGE_LOOP('',(#1733));
#1733 = ORIENTED_EDGE('',*,*,#1734,.T.);
#1734 = EDGE_CURVE('',#1735,#1735,#1737,.T.);
#1735 = VERTEX_POINT('',#1736);
#1736 = CARTESIAN_POINT('',(173.,-89.9,0.));
#1737 = CIRCLE('',#1738,0.5);
#1738 = AXIS2_PLACEMENT_3D('',#1739,#1740,#1741);
#1739 = CARTESIAN_POINT('',(173.,-89.4,0.));
#1740 = DIRECTION('',(-0.,0.,-1.));
#1741 = DIRECTION('',(-0.,-1.,0.));
#1742 = FACE_BOUND('',#1743,.F.);
#1743 = EDGE_LOOP('',(#1744));
#1744 = ORIENTED_EDGE('',*,*,#1745,.T.);
#1745 = EDGE_CURVE('',#1746,#1746,#1748,.T.);
#1746 = VERTEX_POINT('',#1747);
#1747 = CARTESIAN_POINT('',(187.5,-89.9,0.));
#1748 = CIRCLE('',#1749,0.5);
#1749 = AXIS2_PLACEMENT_3D('',#1750,#1751,#1752);
#1750 = CARTESIAN_POINT('',(187.5,-89.4,0.));
#1751 = DIRECTION('',(-0.,0.,-1.));
#1752 = DIRECTION('',(-0.,-1.,0.));
#1753 = FACE_BOUND('',#1754,.F.);
#1754 = EDGE_LOOP('',(#1755,#1766,#1774,#1783));
#1755 = ORIENTED_EDGE('',*,*,#1756,.T.);
#1756 = EDGE_CURVE('',#1757,#1759,#1761,.T.);
#1757 = VERTEX_POINT('',#1758);
#1758 = CARTESIAN_POINT('',(181.15,-85.55,0.));
#1759 = VERTEX_POINT('',#1760);
#1760 = CARTESIAN_POINT('',(181.15,-87.05,0.));
#1761 = CIRCLE('',#1762,0.75);
#1762 = AXIS2_PLACEMENT_3D('',#1763,#1764,#1765);
#1763 = CARTESIAN_POINT('',(181.15,-86.3,0.));
#1764 = DIRECTION('',(-0.,0.,-1.));
#1765 = DIRECTION('',(-0.,-1.,0.));
#1766 = ORIENTED_EDGE('',*,*,#1767,.T.);
#1767 = EDGE_CURVE('',#1759,#1768,#1770,.T.);
#1768 = VERTEX_POINT('',#1769);
#1769 = CARTESIAN_POINT('',(179.85,-87.05,0.));
#1770 = LINE('',#1771,#1772);
#1771 = CARTESIAN_POINT('',(89.925,-87.05,0.));
#1772 = VECTOR('',#1773,1.);
#1773 = DIRECTION('',(-1.,0.,0.));
#1774 = ORIENTED_EDGE('',*,*,#1775,.T.);
#1775 = EDGE_CURVE('',#1768,#1776,#1778,.T.);
#1776 = VERTEX_POINT('',#1777);
#1777 = CARTESIAN_POINT('',(179.85,-85.55,0.));
#1778 = CIRCLE('',#1779,0.75);
#1779 = AXIS2_PLACEMENT_3D('',#1780,#1781,#1782);
#1780 = CARTESIAN_POINT('',(179.85,-86.3,0.));
#1781 = DIRECTION('',(-0.,0.,-1.));
#1782 = DIRECTION('',(0.,1.,0.));
#1783 = ORIENTED_EDGE('',*,*,#1784,.T.);
#1784 = EDGE_CURVE('',#1776,#1757,#1785,.T.);
#1785 = LINE('',#1786,#1787);
#1786 = CARTESIAN_POINT('',(90.575,-85.55,0.));
#1787 = VECTOR('',#1788,1.);
#1788 = DIRECTION('',(1.,0.,-0.));
#1789 = FACE_BOUND('',#1790,.F.);
#1790 = EDGE_LOOP('',(#1791));
#1791 = ORIENTED_EDGE('',*,*,#1792,.T.);
#1792 = EDGE_CURVE('',#1793,#1793,#1795,.T.);
#1793 = VERTEX_POINT('',#1794);
#1794 = CARTESIAN_POINT('',(112.,-79.59,0.));
#1795 = CIRCLE('',#1796,0.4);
#1796 = AXIS2_PLACEMENT_3D('',#1797,#1798,#1799);
#1797 = CARTESIAN_POINT('',(112.,-79.19,0.));
#1798 = DIRECTION('',(-0.,0.,-1.));
#1799 = DIRECTION('',(-0.,-1.,0.));
#1800 = FACE_BOUND('',#1801,.F.);
#1801 = EDGE_LOOP('',(#1802));
#1802 = ORIENTED_EDGE('',*,*,#1803,.T.);
#1803 = EDGE_CURVE('',#1804,#1804,#1806,.T.);
#1804 = VERTEX_POINT('',#1805);
#1805 = CARTESIAN_POINT('',(117.61,-80.71,0.));
#1806 = CIRCLE('',#1807,0.75);
#1807 = AXIS2_PLACEMENT_3D('',#1808,#1809,#1810);
#1808 = CARTESIAN_POINT('',(117.61,-79.96,0.));
#1809 = DIRECTION('',(-0.,0.,-1.));
#1810 = DIRECTION('',(-0.,-1.,0.));
#1811 = FACE_BOUND('',#1812,.F.);
#1812 = EDGE_LOOP('',(#1813));
#1813 = ORIENTED_EDGE('',*,*,#1814,.T.);
#1814 = EDGE_CURVE('',#1815,#1815,#1817,.T.);
#1815 = VERTEX_POINT('',#1816);
#1816 = CARTESIAN_POINT('',(123.96,-78.17,0.));
#1817 = CIRCLE('',#1818,0.75);
#1818 = AXIS2_PLACEMENT_3D('',#1819,#1820,#1821);
#1819 = CARTESIAN_POINT('',(123.96,-77.42,0.));
#1820 = DIRECTION('',(-0.,0.,-1.));
#1821 = DIRECTION('',(-0.,-1.,0.));
#1822 = FACE_BOUND('',#1823,.F.);
#1823 = EDGE_LOOP('',(#1824));
#1824 = ORIENTED_EDGE('',*,*,#1825,.T.);
#1825 = EDGE_CURVE('',#1826,#1826,#1828,.T.);
#1826 = VERTEX_POINT('',#1827);
#1827 = CARTESIAN_POINT('',(113.75,-71.,0.));
#1828 = CIRCLE('',#1829,0.5);
#1829 = AXIS2_PLACEMENT_3D('',#1830,#1831,#1832);
#1830 = CARTESIAN_POINT('',(113.75,-70.5,0.));
#1831 = DIRECTION('',(-0.,0.,-1.));
#1832 = DIRECTION('',(-0.,-1.,0.));
#1833 = FACE_BOUND('',#1834,.F.);
#1834 = EDGE_LOOP('',(#1835));
#1835 = ORIENTED_EDGE('',*,*,#1836,.T.);
#1836 = EDGE_CURVE('',#1837,#1837,#1839,.T.);
#1837 = VERTEX_POINT('',#1838);
#1838 = CARTESIAN_POINT('',(113.75,-68.46,0.));
#1839 = CIRCLE('',#1840,0.5);
#1840 = AXIS2_PLACEMENT_3D('',#1841,#1842,#1843);
#1841 = CARTESIAN_POINT('',(113.75,-67.96,0.));
#1842 = DIRECTION('',(-0.,0.,-1.));
#1843 = DIRECTION('',(-0.,-1.,0.));
#1844 = FACE_BOUND('',#1845,.F.);
#1845 = EDGE_LOOP('',(#1846));
#1846 = ORIENTED_EDGE('',*,*,#1847,.T.);
#1847 = EDGE_CURVE('',#1848,#1848,#1850,.T.);
#1848 = VERTEX_POINT('',#1849);
#1849 = CARTESIAN_POINT('',(129.,-71.,0.));
#1850 = CIRCLE('',#1851,0.5);
#1851 = AXIS2_PLACEMENT_3D('',#1852,#1853,#1854);
#1852 = CARTESIAN_POINT('',(129.,-70.5,0.));
#1853 = DIRECTION('',(-0.,0.,-1.));
#1854 = DIRECTION('',(-0.,-1.,0.));
#1855 = FACE_BOUND('',#1856,.F.);
#1856 = EDGE_LOOP('',(#1857));
#1857 = ORIENTED_EDGE('',*,*,#1858,.T.);
#1858 = EDGE_CURVE('',#1859,#1859,#1861,.T.);
#1859 = VERTEX_POINT('',#1860);
#1860 = CARTESIAN_POINT('',(129.,-68.46,0.));
#1861 = CIRCLE('',#1862,0.5);
#1862 = AXIS2_PLACEMENT_3D('',#1863,#1864,#1865);
#1863 = CARTESIAN_POINT('',(129.,-67.96,0.));
#1864 = DIRECTION('',(-0.,0.,-1.));
#1865 = DIRECTION('',(-0.,-1.,0.));
#1866 = FACE_BOUND('',#1867,.F.);
#1867 = EDGE_LOOP('',(#1868));
#1868 = ORIENTED_EDGE('',*,*,#1869,.T.);
#1869 = EDGE_CURVE('',#1870,#1870,#1872,.T.);
#1870 = VERTEX_POINT('',#1871);
#1871 = CARTESIAN_POINT('',(131.5,-79.59,0.));
#1872 = CIRCLE('',#1873,0.4);
#1873 = AXIS2_PLACEMENT_3D('',#1874,#1875,#1876);
#1874 = CARTESIAN_POINT('',(131.5,-79.19,0.));
#1875 = DIRECTION('',(-0.,0.,-1.));
#1876 = DIRECTION('',(-0.,-1.,0.));
#1877 = FACE_BOUND('',#1878,.F.);
#1878 = EDGE_LOOP('',(#1879));
#1879 = ORIENTED_EDGE('',*,*,#1880,.T.);
#1880 = EDGE_CURVE('',#1881,#1881,#1883,.T.);
#1881 = VERTEX_POINT('',#1882);
#1882 = CARTESIAN_POINT('',(137.61,-80.71,0.));
#1883 = CIRCLE('',#1884,0.75);
#1884 = AXIS2_PLACEMENT_3D('',#1885,#1886,#1887);
#1885 = CARTESIAN_POINT('',(137.61,-79.96,0.));
#1886 = DIRECTION('',(-0.,0.,-1.));
#1887 = DIRECTION('',(-0.,-1.,0.));
#1888 = FACE_BOUND('',#1889,.F.);
#1889 = EDGE_LOOP('',(#1890));
#1890 = ORIENTED_EDGE('',*,*,#1891,.T.);
#1891 = EDGE_CURVE('',#1892,#1892,#1894,.T.);
#1892 = VERTEX_POINT('',#1893);
#1893 = CARTESIAN_POINT('',(146.5,-83.35,0.));
#1894 = CIRCLE('',#1895,0.85);
#1895 = AXIS2_PLACEMENT_3D('',#1896,#1897,#1898);
#1896 = CARTESIAN_POINT('',(146.5,-82.5,0.));
#1897 = DIRECTION('',(-0.,0.,-1.));
#1898 = DIRECTION('',(-0.,-1.,0.));
#1899 = FACE_BOUND('',#1900,.F.);
#1900 = EDGE_LOOP('',(#1901));
#1901 = ORIENTED_EDGE('',*,*,#1902,.T.);
#1902 = EDGE_CURVE('',#1903,#1903,#1905,.T.);
#1903 = VERTEX_POINT('',#1904);
#1904 = CARTESIAN_POINT('',(143.96,-78.17,0.));
#1905 = CIRCLE('',#1906,0.75);
#1906 = AXIS2_PLACEMENT_3D('',#1907,#1908,#1909);
#1907 = CARTESIAN_POINT('',(143.96,-77.42,0.));
#1908 = DIRECTION('',(-0.,0.,-1.));
#1909 = DIRECTION('',(-0.,-1.,0.));
#1910 = FACE_BOUND('',#1911,.F.);
#1911 = EDGE_LOOP('',(#1912));
#1912 = ORIENTED_EDGE('',*,*,#1913,.T.);
#1913 = EDGE_CURVE('',#1914,#1914,#1916,.T.);
#1914 = VERTEX_POINT('',#1915);
#1915 = CARTESIAN_POINT('',(113.75,-65.92,0.));
#1916 = CIRCLE('',#1917,0.5);
#1917 = AXIS2_PLACEMENT_3D('',#1918,#1919,#1920);
#1918 = CARTESIAN_POINT('',(113.75,-65.42,0.));
#1919 = DIRECTION('',(-0.,0.,-1.));
#1920 = DIRECTION('',(-0.,-1.,0.));
#1921 = FACE_BOUND('',#1922,.F.);
#1922 = EDGE_LOOP('',(#1923));
#1923 = ORIENTED_EDGE('',*,*,#1924,.T.);
#1924 = EDGE_CURVE('',#1925,#1925,#1927,.T.);
#1925 = VERTEX_POINT('',#1926);
#1926 = CARTESIAN_POINT('',(113.75,-63.38,0.));
#1927 = CIRCLE('',#1928,0.5);
#1928 = AXIS2_PLACEMENT_3D('',#1929,#1930,#1931);
#1929 = CARTESIAN_POINT('',(113.75,-62.88,0.));
#1930 = DIRECTION('',(-0.,0.,-1.));
#1931 = DIRECTION('',(-0.,-1.,0.));
#1932 = FACE_BOUND('',#1933,.F.);
#1933 = EDGE_LOOP('',(#1934));
#1934 = ORIENTED_EDGE('',*,*,#1935,.T.);
#1935 = EDGE_CURVE('',#1936,#1936,#1938,.T.);
#1936 = VERTEX_POINT('',#1937);
#1937 = CARTESIAN_POINT('',(113.75,-60.84,0.));
#1938 = CIRCLE('',#1939,0.5);
#1939 = AXIS2_PLACEMENT_3D('',#1940,#1941,#1942);
#1940 = CARTESIAN_POINT('',(113.75,-60.34,0.));
#1941 = DIRECTION('',(-0.,0.,-1.));
#1942 = DIRECTION('',(-0.,-1.,0.));
#1943 = FACE_BOUND('',#1944,.F.);
#1944 = EDGE_LOOP('',(#1945));
#1945 = ORIENTED_EDGE('',*,*,#1946,.T.);
#1946 = EDGE_CURVE('',#1947,#1947,#1949,.T.);
#1947 = VERTEX_POINT('',#1948);
#1948 = CARTESIAN_POINT('',(129.,-65.92,0.));
#1949 = CIRCLE('',#1950,0.5);
#1950 = AXIS2_PLACEMENT_3D('',#1951,#1952,#1953);
#1951 = CARTESIAN_POINT('',(129.,-65.42,0.));
#1952 = DIRECTION('',(-0.,0.,-1.));
#1953 = DIRECTION('',(-0.,-1.,0.));
#1954 = FACE_BOUND('',#1955,.F.);
#1955 = EDGE_LOOP('',(#1956));
#1956 = ORIENTED_EDGE('',*,*,#1957,.T.);
#1957 = EDGE_CURVE('',#1958,#1958,#1960,.T.);
#1958 = VERTEX_POINT('',#1959);
#1959 = CARTESIAN_POINT('',(129.,-63.38,0.));
#1960 = CIRCLE('',#1961,0.5);
#1961 = AXIS2_PLACEMENT_3D('',#1962,#1963,#1964);
#1962 = CARTESIAN_POINT('',(129.,-62.88,0.));
#1963 = DIRECTION('',(-0.,0.,-1.));
#1964 = DIRECTION('',(-0.,-1.,0.));
#1965 = FACE_BOUND('',#1966,.F.);
#1966 = EDGE_LOOP('',(#1967));
#1967 = ORIENTED_EDGE('',*,*,#1968,.T.);
#1968 = EDGE_CURVE('',#1969,#1969,#1971,.T.);
#1969 = VERTEX_POINT('',#1970);
#1970 = CARTESIAN_POINT('',(129.,-60.84,0.));
#1971 = CIRCLE('',#1972,0.5);
#1972 = AXIS2_PLACEMENT_3D('',#1973,#1974,#1975);
#1973 = CARTESIAN_POINT('',(129.,-60.34,0.));
#1974 = DIRECTION('',(-0.,0.,-1.));
#1975 = DIRECTION('',(-0.,-1.,0.));
#1976 = FACE_BOUND('',#1977,.F.);
#1977 = EDGE_LOOP('',(#1978));
#1978 = ORIENTED_EDGE('',*,*,#1979,.T.);
#1979 = EDGE_CURVE('',#1980,#1980,#1982,.T.);
#1980 = VERTEX_POINT('',#1981);
#1981 = CARTESIAN_POINT('',(113.75,-58.3,0.));
#1982 = CIRCLE('',#1983,0.5);
#1983 = AXIS2_PLACEMENT_3D('',#1984,#1985,#1986);
#1984 = CARTESIAN_POINT('',(113.75,-57.8,0.));
#1985 = DIRECTION('',(-0.,0.,-1.));
#1986 = DIRECTION('',(-0.,-1.,0.));
#1987 = FACE_BOUND('',#1988,.F.);
#1988 = EDGE_LOOP('',(#1989));
#1989 = ORIENTED_EDGE('',*,*,#1990,.T.);
#1990 = EDGE_CURVE('',#1991,#1991,#1993,.T.);
#1991 = VERTEX_POINT('',#1992);
#1992 = CARTESIAN_POINT('',(113.75,-55.76,0.));
#1993 = CIRCLE('',#1994,0.5);
#1994 = AXIS2_PLACEMENT_3D('',#1995,#1996,#1997);
#1995 = CARTESIAN_POINT('',(113.75,-55.26,0.));
#1996 = DIRECTION('',(-0.,0.,-1.));
#1997 = DIRECTION('',(-0.,-1.,0.));
#1998 = FACE_BOUND('',#1999,.F.);
#1999 = EDGE_LOOP('',(#2000));
#2000 = ORIENTED_EDGE('',*,*,#2001,.T.);
#2001 = EDGE_CURVE('',#2002,#2002,#2004,.T.);
#2002 = VERTEX_POINT('',#2003);
#2003 = CARTESIAN_POINT('',(129.,-58.3,0.));
#2004 = CIRCLE('',#2005,0.5);
#2005 = AXIS2_PLACEMENT_3D('',#2006,#2007,#2008);
#2006 = CARTESIAN_POINT('',(129.,-57.8,0.));
#2007 = DIRECTION('',(-0.,0.,-1.));
#2008 = DIRECTION('',(-0.,-1.,0.));
#2009 = FACE_BOUND('',#2010,.F.);
#2010 = EDGE_LOOP('',(#2011));
#2011 = ORIENTED_EDGE('',*,*,#2012,.T.);
#2012 = EDGE_CURVE('',#2013,#2013,#2015,.T.);
#2013 = VERTEX_POINT('',#2014);
#2014 = CARTESIAN_POINT('',(129.,-55.76,0.));
#2015 = CIRCLE('',#2016,0.5);
#2016 = AXIS2_PLACEMENT_3D('',#2017,#2018,#2019);
#2017 = CARTESIAN_POINT('',(129.,-55.26,0.));
#2018 = DIRECTION('',(-0.,0.,-1.));
#2019 = DIRECTION('',(-0.,-1.,0.));
#2020 = FACE_BOUND('',#2021,.F.);
#2021 = EDGE_LOOP('',(#2022));
#2022 = ORIENTED_EDGE('',*,*,#2023,.T.);
#2023 = EDGE_CURVE('',#2024,#2024,#2026,.T.);
#2024 = VERTEX_POINT('',#2025);
#2025 = CARTESIAN_POINT('',(139.,-64.81,0.));
#2026 = CIRCLE('',#2027,0.5);
#2027 = AXIS2_PLACEMENT_3D('',#2028,#2029,#2030);
#2028 = CARTESIAN_POINT('',(139.,-64.31,0.));
#2029 = DIRECTION('',(-0.,0.,-1.));
#2030 = DIRECTION('',(-0.,-1.,0.));
#2031 = FACE_BOUND('',#2032,.F.);
#2032 = EDGE_LOOP('',(#2033));
#2033 = ORIENTED_EDGE('',*,*,#2034,.T.);
#2034 = EDGE_CURVE('',#2035,#2035,#2037,.T.);
#2035 = VERTEX_POINT('',#2036);
#2036 = CARTESIAN_POINT('',(139.,-62.27,0.));
#2037 = CIRCLE('',#2038,0.5);
#2038 = AXIS2_PLACEMENT_3D('',#2039,#2040,#2041);
#2039 = CARTESIAN_POINT('',(139.,-61.77,0.));
#2040 = DIRECTION('',(-0.,0.,-1.));
#2041 = DIRECTION('',(-0.,-1.,0.));
#2042 = FACE_BOUND('',#2043,.F.);
#2043 = EDGE_LOOP('',(#2044));
#2044 = ORIENTED_EDGE('',*,*,#2045,.T.);
#2045 = EDGE_CURVE('',#2046,#2046,#2048,.T.);
#2046 = VERTEX_POINT('',#2047);
#2047 = CARTESIAN_POINT('',(139.,-59.73,0.));
#2048 = CIRCLE('',#2049,0.5);
#2049 = AXIS2_PLACEMENT_3D('',#2050,#2051,#2052);
#2050 = CARTESIAN_POINT('',(139.,-59.23,0.));
#2051 = DIRECTION('',(-0.,0.,-1.));
#2052 = DIRECTION('',(-0.,-1.,0.));
#2053 = FACE_BOUND('',#2054,.F.);
#2054 = EDGE_LOOP('',(#2055));
#2055 = ORIENTED_EDGE('',*,*,#2056,.T.);
#2056 = EDGE_CURVE('',#2057,#2057,#2059,.T.);
#2057 = VERTEX_POINT('',#2058);
#2058 = CARTESIAN_POINT('',(139.,-57.19,0.));
#2059 = CIRCLE('',#2060,0.5);
#2060 = AXIS2_PLACEMENT_3D('',#2061,#2062,#2063);
#2061 = CARTESIAN_POINT('',(139.,-56.69,0.));
#2062 = DIRECTION('',(-0.,0.,-1.));
#2063 = DIRECTION('',(-0.,-1.,0.));
#2064 = FACE_BOUND('',#2065,.F.);
#2065 = EDGE_LOOP('',(#2066));
#2066 = ORIENTED_EDGE('',*,*,#2067,.T.);
#2067 = EDGE_CURVE('',#2068,#2068,#2070,.T.);
#2068 = VERTEX_POINT('',#2069);
#2069 = CARTESIAN_POINT('',(151.5,-79.78,0.));
#2070 = CIRCLE('',#2071,0.4);
#2071 = AXIS2_PLACEMENT_3D('',#2072,#2073,#2074);
#2072 = CARTESIAN_POINT('',(151.5,-79.38,0.));
#2073 = DIRECTION('',(-0.,0.,-1.));
#2074 = DIRECTION('',(-0.,-1.,0.));
#2075 = FACE_BOUND('',#2076,.F.);
#2076 = EDGE_LOOP('',(#2077));
#2077 = ORIENTED_EDGE('',*,*,#2078,.T.);
#2078 = EDGE_CURVE('',#2079,#2079,#2081,.T.);
#2079 = VERTEX_POINT('',#2080);
#2080 = CARTESIAN_POINT('',(157.61,-80.71,0.));
#2081 = CIRCLE('',#2082,0.75);
#2082 = AXIS2_PLACEMENT_3D('',#2083,#2084,#2085);
#2083 = CARTESIAN_POINT('',(157.61,-79.96,0.));
#2084 = DIRECTION('',(-0.,0.,-1.));
#2085 = DIRECTION('',(-0.,-1.,0.));
#2086 = FACE_BOUND('',#2087,.F.);
#2087 = EDGE_LOOP('',(#2088));
#2088 = ORIENTED_EDGE('',*,*,#2089,.T.);
#2089 = EDGE_CURVE('',#2090,#2090,#2092,.T.);
#2090 = VERTEX_POINT('',#2091);
#2091 = CARTESIAN_POINT('',(166.5,-83.35,0.));
#2092 = CIRCLE('',#2093,0.85);
#2093 = AXIS2_PLACEMENT_3D('',#2094,#2095,#2096);
#2094 = CARTESIAN_POINT('',(166.5,-82.5,0.));
#2095 = DIRECTION('',(-0.,0.,-1.));
#2096 = DIRECTION('',(-0.,-1.,0.));
#2097 = FACE_BOUND('',#2098,.F.);
#2098 = EDGE_LOOP('',(#2099));
#2099 = ORIENTED_EDGE('',*,*,#2100,.T.);
#2100 = EDGE_CURVE('',#2101,#2101,#2103,.T.);
#2101 = VERTEX_POINT('',#2102);
#2102 = CARTESIAN_POINT('',(163.96,-78.17,0.));
#2103 = CIRCLE('',#2104,0.75);
#2104 = AXIS2_PLACEMENT_3D('',#2105,#2106,#2107);
#2105 = CARTESIAN_POINT('',(163.96,-77.42,0.));
#2106 = DIRECTION('',(-0.,0.,-1.));
#2107 = DIRECTION('',(-0.,-1.,0.));
#2108 = FACE_BOUND('',#2109,.F.);
#2109 = EDGE_LOOP('',(#2110));
#2110 = ORIENTED_EDGE('',*,*,#2111,.T.);
#2111 = EDGE_CURVE('',#2112,#2112,#2114,.T.);
#2112 = VERTEX_POINT('',#2113);
#2113 = CARTESIAN_POINT('',(152.69,-70.4,0.));
#2114 = CIRCLE('',#2115,0.4);
#2115 = AXIS2_PLACEMENT_3D('',#2116,#2117,#2118);
#2116 = CARTESIAN_POINT('',(152.69,-70.,0.));
#2117 = DIRECTION('',(-0.,0.,-1.));
#2118 = DIRECTION('',(-0.,-1.,0.));
#2119 = FACE_BOUND('',#2120,.F.);
#2120 = EDGE_LOOP('',(#2121));
#2121 = ORIENTED_EDGE('',*,*,#2122,.T.);
#2122 = EDGE_CURVE('',#2123,#2123,#2125,.T.);
#2123 = VERTEX_POINT('',#2124);
#2124 = CARTESIAN_POINT('',(160.31,-70.4,0.));
#2125 = CIRCLE('',#2126,0.4);
#2126 = AXIS2_PLACEMENT_3D('',#2127,#2128,#2129);
#2127 = CARTESIAN_POINT('',(160.31,-70.,0.));
#2128 = DIRECTION('',(-0.,0.,-1.));
#2129 = DIRECTION('',(-0.,-1.,0.));
#2130 = FACE_BOUND('',#2131,.F.);
#2131 = EDGE_LOOP('',(#2132));
#2132 = ORIENTED_EDGE('',*,*,#2133,.T.);
#2133 = EDGE_CURVE('',#2134,#2134,#2136,.T.);
#2134 = VERTEX_POINT('',#2135);
#2135 = CARTESIAN_POINT('',(188.5,-54.1,0.));
#2136 = CIRCLE('',#2137,1.1);
#2137 = AXIS2_PLACEMENT_3D('',#2138,#2139,#2140);
#2138 = CARTESIAN_POINT('',(188.5,-53.,0.));
#2139 = DIRECTION('',(-0.,0.,-1.));
#2140 = DIRECTION('',(-0.,-1.,0.));
#2141 = PLANE('',#2142);
#2142 = AXIS2_PLACEMENT_3D('',#2143,#2144,#2145);
#2143 = CARTESIAN_POINT('',(0.,0.,0.));
#2144 = DIRECTION('',(0.,0.,1.));
#2145 = DIRECTION('',(1.,0.,-0.));
#2146 = ADVANCED_FACE('',(#2147,#2158,#2169,#2180,#2191,#2202,#2213,
    #2224,#2235,#2246,#2257,#2268,#2279,#2290,#2301,#2312,#2323,#2334,
    #2345,#2356,#2367,#2378,#2389,#2400,#2411,#2422,#2433,#2444,#2455,
    #2466,#2477,#2488,#2499,#2510,#2521,#2532,#2543,#2579,#2590,#2601,
    #2612,#2648,#2659,#2670,#2681,#2692,#2703,#2714,#2725,#2736,#2747,
    #2758,#2769,#2780,#2791,#2802,#2813,#2824,#2835,#2846,#2857,#2868,
    #2879,#2890,#2901,#2912,#2923,#2934,#2945,#2956,#2967,#2978,#2989),
  #3000,.T.);
#2147 = FACE_BOUND('',#2148,.T.);
#2148 = EDGE_LOOP('',(#2149,#2150,#2151,#2157));
#2149 = ORIENTED_EDGE('',*,*,#1199,.F.);
#2150 = ORIENTED_EDGE('',*,*,#1239,.F.);
#2151 = ORIENTED_EDGE('',*,*,#2152,.F.);
#2152 = EDGE_CURVE('',#1262,#1232,#2153,.T.);
#2153 = LINE('',#2154,#2155);
#2154 = CARTESIAN_POINT('',(108.5,-51.,1.51));
#2155 = VECTOR('',#2156,1.);
#2156 = DIRECTION('',(1.,0.,0.));
#2157 = ORIENTED_EDGE('',*,*,#1261,.F.);
#2158 = FACE_BOUND('',#2159,.T.);
#2159 = EDGE_LOOP('',(#2160));
#2160 = ORIENTED_EDGE('',*,*,#2161,.T.);
#2161 = EDGE_CURVE('',#2162,#2162,#2164,.T.);
#2162 = VERTEX_POINT('',#2163);
#2163 = CARTESIAN_POINT('',(110.5,-113.1,1.51));
#2164 = CIRCLE('',#2165,1.1);
#2165 = AXIS2_PLACEMENT_3D('',#2166,#2167,#2168);
#2166 = CARTESIAN_POINT('',(110.5,-112.,1.51));
#2167 = DIRECTION('',(-0.,0.,-1.));
#2168 = DIRECTION('',(-0.,-1.,0.));
#2169 = FACE_BOUND('',#2170,.T.);
#2170 = EDGE_LOOP('',(#2171));
#2171 = ORIENTED_EDGE('',*,*,#2172,.T.);
#2172 = EDGE_CURVE('',#2173,#2173,#2175,.T.);
#2173 = VERTEX_POINT('',#2174);
#2174 = CARTESIAN_POINT('',(111.5,-107.4,1.51));
#2175 = CIRCLE('',#2176,0.4);
#2176 = AXIS2_PLACEMENT_3D('',#2177,#2178,#2179);
#2177 = CARTESIAN_POINT('',(111.5,-107.,1.51));
#2178 = DIRECTION('',(-0.,0.,-1.));
#2179 = DIRECTION('',(-0.,-1.,0.));
#2180 = FACE_BOUND('',#2181,.T.);
#2181 = EDGE_LOOP('',(#2182));
#2182 = ORIENTED_EDGE('',*,*,#2183,.T.);
#2183 = EDGE_CURVE('',#2184,#2184,#2186,.T.);
#2184 = VERTEX_POINT('',#2185);
#2185 = CARTESIAN_POINT('',(116.42,-102.85,1.51));
#2186 = CIRCLE('',#2187,0.85);
#2187 = AXIS2_PLACEMENT_3D('',#2188,#2189,#2190);
#2188 = CARTESIAN_POINT('',(116.42,-102.,1.51));
#2189 = DIRECTION('',(-0.,0.,-1.));
#2190 = DIRECTION('',(1.671865260612E-14,-1.,-0.));
#2191 = FACE_BOUND('',#2192,.T.);
#2192 = EDGE_LOOP('',(#2193));
#2193 = ORIENTED_EDGE('',*,*,#2194,.T.);
#2194 = EDGE_CURVE('',#2195,#2195,#2197,.T.);
#2195 = VERTEX_POINT('',#2196);
#2196 = CARTESIAN_POINT('',(111.5,-99.78,1.51));
#2197 = CIRCLE('',#2198,0.4);
#2198 = AXIS2_PLACEMENT_3D('',#2199,#2200,#2201);
#2199 = CARTESIAN_POINT('',(111.5,-99.38,1.51));
#2200 = DIRECTION('',(-0.,0.,-1.));
#2201 = DIRECTION('',(-0.,-1.,0.));
#2202 = FACE_BOUND('',#2203,.T.);
#2203 = EDGE_LOOP('',(#2204));
#2204 = ORIENTED_EDGE('',*,*,#2205,.T.);
#2205 = EDGE_CURVE('',#2206,#2206,#2208,.T.);
#2206 = VERTEX_POINT('',#2207);
#2207 = CARTESIAN_POINT('',(117.69,-100.21,1.51));
#2208 = CIRCLE('',#2209,0.75);
#2209 = AXIS2_PLACEMENT_3D('',#2210,#2211,#2212);
#2210 = CARTESIAN_POINT('',(117.69,-99.46,1.51));
#2211 = DIRECTION('',(-0.,0.,-1.));
#2212 = DIRECTION('',(-0.,-1.,0.));
#2213 = FACE_BOUND('',#2214,.T.);
#2214 = EDGE_LOOP('',(#2215));
#2215 = ORIENTED_EDGE('',*,*,#2216,.T.);
#2216 = EDGE_CURVE('',#2217,#2217,#2219,.T.);
#2217 = VERTEX_POINT('',#2218);
#2218 = CARTESIAN_POINT('',(121.5,-104.,1.51));
#2219 = CIRCLE('',#2220,2.);
#2220 = AXIS2_PLACEMENT_3D('',#2221,#2222,#2223);
#2221 = CARTESIAN_POINT('',(121.5,-102.,1.51));
#2222 = DIRECTION('',(-0.,0.,-1.));
#2223 = DIRECTION('',(-0.,-1.,0.));
#2224 = FACE_BOUND('',#2225,.T.);
#2225 = EDGE_LOOP('',(#2226));
#2226 = ORIENTED_EDGE('',*,*,#2227,.T.);
#2227 = EDGE_CURVE('',#2228,#2228,#2230,.T.);
#2228 = VERTEX_POINT('',#2229);
#2229 = CARTESIAN_POINT('',(126.58,-102.85,1.51));
#2230 = CIRCLE('',#2231,0.85);
#2231 = AXIS2_PLACEMENT_3D('',#2232,#2233,#2234);
#2232 = CARTESIAN_POINT('',(126.58,-102.,1.51));
#2233 = DIRECTION('',(-0.,0.,-1.));
#2234 = DIRECTION('',(-1.671865260612E-14,-1.,0.));
#2235 = FACE_BOUND('',#2236,.T.);
#2236 = EDGE_LOOP('',(#2237));
#2237 = ORIENTED_EDGE('',*,*,#2238,.T.);
#2238 = EDGE_CURVE('',#2239,#2239,#2241,.T.);
#2239 = VERTEX_POINT('',#2240);
#2240 = CARTESIAN_POINT('',(131.5,-107.21,1.51));
#2241 = CIRCLE('',#2242,0.4);
#2242 = AXIS2_PLACEMENT_3D('',#2243,#2244,#2245);
#2243 = CARTESIAN_POINT('',(131.5,-106.81,1.51));
#2244 = DIRECTION('',(-0.,0.,-1.));
#2245 = DIRECTION('',(-0.,-1.,0.));
#2246 = FACE_BOUND('',#2247,.T.);
#2247 = EDGE_LOOP('',(#2248));
#2248 = ORIENTED_EDGE('',*,*,#2249,.T.);
#2249 = EDGE_CURVE('',#2250,#2250,#2252,.T.);
#2250 = VERTEX_POINT('',#2251);
#2251 = CARTESIAN_POINT('',(136.42,-102.85,1.51));
#2252 = CIRCLE('',#2253,0.85);
#2253 = AXIS2_PLACEMENT_3D('',#2254,#2255,#2256);
#2254 = CARTESIAN_POINT('',(136.42,-102.,1.51));
#2255 = DIRECTION('',(-0.,0.,-1.));
#2256 = DIRECTION('',(-3.343730521224E-14,-1.,0.));
#2257 = FACE_BOUND('',#2258,.T.);
#2258 = EDGE_LOOP('',(#2259));
#2259 = ORIENTED_EDGE('',*,*,#2260,.T.);
#2260 = EDGE_CURVE('',#2261,#2261,#2263,.T.);
#2261 = VERTEX_POINT('',#2262);
#2262 = CARTESIAN_POINT('',(131.5,-99.59,1.51));
#2263 = CIRCLE('',#2264,0.4);
#2264 = AXIS2_PLACEMENT_3D('',#2265,#2266,#2267);
#2265 = CARTESIAN_POINT('',(131.5,-99.19,1.51));
#2266 = DIRECTION('',(-0.,0.,-1.));
#2267 = DIRECTION('',(-0.,-1.,0.));
#2268 = FACE_BOUND('',#2269,.T.);
#2269 = EDGE_LOOP('',(#2270));
#2270 = ORIENTED_EDGE('',*,*,#2271,.T.);
#2271 = EDGE_CURVE('',#2272,#2272,#2274,.T.);
#2272 = VERTEX_POINT('',#2273);
#2273 = CARTESIAN_POINT('',(137.69,-100.21,1.51));
#2274 = CIRCLE('',#2275,0.75);
#2275 = AXIS2_PLACEMENT_3D('',#2276,#2277,#2278);
#2276 = CARTESIAN_POINT('',(137.69,-99.46,1.51));
#2277 = DIRECTION('',(-0.,0.,-1.));
#2278 = DIRECTION('',(-0.,-1.,0.));
#2279 = FACE_BOUND('',#2280,.T.);
#2280 = EDGE_LOOP('',(#2281));
#2281 = ORIENTED_EDGE('',*,*,#2282,.T.);
#2282 = EDGE_CURVE('',#2283,#2283,#2285,.T.);
#2283 = VERTEX_POINT('',#2284);
#2284 = CARTESIAN_POINT('',(141.5,-104.,1.51));
#2285 = CIRCLE('',#2286,2.);
#2286 = AXIS2_PLACEMENT_3D('',#2287,#2288,#2289);
#2287 = CARTESIAN_POINT('',(141.5,-102.,1.51));
#2288 = DIRECTION('',(-0.,0.,-1.));
#2289 = DIRECTION('',(-0.,-1.,0.));
#2290 = FACE_BOUND('',#2291,.T.);
#2291 = EDGE_LOOP('',(#2292));
#2292 = ORIENTED_EDGE('',*,*,#2293,.T.);
#2293 = EDGE_CURVE('',#2294,#2294,#2296,.T.);
#2294 = VERTEX_POINT('',#2295);
#2295 = CARTESIAN_POINT('',(146.58,-102.85,1.51));
#2296 = CIRCLE('',#2297,0.85);
#2297 = AXIS2_PLACEMENT_3D('',#2298,#2299,#2300);
#2298 = CARTESIAN_POINT('',(146.58,-102.,1.51));
#2299 = DIRECTION('',(-0.,0.,-1.));
#2300 = DIRECTION('',(3.343730521224E-14,-1.,-0.));
#2301 = FACE_BOUND('',#2302,.T.);
#2302 = EDGE_LOOP('',(#2303));
#2303 = ORIENTED_EDGE('',*,*,#2304,.T.);
#2304 = EDGE_CURVE('',#2305,#2305,#2307,.T.);
#2305 = VERTEX_POINT('',#2306);
#2306 = CARTESIAN_POINT('',(124.04,-97.67,1.51));
#2307 = CIRCLE('',#2308,0.75);
#2308 = AXIS2_PLACEMENT_3D('',#2309,#2310,#2311);
#2309 = CARTESIAN_POINT('',(124.04,-96.92,1.51));
#2310 = DIRECTION('',(-0.,0.,-1.));
#2311 = DIRECTION('',(-0.,-1.,0.));
#2312 = FACE_BOUND('',#2313,.T.);
#2313 = EDGE_LOOP('',(#2314));
#2314 = ORIENTED_EDGE('',*,*,#2315,.T.);
#2315 = EDGE_CURVE('',#2316,#2316,#2318,.T.);
#2316 = VERTEX_POINT('',#2317);
#2317 = CARTESIAN_POINT('',(112.,-87.21,1.51));
#2318 = CIRCLE('',#2319,0.4);
#2319 = AXIS2_PLACEMENT_3D('',#2320,#2321,#2322);
#2320 = CARTESIAN_POINT('',(112.,-86.81,1.51));
#2321 = DIRECTION('',(-0.,0.,-1.));
#2322 = DIRECTION('',(-0.,-1.,0.));
#2323 = FACE_BOUND('',#2324,.T.);
#2324 = EDGE_LOOP('',(#2325));
#2325 = ORIENTED_EDGE('',*,*,#2326,.T.);
#2326 = EDGE_CURVE('',#2327,#2327,#2329,.T.);
#2327 = VERTEX_POINT('',#2328);
#2328 = CARTESIAN_POINT('',(116.34,-83.35,1.51));
#2329 = CIRCLE('',#2330,0.85);
#2330 = AXIS2_PLACEMENT_3D('',#2331,#2332,#2333);
#2331 = CARTESIAN_POINT('',(116.34,-82.5,1.51));
#2332 = DIRECTION('',(-0.,0.,-1.));
#2333 = DIRECTION('',(-0.,-1.,0.));
#2334 = FACE_BOUND('',#2335,.T.);
#2335 = EDGE_LOOP('',(#2336));
#2336 = ORIENTED_EDGE('',*,*,#2337,.T.);
#2337 = EDGE_CURVE('',#2338,#2338,#2340,.T.);
#2338 = VERTEX_POINT('',#2339);
#2339 = CARTESIAN_POINT('',(121.42,-84.5,1.51));
#2340 = CIRCLE('',#2341,2.);
#2341 = AXIS2_PLACEMENT_3D('',#2342,#2343,#2344);
#2342 = CARTESIAN_POINT('',(121.42,-82.5,1.51));
#2343 = DIRECTION('',(-0.,0.,-1.));
#2344 = DIRECTION('',(-0.,-1.,0.));
#2345 = FACE_BOUND('',#2346,.T.);
#2346 = EDGE_LOOP('',(#2347));
#2347 = ORIENTED_EDGE('',*,*,#2348,.T.);
#2348 = EDGE_CURVE('',#2349,#2349,#2351,.T.);
#2349 = VERTEX_POINT('',#2350);
#2350 = CARTESIAN_POINT('',(126.5,-83.35,1.51));
#2351 = CIRCLE('',#2352,0.85);
#2352 = AXIS2_PLACEMENT_3D('',#2353,#2354,#2355);
#2353 = CARTESIAN_POINT('',(126.5,-82.5,1.51));
#2354 = DIRECTION('',(-0.,0.,-1.));
#2355 = DIRECTION('',(-0.,-1.,0.));
#2356 = FACE_BOUND('',#2357,.T.);
#2357 = EDGE_LOOP('',(#2358));
#2358 = ORIENTED_EDGE('',*,*,#2359,.T.);
#2359 = EDGE_CURVE('',#2360,#2360,#2362,.T.);
#2360 = VERTEX_POINT('',#2361);
#2361 = CARTESIAN_POINT('',(144.04,-97.67,1.51));
#2362 = CIRCLE('',#2363,0.75);
#2363 = AXIS2_PLACEMENT_3D('',#2364,#2365,#2366);
#2364 = CARTESIAN_POINT('',(144.04,-96.92,1.51));
#2365 = DIRECTION('',(-0.,0.,-1.));
#2366 = DIRECTION('',(-0.,-1.,0.));
#2367 = FACE_BOUND('',#2368,.T.);
#2368 = EDGE_LOOP('',(#2369));
#2369 = ORIENTED_EDGE('',*,*,#2370,.T.);
#2370 = EDGE_CURVE('',#2371,#2371,#2373,.T.);
#2371 = VERTEX_POINT('',#2372);
#2372 = CARTESIAN_POINT('',(131.5,-87.21,1.51));
#2373 = CIRCLE('',#2374,0.4);
#2374 = AXIS2_PLACEMENT_3D('',#2375,#2376,#2377);
#2375 = CARTESIAN_POINT('',(131.5,-86.81,1.51));
#2376 = DIRECTION('',(-0.,0.,-1.));
#2377 = DIRECTION('',(-0.,-1.,0.));
#2378 = FACE_BOUND('',#2379,.T.);
#2379 = EDGE_LOOP('',(#2380));
#2380 = ORIENTED_EDGE('',*,*,#2381,.T.);
#2381 = EDGE_CURVE('',#2382,#2382,#2384,.T.);
#2382 = VERTEX_POINT('',#2383);
#2383 = CARTESIAN_POINT('',(136.34,-83.35,1.51));
#2384 = CIRCLE('',#2385,0.85);
#2385 = AXIS2_PLACEMENT_3D('',#2386,#2387,#2388);
#2386 = CARTESIAN_POINT('',(136.34,-82.5,1.51));
#2387 = DIRECTION('',(-0.,0.,-1.));
#2388 = DIRECTION('',(-0.,-1.,0.));
#2389 = FACE_BOUND('',#2390,.T.);
#2390 = EDGE_LOOP('',(#2391));
#2391 = ORIENTED_EDGE('',*,*,#2392,.T.);
#2392 = EDGE_CURVE('',#2393,#2393,#2395,.T.);
#2393 = VERTEX_POINT('',#2394);
#2394 = CARTESIAN_POINT('',(141.42,-84.5,1.51));
#2395 = CIRCLE('',#2396,2.);
#2396 = AXIS2_PLACEMENT_3D('',#2397,#2398,#2399);
#2397 = CARTESIAN_POINT('',(141.42,-82.5,1.51));
#2398 = DIRECTION('',(-0.,0.,-1.));
#2399 = DIRECTION('',(-0.,-1.,0.));
#2400 = FACE_BOUND('',#2401,.T.);
#2401 = EDGE_LOOP('',(#2402));
#2402 = ORIENTED_EDGE('',*,*,#2403,.T.);
#2403 = EDGE_CURVE('',#2404,#2404,#2406,.T.);
#2404 = VERTEX_POINT('',#2405);
#2405 = CARTESIAN_POINT('',(152.5,-107.21,1.51));
#2406 = CIRCLE('',#2407,0.4);
#2407 = AXIS2_PLACEMENT_3D('',#2408,#2409,#2410);
#2408 = CARTESIAN_POINT('',(152.5,-106.81,1.51));
#2409 = DIRECTION('',(-0.,0.,-1.));
#2410 = DIRECTION('',(-0.,-1.,0.));
#2411 = FACE_BOUND('',#2412,.T.);
#2412 = EDGE_LOOP('',(#2413));
#2413 = ORIENTED_EDGE('',*,*,#2414,.T.);
#2414 = EDGE_CURVE('',#2415,#2415,#2417,.T.);
#2415 = VERTEX_POINT('',#2416);
#2416 = CARTESIAN_POINT('',(156.34,-102.85,1.51));
#2417 = CIRCLE('',#2418,0.85);
#2418 = AXIS2_PLACEMENT_3D('',#2419,#2420,#2421);
#2419 = CARTESIAN_POINT('',(156.34,-102.,1.51));
#2420 = DIRECTION('',(-0.,0.,-1.));
#2421 = DIRECTION('',(-0.,-1.,0.));
#2422 = FACE_BOUND('',#2423,.T.);
#2423 = EDGE_LOOP('',(#2424));
#2424 = ORIENTED_EDGE('',*,*,#2425,.T.);
#2425 = EDGE_CURVE('',#2426,#2426,#2428,.T.);
#2426 = VERTEX_POINT('',#2427);
#2427 = CARTESIAN_POINT('',(152.5,-99.59,1.51));
#2428 = CIRCLE('',#2429,0.4);
#2429 = AXIS2_PLACEMENT_3D('',#2430,#2431,#2432);
#2430 = CARTESIAN_POINT('',(152.5,-99.19,1.51));
#2431 = DIRECTION('',(-0.,0.,-1.));
#2432 = DIRECTION('',(-0.,-1.,0.));
#2433 = FACE_BOUND('',#2434,.T.);
#2434 = EDGE_LOOP('',(#2435));
#2435 = ORIENTED_EDGE('',*,*,#2436,.T.);
#2436 = EDGE_CURVE('',#2437,#2437,#2439,.T.);
#2437 = VERTEX_POINT('',#2438);
#2438 = CARTESIAN_POINT('',(157.61,-100.21,1.51));
#2439 = CIRCLE('',#2440,0.75);
#2440 = AXIS2_PLACEMENT_3D('',#2441,#2442,#2443);
#2441 = CARTESIAN_POINT('',(157.61,-99.46,1.51));
#2442 = DIRECTION('',(-0.,0.,-1.));
#2443 = DIRECTION('',(-0.,-1.,0.));
#2444 = FACE_BOUND('',#2445,.T.);
#2445 = EDGE_LOOP('',(#2446));
#2446 = ORIENTED_EDGE('',*,*,#2447,.T.);
#2447 = EDGE_CURVE('',#2448,#2448,#2450,.T.);
#2448 = VERTEX_POINT('',#2449);
#2449 = CARTESIAN_POINT('',(161.42,-104.,1.51));
#2450 = CIRCLE('',#2451,2.);
#2451 = AXIS2_PLACEMENT_3D('',#2452,#2453,#2454);
#2452 = CARTESIAN_POINT('',(161.42,-102.,1.51));
#2453 = DIRECTION('',(-0.,0.,-1.));
#2454 = DIRECTION('',(-0.,-1.,0.));
#2455 = FACE_BOUND('',#2456,.T.);
#2456 = EDGE_LOOP('',(#2457));
#2457 = ORIENTED_EDGE('',*,*,#2458,.T.);
#2458 = EDGE_CURVE('',#2459,#2459,#2461,.T.);
#2459 = VERTEX_POINT('',#2460);
#2460 = CARTESIAN_POINT('',(166.5,-102.85,1.51));
#2461 = CIRCLE('',#2462,0.85);
#2462 = AXIS2_PLACEMENT_3D('',#2463,#2464,#2465);
#2463 = CARTESIAN_POINT('',(166.5,-102.,1.51));
#2464 = DIRECTION('',(-0.,0.,-1.));
#2465 = DIRECTION('',(-0.,-1.,0.));
#2466 = FACE_BOUND('',#2467,.T.);
#2467 = EDGE_LOOP('',(#2468));
#2468 = ORIENTED_EDGE('',*,*,#2469,.T.);
#2469 = EDGE_CURVE('',#2470,#2470,#2472,.T.);
#2470 = VERTEX_POINT('',#2471);
#2471 = CARTESIAN_POINT('',(188.5,-113.1,1.51));
#2472 = CIRCLE('',#2473,1.1);
#2473 = AXIS2_PLACEMENT_3D('',#2474,#2475,#2476);
#2474 = CARTESIAN_POINT('',(188.5,-112.,1.51));
#2475 = DIRECTION('',(-0.,0.,-1.));
#2476 = DIRECTION('',(-0.,-1.,0.));
#2477 = FACE_BOUND('',#2478,.T.);
#2478 = EDGE_LOOP('',(#2479));
#2479 = ORIENTED_EDGE('',*,*,#2480,.T.);
#2480 = EDGE_CURVE('',#2481,#2481,#2483,.T.);
#2481 = VERTEX_POINT('',#2482);
#2482 = CARTESIAN_POINT('',(163.96,-97.67,1.51));
#2483 = CIRCLE('',#2484,0.75);
#2484 = AXIS2_PLACEMENT_3D('',#2485,#2486,#2487);
#2485 = CARTESIAN_POINT('',(163.96,-96.92,1.51));
#2486 = DIRECTION('',(-0.,0.,-1.));
#2487 = DIRECTION('',(-0.,-1.,0.));
#2488 = FACE_BOUND('',#2489,.T.);
#2489 = EDGE_LOOP('',(#2490));
#2490 = ORIENTED_EDGE('',*,*,#2491,.T.);
#2491 = EDGE_CURVE('',#2492,#2492,#2494,.T.);
#2492 = VERTEX_POINT('',#2493);
#2493 = CARTESIAN_POINT('',(151.5,-87.4,1.51));
#2494 = CIRCLE('',#2495,0.4);
#2495 = AXIS2_PLACEMENT_3D('',#2496,#2497,#2498);
#2496 = CARTESIAN_POINT('',(151.5,-87.,1.51));
#2497 = DIRECTION('',(-0.,0.,-1.));
#2498 = DIRECTION('',(-0.,-1.,0.));
#2499 = FACE_BOUND('',#2500,.T.);
#2500 = EDGE_LOOP('',(#2501));
#2501 = ORIENTED_EDGE('',*,*,#2502,.T.);
#2502 = EDGE_CURVE('',#2503,#2503,#2505,.T.);
#2503 = VERTEX_POINT('',#2504);
#2504 = CARTESIAN_POINT('',(156.34,-83.35,1.51));
#2505 = CIRCLE('',#2506,0.85);
#2506 = AXIS2_PLACEMENT_3D('',#2507,#2508,#2509);
#2507 = CARTESIAN_POINT('',(156.34,-82.5,1.51));
#2508 = DIRECTION('',(-0.,0.,-1.));
#2509 = DIRECTION('',(-0.,-1.,0.));
#2510 = FACE_BOUND('',#2511,.T.);
#2511 = EDGE_LOOP('',(#2512));
#2512 = ORIENTED_EDGE('',*,*,#2513,.T.);
#2513 = EDGE_CURVE('',#2514,#2514,#2516,.T.);
#2514 = VERTEX_POINT('',#2515);
#2515 = CARTESIAN_POINT('',(161.42,-84.5,1.51));
#2516 = CIRCLE('',#2517,2.);
#2517 = AXIS2_PLACEMENT_3D('',#2518,#2519,#2520);
#2518 = CARTESIAN_POINT('',(161.42,-82.5,1.51));
#2519 = DIRECTION('',(-0.,0.,-1.));
#2520 = DIRECTION('',(-0.,-1.,0.));
#2521 = FACE_BOUND('',#2522,.T.);
#2522 = EDGE_LOOP('',(#2523));
#2523 = ORIENTED_EDGE('',*,*,#2524,.T.);
#2524 = EDGE_CURVE('',#2525,#2525,#2527,.T.);
#2525 = VERTEX_POINT('',#2526);
#2526 = CARTESIAN_POINT('',(173.,-94.9,1.51));
#2527 = CIRCLE('',#2528,0.5);
#2528 = AXIS2_PLACEMENT_3D('',#2529,#2530,#2531);
#2529 = CARTESIAN_POINT('',(173.,-94.4,1.51));
#2530 = DIRECTION('',(-0.,0.,-1.));
#2531 = DIRECTION('',(-0.,-1.,0.));
#2532 = FACE_BOUND('',#2533,.T.);
#2533 = EDGE_LOOP('',(#2534));
#2534 = ORIENTED_EDGE('',*,*,#2535,.T.);
#2535 = EDGE_CURVE('',#2536,#2536,#2538,.T.);
#2536 = VERTEX_POINT('',#2537);
#2537 = CARTESIAN_POINT('',(173.,-92.4,1.51));
#2538 = CIRCLE('',#2539,0.5);
#2539 = AXIS2_PLACEMENT_3D('',#2540,#2541,#2542);
#2540 = CARTESIAN_POINT('',(173.,-91.9,1.51));
#2541 = DIRECTION('',(-0.,0.,-1.));
#2542 = DIRECTION('',(-0.,-1.,0.));
#2543 = FACE_BOUND('',#2544,.T.);
#2544 = EDGE_LOOP('',(#2545,#2556,#2564,#2573));
#2545 = ORIENTED_EDGE('',*,*,#2546,.T.);
#2546 = EDGE_CURVE('',#2547,#2549,#2551,.T.);
#2547 = VERTEX_POINT('',#2548);
#2548 = CARTESIAN_POINT('',(181.15,-96.75,1.51));
#2549 = VERTEX_POINT('',#2550);
#2550 = CARTESIAN_POINT('',(181.15,-98.25,1.51));
#2551 = CIRCLE('',#2552,0.75);
#2552 = AXIS2_PLACEMENT_3D('',#2553,#2554,#2555);
#2553 = CARTESIAN_POINT('',(181.15,-97.5,1.51));
#2554 = DIRECTION('',(-0.,0.,-1.));
#2555 = DIRECTION('',(-0.,-1.,0.));
#2556 = ORIENTED_EDGE('',*,*,#2557,.T.);
#2557 = EDGE_CURVE('',#2549,#2558,#2560,.T.);
#2558 = VERTEX_POINT('',#2559);
#2559 = CARTESIAN_POINT('',(179.85,-98.25,1.51));
#2560 = LINE('',#2561,#2562);
#2561 = CARTESIAN_POINT('',(89.925,-98.25,1.51));
#2562 = VECTOR('',#2563,1.);
#2563 = DIRECTION('',(-1.,0.,0.));
#2564 = ORIENTED_EDGE('',*,*,#2565,.T.);
#2565 = EDGE_CURVE('',#2558,#2566,#2568,.T.);
#2566 = VERTEX_POINT('',#2567);
#2567 = CARTESIAN_POINT('',(179.85,-96.75,1.51));
#2568 = CIRCLE('',#2569,0.75);
#2569 = AXIS2_PLACEMENT_3D('',#2570,#2571,#2572);
#2570 = CARTESIAN_POINT('',(179.85,-97.5,1.51));
#2571 = DIRECTION('',(-0.,0.,-1.));
#2572 = DIRECTION('',(0.,1.,0.));
#2573 = ORIENTED_EDGE('',*,*,#2574,.T.);
#2574 = EDGE_CURVE('',#2566,#2547,#2575,.T.);
#2575 = LINE('',#2576,#2577);
#2576 = CARTESIAN_POINT('',(90.575,-96.75,1.51));
#2577 = VECTOR('',#2578,1.);
#2578 = DIRECTION('',(1.,0.,-0.));
#2579 = FACE_BOUND('',#2580,.T.);
#2580 = EDGE_LOOP('',(#2581));
#2581 = ORIENTED_EDGE('',*,*,#2582,.T.);
#2582 = EDGE_CURVE('',#2583,#2583,#2585,.T.);
#2583 = VERTEX_POINT('',#2584);
#2584 = CARTESIAN_POINT('',(187.5,-94.9,1.51));
#2585 = CIRCLE('',#2586,0.5);
#2586 = AXIS2_PLACEMENT_3D('',#2587,#2588,#2589);
#2587 = CARTESIAN_POINT('',(187.5,-94.4,1.51));
#2588 = DIRECTION('',(-0.,0.,-1.));
#2589 = DIRECTION('',(-0.,-1.,0.));
#2590 = FACE_BOUND('',#2591,.T.);
#2591 = EDGE_LOOP('',(#2592));
#2592 = ORIENTED_EDGE('',*,*,#2593,.T.);
#2593 = EDGE_CURVE('',#2594,#2594,#2596,.T.);
#2594 = VERTEX_POINT('',#2595);
#2595 = CARTESIAN_POINT('',(173.,-89.9,1.51));
#2596 = CIRCLE('',#2597,0.5);
#2597 = AXIS2_PLACEMENT_3D('',#2598,#2599,#2600);
#2598 = CARTESIAN_POINT('',(173.,-89.4,1.51));
#2599 = DIRECTION('',(-0.,0.,-1.));
#2600 = DIRECTION('',(-0.,-1.,0.));
#2601 = FACE_BOUND('',#2602,.T.);
#2602 = EDGE_LOOP('',(#2603));
#2603 = ORIENTED_EDGE('',*,*,#2604,.T.);
#2604 = EDGE_CURVE('',#2605,#2605,#2607,.T.);
#2605 = VERTEX_POINT('',#2606);
#2606 = CARTESIAN_POINT('',(187.5,-89.9,1.51));
#2607 = CIRCLE('',#2608,0.5);
#2608 = AXIS2_PLACEMENT_3D('',#2609,#2610,#2611);
#2609 = CARTESIAN_POINT('',(187.5,-89.4,1.51));
#2610 = DIRECTION('',(-0.,0.,-1.));
#2611 = DIRECTION('',(-0.,-1.,0.));
#2612 = FACE_BOUND('',#2613,.T.);
#2613 = EDGE_LOOP('',(#2614,#2625,#2633,#2642));
#2614 = ORIENTED_EDGE('',*,*,#2615,.T.);
#2615 = EDGE_CURVE('',#2616,#2618,#2620,.T.);
#2616 = VERTEX_POINT('',#2617);
#2617 = CARTESIAN_POINT('',(181.15,-85.55,1.51));
#2618 = VERTEX_POINT('',#2619);
#2619 = CARTESIAN_POINT('',(181.15,-87.05,1.51));
#2620 = CIRCLE('',#2621,0.75);
#2621 = AXIS2_PLACEMENT_3D('',#2622,#2623,#2624);
#2622 = CARTESIAN_POINT('',(181.15,-86.3,1.51));
#2623 = DIRECTION('',(-0.,0.,-1.));
#2624 = DIRECTION('',(-0.,-1.,0.));
#2625 = ORIENTED_EDGE('',*,*,#2626,.T.);
#2626 = EDGE_CURVE('',#2618,#2627,#2629,.T.);
#2627 = VERTEX_POINT('',#2628);
#2628 = CARTESIAN_POINT('',(179.85,-87.05,1.51));
#2629 = LINE('',#2630,#2631);
#2630 = CARTESIAN_POINT('',(89.925,-87.05,1.51));
#2631 = VECTOR('',#2632,1.);
#2632 = DIRECTION('',(-1.,0.,0.));
#2633 = ORIENTED_EDGE('',*,*,#2634,.T.);
#2634 = EDGE_CURVE('',#2627,#2635,#2637,.T.);
#2635 = VERTEX_POINT('',#2636);
#2636 = CARTESIAN_POINT('',(179.85,-85.55,1.51));
#2637 = CIRCLE('',#2638,0.75);
#2638 = AXIS2_PLACEMENT_3D('',#2639,#2640,#2641);
#2639 = CARTESIAN_POINT('',(179.85,-86.3,1.51));
#2640 = DIRECTION('',(-0.,0.,-1.));
#2641 = DIRECTION('',(0.,1.,0.));
#2642 = ORIENTED_EDGE('',*,*,#2643,.T.);
#2643 = EDGE_CURVE('',#2635,#2616,#2644,.T.);
#2644 = LINE('',#2645,#2646);
#2645 = CARTESIAN_POINT('',(90.575,-85.55,1.51));
#2646 = VECTOR('',#2647,1.);
#2647 = DIRECTION('',(1.,0.,-0.));
#2648 = FACE_BOUND('',#2649,.T.);
#2649 = EDGE_LOOP('',(#2650));
#2650 = ORIENTED_EDGE('',*,*,#2651,.T.);
#2651 = EDGE_CURVE('',#2652,#2652,#2654,.T.);
#2652 = VERTEX_POINT('',#2653);
#2653 = CARTESIAN_POINT('',(112.,-79.59,1.51));
#2654 = CIRCLE('',#2655,0.4);
#2655 = AXIS2_PLACEMENT_3D('',#2656,#2657,#2658);
#2656 = CARTESIAN_POINT('',(112.,-79.19,1.51));
#2657 = DIRECTION('',(-0.,0.,-1.));
#2658 = DIRECTION('',(-0.,-1.,0.));
#2659 = FACE_BOUND('',#2660,.T.);
#2660 = EDGE_LOOP('',(#2661));
#2661 = ORIENTED_EDGE('',*,*,#2662,.T.);
#2662 = EDGE_CURVE('',#2663,#2663,#2665,.T.);
#2663 = VERTEX_POINT('',#2664);
#2664 = CARTESIAN_POINT('',(117.61,-80.71,1.51));
#2665 = CIRCLE('',#2666,0.75);
#2666 = AXIS2_PLACEMENT_3D('',#2667,#2668,#2669);
#2667 = CARTESIAN_POINT('',(117.61,-79.96,1.51));
#2668 = DIRECTION('',(-0.,0.,-1.));
#2669 = DIRECTION('',(-0.,-1.,0.));
#2670 = FACE_BOUND('',#2671,.T.);
#2671 = EDGE_LOOP('',(#2672));
#2672 = ORIENTED_EDGE('',*,*,#2673,.T.);
#2673 = EDGE_CURVE('',#2674,#2674,#2676,.T.);
#2674 = VERTEX_POINT('',#2675);
#2675 = CARTESIAN_POINT('',(123.96,-78.17,1.51));
#2676 = CIRCLE('',#2677,0.75);
#2677 = AXIS2_PLACEMENT_3D('',#2678,#2679,#2680);
#2678 = CARTESIAN_POINT('',(123.96,-77.42,1.51));
#2679 = DIRECTION('',(-0.,0.,-1.));
#2680 = DIRECTION('',(-0.,-1.,0.));
#2681 = FACE_BOUND('',#2682,.T.);
#2682 = EDGE_LOOP('',(#2683));
#2683 = ORIENTED_EDGE('',*,*,#2684,.T.);
#2684 = EDGE_CURVE('',#2685,#2685,#2687,.T.);
#2685 = VERTEX_POINT('',#2686);
#2686 = CARTESIAN_POINT('',(113.75,-71.,1.51));
#2687 = CIRCLE('',#2688,0.5);
#2688 = AXIS2_PLACEMENT_3D('',#2689,#2690,#2691);
#2689 = CARTESIAN_POINT('',(113.75,-70.5,1.51));
#2690 = DIRECTION('',(-0.,0.,-1.));
#2691 = DIRECTION('',(-0.,-1.,0.));
#2692 = FACE_BOUND('',#2693,.T.);
#2693 = EDGE_LOOP('',(#2694));
#2694 = ORIENTED_EDGE('',*,*,#2695,.T.);
#2695 = EDGE_CURVE('',#2696,#2696,#2698,.T.);
#2696 = VERTEX_POINT('',#2697);
#2697 = CARTESIAN_POINT('',(113.75,-68.46,1.51));
#2698 = CIRCLE('',#2699,0.5);
#2699 = AXIS2_PLACEMENT_3D('',#2700,#2701,#2702);
#2700 = CARTESIAN_POINT('',(113.75,-67.96,1.51));
#2701 = DIRECTION('',(-0.,0.,-1.));
#2702 = DIRECTION('',(-0.,-1.,0.));
#2703 = FACE_BOUND('',#2704,.T.);
#2704 = EDGE_LOOP('',(#2705));
#2705 = ORIENTED_EDGE('',*,*,#2706,.T.);
#2706 = EDGE_CURVE('',#2707,#2707,#2709,.T.);
#2707 = VERTEX_POINT('',#2708);
#2708 = CARTESIAN_POINT('',(129.,-71.,1.51));
#2709 = CIRCLE('',#2710,0.5);
#2710 = AXIS2_PLACEMENT_3D('',#2711,#2712,#2713);
#2711 = CARTESIAN_POINT('',(129.,-70.5,1.51));
#2712 = DIRECTION('',(-0.,0.,-1.));
#2713 = DIRECTION('',(-0.,-1.,0.));
#2714 = FACE_BOUND('',#2715,.T.);
#2715 = EDGE_LOOP('',(#2716));
#2716 = ORIENTED_EDGE('',*,*,#2717,.T.);
#2717 = EDGE_CURVE('',#2718,#2718,#2720,.T.);
#2718 = VERTEX_POINT('',#2719);
#2719 = CARTESIAN_POINT('',(129.,-68.46,1.51));
#2720 = CIRCLE('',#2721,0.5);
#2721 = AXIS2_PLACEMENT_3D('',#2722,#2723,#2724);
#2722 = CARTESIAN_POINT('',(129.,-67.96,1.51));
#2723 = DIRECTION('',(-0.,0.,-1.));
#2724 = DIRECTION('',(-0.,-1.,0.));
#2725 = FACE_BOUND('',#2726,.T.);
#2726 = EDGE_LOOP('',(#2727));
#2727 = ORIENTED_EDGE('',*,*,#2728,.T.);
#2728 = EDGE_CURVE('',#2729,#2729,#2731,.T.);
#2729 = VERTEX_POINT('',#2730);
#2730 = CARTESIAN_POINT('',(131.5,-79.59,1.51));
#2731 = CIRCLE('',#2732,0.4);
#2732 = AXIS2_PLACEMENT_3D('',#2733,#2734,#2735);
#2733 = CARTESIAN_POINT('',(131.5,-79.19,1.51));
#2734 = DIRECTION('',(-0.,0.,-1.));
#2735 = DIRECTION('',(-0.,-1.,0.));
#2736 = FACE_BOUND('',#2737,.T.);
#2737 = EDGE_LOOP('',(#2738));
#2738 = ORIENTED_EDGE('',*,*,#2739,.T.);
#2739 = EDGE_CURVE('',#2740,#2740,#2742,.T.);
#2740 = VERTEX_POINT('',#2741);
#2741 = CARTESIAN_POINT('',(137.61,-80.71,1.51));
#2742 = CIRCLE('',#2743,0.75);
#2743 = AXIS2_PLACEMENT_3D('',#2744,#2745,#2746);
#2744 = CARTESIAN_POINT('',(137.61,-79.96,1.51));
#2745 = DIRECTION('',(-0.,0.,-1.));
#2746 = DIRECTION('',(-0.,-1.,0.));
#2747 = FACE_BOUND('',#2748,.T.);
#2748 = EDGE_LOOP('',(#2749));
#2749 = ORIENTED_EDGE('',*,*,#2750,.T.);
#2750 = EDGE_CURVE('',#2751,#2751,#2753,.T.);
#2751 = VERTEX_POINT('',#2752);
#2752 = CARTESIAN_POINT('',(146.5,-83.35,1.51));
#2753 = CIRCLE('',#2754,0.85);
#2754 = AXIS2_PLACEMENT_3D('',#2755,#2756,#2757);
#2755 = CARTESIAN_POINT('',(146.5,-82.5,1.51));
#2756 = DIRECTION('',(-0.,0.,-1.));
#2757 = DIRECTION('',(-0.,-1.,0.));
#2758 = FACE_BOUND('',#2759,.T.);
#2759 = EDGE_LOOP('',(#2760));
#2760 = ORIENTED_EDGE('',*,*,#2761,.T.);
#2761 = EDGE_CURVE('',#2762,#2762,#2764,.T.);
#2762 = VERTEX_POINT('',#2763);
#2763 = CARTESIAN_POINT('',(143.96,-78.17,1.51));
#2764 = CIRCLE('',#2765,0.75);
#2765 = AXIS2_PLACEMENT_3D('',#2766,#2767,#2768);
#2766 = CARTESIAN_POINT('',(143.96,-77.42,1.51));
#2767 = DIRECTION('',(-0.,0.,-1.));
#2768 = DIRECTION('',(-0.,-1.,0.));
#2769 = FACE_BOUND('',#2770,.T.);
#2770 = EDGE_LOOP('',(#2771));
#2771 = ORIENTED_EDGE('',*,*,#2772,.T.);
#2772 = EDGE_CURVE('',#2773,#2773,#2775,.T.);
#2773 = VERTEX_POINT('',#2774);
#2774 = CARTESIAN_POINT('',(113.75,-65.92,1.51));
#2775 = CIRCLE('',#2776,0.5);
#2776 = AXIS2_PLACEMENT_3D('',#2777,#2778,#2779);
#2777 = CARTESIAN_POINT('',(113.75,-65.42,1.51));
#2778 = DIRECTION('',(-0.,0.,-1.));
#2779 = DIRECTION('',(-0.,-1.,0.));
#2780 = FACE_BOUND('',#2781,.T.);
#2781 = EDGE_LOOP('',(#2782));
#2782 = ORIENTED_EDGE('',*,*,#2783,.T.);
#2783 = EDGE_CURVE('',#2784,#2784,#2786,.T.);
#2784 = VERTEX_POINT('',#2785);
#2785 = CARTESIAN_POINT('',(113.75,-63.38,1.51));
#2786 = CIRCLE('',#2787,0.5);
#2787 = AXIS2_PLACEMENT_3D('',#2788,#2789,#2790);
#2788 = CARTESIAN_POINT('',(113.75,-62.88,1.51));
#2789 = DIRECTION('',(-0.,0.,-1.));
#2790 = DIRECTION('',(-0.,-1.,0.));
#2791 = FACE_BOUND('',#2792,.T.);
#2792 = EDGE_LOOP('',(#2793));
#2793 = ORIENTED_EDGE('',*,*,#2794,.T.);
#2794 = EDGE_CURVE('',#2795,#2795,#2797,.T.);
#2795 = VERTEX_POINT('',#2796);
#2796 = CARTESIAN_POINT('',(113.75,-60.84,1.51));
#2797 = CIRCLE('',#2798,0.5);
#2798 = AXIS2_PLACEMENT_3D('',#2799,#2800,#2801);
#2799 = CARTESIAN_POINT('',(113.75,-60.34,1.51));
#2800 = DIRECTION('',(-0.,0.,-1.));
#2801 = DIRECTION('',(-0.,-1.,0.));
#2802 = FACE_BOUND('',#2803,.T.);
#2803 = EDGE_LOOP('',(#2804));
#2804 = ORIENTED_EDGE('',*,*,#2805,.T.);
#2805 = EDGE_CURVE('',#2806,#2806,#2808,.T.);
#2806 = VERTEX_POINT('',#2807);
#2807 = CARTESIAN_POINT('',(129.,-65.92,1.51));
#2808 = CIRCLE('',#2809,0.5);
#2809 = AXIS2_PLACEMENT_3D('',#2810,#2811,#2812);
#2810 = CARTESIAN_POINT('',(129.,-65.42,1.51));
#2811 = DIRECTION('',(-0.,0.,-1.));
#2812 = DIRECTION('',(-0.,-1.,0.));
#2813 = FACE_BOUND('',#2814,.T.);
#2814 = EDGE_LOOP('',(#2815));
#2815 = ORIENTED_EDGE('',*,*,#2816,.T.);
#2816 = EDGE_CURVE('',#2817,#2817,#2819,.T.);
#2817 = VERTEX_POINT('',#2818);
#2818 = CARTESIAN_POINT('',(129.,-63.38,1.51));
#2819 = CIRCLE('',#2820,0.5);
#2820 = AXIS2_PLACEMENT_3D('',#2821,#2822,#2823);
#2821 = CARTESIAN_POINT('',(129.,-62.88,1.51));
#2822 = DIRECTION('',(-0.,0.,-1.));
#2823 = DIRECTION('',(-0.,-1.,0.));
#2824 = FACE_BOUND('',#2825,.T.);
#2825 = EDGE_LOOP('',(#2826));
#2826 = ORIENTED_EDGE('',*,*,#2827,.T.);
#2827 = EDGE_CURVE('',#2828,#2828,#2830,.T.);
#2828 = VERTEX_POINT('',#2829);
#2829 = CARTESIAN_POINT('',(129.,-60.84,1.51));
#2830 = CIRCLE('',#2831,0.5);
#2831 = AXIS2_PLACEMENT_3D('',#2832,#2833,#2834);
#2832 = CARTESIAN_POINT('',(129.,-60.34,1.51));
#2833 = DIRECTION('',(-0.,0.,-1.));
#2834 = DIRECTION('',(-0.,-1.,0.));
#2835 = FACE_BOUND('',#2836,.T.);
#2836 = EDGE_LOOP('',(#2837));
#2837 = ORIENTED_EDGE('',*,*,#2838,.T.);
#2838 = EDGE_CURVE('',#2839,#2839,#2841,.T.);
#2839 = VERTEX_POINT('',#2840);
#2840 = CARTESIAN_POINT('',(113.75,-58.3,1.51));
#2841 = CIRCLE('',#2842,0.5);
#2842 = AXIS2_PLACEMENT_3D('',#2843,#2844,#2845);
#2843 = CARTESIAN_POINT('',(113.75,-57.8,1.51));
#2844 = DIRECTION('',(-0.,0.,-1.));
#2845 = DIRECTION('',(-0.,-1.,0.));
#2846 = FACE_BOUND('',#2847,.T.);
#2847 = EDGE_LOOP('',(#2848));
#2848 = ORIENTED_EDGE('',*,*,#2849,.T.);
#2849 = EDGE_CURVE('',#2850,#2850,#2852,.T.);
#2850 = VERTEX_POINT('',#2851);
#2851 = CARTESIAN_POINT('',(113.75,-55.76,1.51));
#2852 = CIRCLE('',#2853,0.5);
#2853 = AXIS2_PLACEMENT_3D('',#2854,#2855,#2856);
#2854 = CARTESIAN_POINT('',(113.75,-55.26,1.51));
#2855 = DIRECTION('',(-0.,0.,-1.));
#2856 = DIRECTION('',(-0.,-1.,0.));
#2857 = FACE_BOUND('',#2858,.T.);
#2858 = EDGE_LOOP('',(#2859));
#2859 = ORIENTED_EDGE('',*,*,#2860,.T.);
#2860 = EDGE_CURVE('',#2861,#2861,#2863,.T.);
#2861 = VERTEX_POINT('',#2862);
#2862 = CARTESIAN_POINT('',(129.,-58.3,1.51));
#2863 = CIRCLE('',#2864,0.5);
#2864 = AXIS2_PLACEMENT_3D('',#2865,#2866,#2867);
#2865 = CARTESIAN_POINT('',(129.,-57.8,1.51));
#2866 = DIRECTION('',(-0.,0.,-1.));
#2867 = DIRECTION('',(-0.,-1.,0.));
#2868 = FACE_BOUND('',#2869,.T.);
#2869 = EDGE_LOOP('',(#2870));
#2870 = ORIENTED_EDGE('',*,*,#2871,.T.);
#2871 = EDGE_CURVE('',#2872,#2872,#2874,.T.);
#2872 = VERTEX_POINT('',#2873);
#2873 = CARTESIAN_POINT('',(129.,-55.76,1.51));
#2874 = CIRCLE('',#2875,0.5);
#2875 = AXIS2_PLACEMENT_3D('',#2876,#2877,#2878);
#2876 = CARTESIAN_POINT('',(129.,-55.26,1.51));
#2877 = DIRECTION('',(-0.,0.,-1.));
#2878 = DIRECTION('',(-0.,-1.,0.));
#2879 = FACE_BOUND('',#2880,.T.);
#2880 = EDGE_LOOP('',(#2881));
#2881 = ORIENTED_EDGE('',*,*,#2882,.T.);
#2882 = EDGE_CURVE('',#2883,#2883,#2885,.T.);
#2883 = VERTEX_POINT('',#2884);
#2884 = CARTESIAN_POINT('',(139.,-64.81,1.51));
#2885 = CIRCLE('',#2886,0.5);
#2886 = AXIS2_PLACEMENT_3D('',#2887,#2888,#2889);
#2887 = CARTESIAN_POINT('',(139.,-64.31,1.51));
#2888 = DIRECTION('',(-0.,0.,-1.));
#2889 = DIRECTION('',(-0.,-1.,0.));
#2890 = FACE_BOUND('',#2891,.T.);
#2891 = EDGE_LOOP('',(#2892));
#2892 = ORIENTED_EDGE('',*,*,#2893,.T.);
#2893 = EDGE_CURVE('',#2894,#2894,#2896,.T.);
#2894 = VERTEX_POINT('',#2895);
#2895 = CARTESIAN_POINT('',(139.,-62.27,1.51));
#2896 = CIRCLE('',#2897,0.5);
#2897 = AXIS2_PLACEMENT_3D('',#2898,#2899,#2900);
#2898 = CARTESIAN_POINT('',(139.,-61.77,1.51));
#2899 = DIRECTION('',(-0.,0.,-1.));
#2900 = DIRECTION('',(-0.,-1.,0.));
#2901 = FACE_BOUND('',#2902,.T.);
#2902 = EDGE_LOOP('',(#2903));
#2903 = ORIENTED_EDGE('',*,*,#2904,.T.);
#2904 = EDGE_CURVE('',#2905,#2905,#2907,.T.);
#2905 = VERTEX_POINT('',#2906);
#2906 = CARTESIAN_POINT('',(139.,-59.73,1.51));
#2907 = CIRCLE('',#2908,0.5);
#2908 = AXIS2_PLACEMENT_3D('',#2909,#2910,#2911);
#2909 = CARTESIAN_POINT('',(139.,-59.23,1.51));
#2910 = DIRECTION('',(-0.,0.,-1.));
#2911 = DIRECTION('',(-0.,-1.,0.));
#2912 = FACE_BOUND('',#2913,.T.);
#2913 = EDGE_LOOP('',(#2914));
#2914 = ORIENTED_EDGE('',*,*,#2915,.T.);
#2915 = EDGE_CURVE('',#2916,#2916,#2918,.T.);
#2916 = VERTEX_POINT('',#2917);
#2917 = CARTESIAN_POINT('',(139.,-57.19,1.51));
#2918 = CIRCLE('',#2919,0.5);
#2919 = AXIS2_PLACEMENT_3D('',#2920,#2921,#2922);
#2920 = CARTESIAN_POINT('',(139.,-56.69,1.51));
#2921 = DIRECTION('',(-0.,0.,-1.));
#2922 = DIRECTION('',(-0.,-1.,0.));
#2923 = FACE_BOUND('',#2924,.T.);
#2924 = EDGE_LOOP('',(#2925));
#2925 = ORIENTED_EDGE('',*,*,#2926,.T.);
#2926 = EDGE_CURVE('',#2927,#2927,#2929,.T.);
#2927 = VERTEX_POINT('',#2928);
#2928 = CARTESIAN_POINT('',(151.5,-79.78,1.51));
#2929 = CIRCLE('',#2930,0.4);
#2930 = AXIS2_PLACEMENT_3D('',#2931,#2932,#2933);
#2931 = CARTESIAN_POINT('',(151.5,-79.38,1.51));
#2932 = DIRECTION('',(-0.,0.,-1.));
#2933 = DIRECTION('',(-0.,-1.,0.));
#2934 = FACE_BOUND('',#2935,.T.);
#2935 = EDGE_LOOP('',(#2936));
#2936 = ORIENTED_EDGE('',*,*,#2937,.T.);
#2937 = EDGE_CURVE('',#2938,#2938,#2940,.T.);
#2938 = VERTEX_POINT('',#2939);
#2939 = CARTESIAN_POINT('',(157.61,-80.71,1.51));
#2940 = CIRCLE('',#2941,0.75);
#2941 = AXIS2_PLACEMENT_3D('',#2942,#2943,#2944);
#2942 = CARTESIAN_POINT('',(157.61,-79.96,1.51));
#2943 = DIRECTION('',(-0.,0.,-1.));
#2944 = DIRECTION('',(-0.,-1.,0.));
#2945 = FACE_BOUND('',#2946,.T.);
#2946 = EDGE_LOOP('',(#2947));
#2947 = ORIENTED_EDGE('',*,*,#2948,.T.);
#2948 = EDGE_CURVE('',#2949,#2949,#2951,.T.);
#2949 = VERTEX_POINT('',#2950);
#2950 = CARTESIAN_POINT('',(166.5,-83.35,1.51));
#2951 = CIRCLE('',#2952,0.85);
#2952 = AXIS2_PLACEMENT_3D('',#2953,#2954,#2955);
#2953 = CARTESIAN_POINT('',(166.5,-82.5,1.51));
#2954 = DIRECTION('',(-0.,0.,-1.));
#2955 = DIRECTION('',(-0.,-1.,0.));
#2956 = FACE_BOUND('',#2957,.T.);
#2957 = EDGE_LOOP('',(#2958));
#2958 = ORIENTED_EDGE('',*,*,#2959,.T.);
#2959 = EDGE_CURVE('',#2960,#2960,#2962,.T.);
#2960 = VERTEX_POINT('',#2961);
#2961 = CARTESIAN_POINT('',(163.96,-78.17,1.51));
#2962 = CIRCLE('',#2963,0.75);
#2963 = AXIS2_PLACEMENT_3D('',#2964,#2965,#2966);
#2964 = CARTESIAN_POINT('',(163.96,-77.42,1.51));
#2965 = DIRECTION('',(-0.,0.,-1.));
#2966 = DIRECTION('',(-0.,-1.,0.));
#2967 = FACE_BOUND('',#2968,.T.);
#2968 = EDGE_LOOP('',(#2969));
#2969 = ORIENTED_EDGE('',*,*,#2970,.T.);
#2970 = EDGE_CURVE('',#2971,#2971,#2973,.T.);
#2971 = VERTEX_POINT('',#2972);
#2972 = CARTESIAN_POINT('',(152.69,-70.4,1.51));
#2973 = CIRCLE('',#2974,0.4);
#2974 = AXIS2_PLACEMENT_3D('',#2975,#2976,#2977);
#2975 = CARTESIAN_POINT('',(152.69,-70.,1.51));
#2976 = DIRECTION('',(-0.,0.,-1.));
#2977 = DIRECTION('',(-0.,-1.,0.));
#2978 = FACE_BOUND('',#2979,.T.);
#2979 = EDGE_LOOP('',(#2980));
#2980 = ORIENTED_EDGE('',*,*,#2981,.T.);
#2981 = EDGE_CURVE('',#2982,#2982,#2984,.T.);
#2982 = VERTEX_POINT('',#2983);
#2983 = CARTESIAN_POINT('',(160.31,-70.4,1.51));
#2984 = CIRCLE('',#2985,0.4);
#2985 = AXIS2_PLACEMENT_3D('',#2986,#2987,#2988);
#2986 = CARTESIAN_POINT('',(160.31,-70.,1.51));
#2987 = DIRECTION('',(-0.,0.,-1.));
#2988 = DIRECTION('',(-0.,-1.,0.));
#2989 = FACE_BOUND('',#2990,.T.);
#2990 = EDGE_LOOP('',(#2991));
#2991 = ORIENTED_EDGE('',*,*,#2992,.T.);
#2992 = EDGE_CURVE('',#2993,#2993,#2995,.T.);
#2993 = VERTEX_POINT('',#2994);
#2994 = CARTESIAN_POINT('',(188.5,-54.1,1.51));
#2995 = CIRCLE('',#2996,1.1);
#2996 = AXIS2_PLACEMENT_3D('',#2997,#2998,#2999);
#2997 = CARTESIAN_POINT('',(188.5,-53.,1.51));
#2998 = DIRECTION('',(-0.,0.,-1.));
#2999 = DIRECTION('',(-0.,-1.,0.));
#3000 = PLANE('',#3001);
#3001 = AXIS2_PLACEMENT_3D('',#3002,#3003,#3004);
#3002 = CARTESIAN_POINT('',(0.,0.,1.51));
#3003 = DIRECTION('',(0.,0.,1.));
#3004 = DIRECTION('',(1.,0.,-0.));
#3005 = ADVANCED_FACE('',(#3006),#3012,.T.);
#3006 = FACE_BOUND('',#3007,.T.);
#3007 = EDGE_LOOP('',(#3008,#3009,#3010,#3011));
#3008 = ORIENTED_EDGE('',*,*,#1269,.T.);
#3009 = ORIENTED_EDGE('',*,*,#2152,.T.);
#3010 = ORIENTED_EDGE('',*,*,#1229,.F.);
#3011 = ORIENTED_EDGE('',*,*,#1293,.F.);
#3012 = PLANE('',#3013);
#3013 = AXIS2_PLACEMENT_3D('',#3014,#3015,#3016);
#3014 = CARTESIAN_POINT('',(108.5,-51.,0.));
#3015 = DIRECTION('',(0.,1.,0.));
#3016 = DIRECTION('',(1.,0.,0.));
#3017 = ADVANCED_FACE('',(#3018),#3029,.F.);
#3018 = FACE_BOUND('',#3019,.T.);
#3019 = EDGE_LOOP('',(#3020,#3021,#3027,#3028));
#3020 = ORIENTED_EDGE('',*,*,#1302,.T.);
#3021 = ORIENTED_EDGE('',*,*,#3022,.T.);
#3022 = EDGE_CURVE('',#1303,#2162,#3023,.T.);
#3023 = LINE('',#3024,#3025);
#3024 = CARTESIAN_POINT('',(110.5,-113.1,-4.6E-02));
#3025 = VECTOR('',#3026,1.);
#3026 = DIRECTION('',(0.,0.,1.));
#3027 = ORIENTED_EDGE('',*,*,#2161,.F.);
#3028 = ORIENTED_EDGE('',*,*,#3022,.F.);
#3029 = CYLINDRICAL_SURFACE('',#3030,1.1);
#3030 = AXIS2_PLACEMENT_3D('',#3031,#3032,#3033);
#3031 = CARTESIAN_POINT('',(110.5,-112.,-4.6E-02));
#3032 = DIRECTION('',(-0.,-0.,-1.));
#3033 = DIRECTION('',(-0.,-1.,0.));
#3034 = ADVANCED_FACE('',(#3035),#3046,.F.);
#3035 = FACE_BOUND('',#3036,.T.);
#3036 = EDGE_LOOP('',(#3037,#3038,#3044,#3045));
#3037 = ORIENTED_EDGE('',*,*,#1313,.T.);
#3038 = ORIENTED_EDGE('',*,*,#3039,.T.);
#3039 = EDGE_CURVE('',#1314,#2173,#3040,.T.);
#3040 = LINE('',#3041,#3042);
#3041 = CARTESIAN_POINT('',(111.5,-107.4,-4.6E-02));
#3042 = VECTOR('',#3043,1.);
#3043 = DIRECTION('',(0.,0.,1.));
#3044 = ORIENTED_EDGE('',*,*,#2172,.F.);
#3045 = ORIENTED_EDGE('',*,*,#3039,.F.);
#3046 = CYLINDRICAL_SURFACE('',#3047,0.4);
#3047 = AXIS2_PLACEMENT_3D('',#3048,#3049,#3050);
#3048 = CARTESIAN_POINT('',(111.5,-107.,-4.6E-02));
#3049 = DIRECTION('',(-0.,-0.,-1.));
#3050 = DIRECTION('',(-0.,-1.,0.));
#3051 = ADVANCED_FACE('',(#3052),#3063,.F.);
#3052 = FACE_BOUND('',#3053,.T.);
#3053 = EDGE_LOOP('',(#3054,#3055,#3061,#3062));
#3054 = ORIENTED_EDGE('',*,*,#1324,.T.);
#3055 = ORIENTED_EDGE('',*,*,#3056,.T.);
#3056 = EDGE_CURVE('',#1325,#2184,#3057,.T.);
#3057 = LINE('',#3058,#3059);
#3058 = CARTESIAN_POINT('',(116.42,-102.85,-4.6E-02));
#3059 = VECTOR('',#3060,1.);
#3060 = DIRECTION('',(0.,0.,1.));
#3061 = ORIENTED_EDGE('',*,*,#2183,.F.);
#3062 = ORIENTED_EDGE('',*,*,#3056,.F.);
#3063 = CYLINDRICAL_SURFACE('',#3064,0.85);
#3064 = AXIS2_PLACEMENT_3D('',#3065,#3066,#3067);
#3065 = CARTESIAN_POINT('',(116.42,-102.,-4.6E-02));
#3066 = DIRECTION('',(-0.,0.,-1.));
#3067 = DIRECTION('',(1.671865260612E-14,-1.,-0.));
#3068 = ADVANCED_FACE('',(#3069),#3080,.F.);
#3069 = FACE_BOUND('',#3070,.T.);
#3070 = EDGE_LOOP('',(#3071,#3072,#3078,#3079));
#3071 = ORIENTED_EDGE('',*,*,#1335,.T.);
#3072 = ORIENTED_EDGE('',*,*,#3073,.T.);
#3073 = EDGE_CURVE('',#1336,#2195,#3074,.T.);
#3074 = LINE('',#3075,#3076);
#3075 = CARTESIAN_POINT('',(111.5,-99.78,-4.6E-02));
#3076 = VECTOR('',#3077,1.);
#3077 = DIRECTION('',(0.,0.,1.));
#3078 = ORIENTED_EDGE('',*,*,#2194,.F.);
#3079 = ORIENTED_EDGE('',*,*,#3073,.F.);
#3080 = CYLINDRICAL_SURFACE('',#3081,0.4);
#3081 = AXIS2_PLACEMENT_3D('',#3082,#3083,#3084);
#3082 = CARTESIAN_POINT('',(111.5,-99.38,-4.6E-02));
#3083 = DIRECTION('',(-0.,-0.,-1.));
#3084 = DIRECTION('',(-0.,-1.,0.));
#3085 = ADVANCED_FACE('',(#3086),#3097,.F.);
#3086 = FACE_BOUND('',#3087,.T.);
#3087 = EDGE_LOOP('',(#3088,#3089,#3095,#3096));
#3088 = ORIENTED_EDGE('',*,*,#1346,.T.);
#3089 = ORIENTED_EDGE('',*,*,#3090,.T.);
#3090 = EDGE_CURVE('',#1347,#2206,#3091,.T.);
#3091 = LINE('',#3092,#3093);
#3092 = CARTESIAN_POINT('',(117.69,-100.21,-4.6E-02));
#3093 = VECTOR('',#3094,1.);
#3094 = DIRECTION('',(0.,0.,1.));
#3095 = ORIENTED_EDGE('',*,*,#2205,.F.);
#3096 = ORIENTED_EDGE('',*,*,#3090,.F.);
#3097 = CYLINDRICAL_SURFACE('',#3098,0.75);
#3098 = AXIS2_PLACEMENT_3D('',#3099,#3100,#3101);
#3099 = CARTESIAN_POINT('',(117.69,-99.46,-4.6E-02));
#3100 = DIRECTION('',(-0.,-0.,-1.));
#3101 = DIRECTION('',(-0.,-1.,0.));
#3102 = ADVANCED_FACE('',(#3103),#3114,.F.);
#3103 = FACE_BOUND('',#3104,.T.);
#3104 = EDGE_LOOP('',(#3105,#3106,#3112,#3113));
#3105 = ORIENTED_EDGE('',*,*,#1357,.T.);
#3106 = ORIENTED_EDGE('',*,*,#3107,.T.);
#3107 = EDGE_CURVE('',#1358,#2217,#3108,.T.);
#3108 = LINE('',#3109,#3110);
#3109 = CARTESIAN_POINT('',(121.5,-104.,-4.6E-02));
#3110 = VECTOR('',#3111,1.);
#3111 = DIRECTION('',(0.,0.,1.));
#3112 = ORIENTED_EDGE('',*,*,#2216,.F.);
#3113 = ORIENTED_EDGE('',*,*,#3107,.F.);
#3114 = CYLINDRICAL_SURFACE('',#3115,2.);
#3115 = AXIS2_PLACEMENT_3D('',#3116,#3117,#3118);
#3116 = CARTESIAN_POINT('',(121.5,-102.,-4.6E-02));
#3117 = DIRECTION('',(-0.,-0.,-1.));
#3118 = DIRECTION('',(-0.,-1.,0.));
#3119 = ADVANCED_FACE('',(#3120),#3131,.F.);
#3120 = FACE_BOUND('',#3121,.T.);
#3121 = EDGE_LOOP('',(#3122,#3123,#3129,#3130));
#3122 = ORIENTED_EDGE('',*,*,#1368,.T.);
#3123 = ORIENTED_EDGE('',*,*,#3124,.T.);
#3124 = EDGE_CURVE('',#1369,#2228,#3125,.T.);
#3125 = LINE('',#3126,#3127);
#3126 = CARTESIAN_POINT('',(126.58,-102.85,-4.6E-02));
#3127 = VECTOR('',#3128,1.);
#3128 = DIRECTION('',(0.,0.,1.));
#3129 = ORIENTED_EDGE('',*,*,#2227,.F.);
#3130 = ORIENTED_EDGE('',*,*,#3124,.F.);
#3131 = CYLINDRICAL_SURFACE('',#3132,0.85);
#3132 = AXIS2_PLACEMENT_3D('',#3133,#3134,#3135);
#3133 = CARTESIAN_POINT('',(126.58,-102.,-4.6E-02));
#3134 = DIRECTION('',(-0.,-0.,-1.));
#3135 = DIRECTION('',(-1.671865260612E-14,-1.,0.));
#3136 = ADVANCED_FACE('',(#3137),#3148,.F.);
#3137 = FACE_BOUND('',#3138,.T.);
#3138 = EDGE_LOOP('',(#3139,#3140,#3146,#3147));
#3139 = ORIENTED_EDGE('',*,*,#1379,.T.);
#3140 = ORIENTED_EDGE('',*,*,#3141,.T.);
#3141 = EDGE_CURVE('',#1380,#2239,#3142,.T.);
#3142 = LINE('',#3143,#3144);
#3143 = CARTESIAN_POINT('',(131.5,-107.21,-4.6E-02));
#3144 = VECTOR('',#3145,1.);
#3145 = DIRECTION('',(0.,0.,1.));
#3146 = ORIENTED_EDGE('',*,*,#2238,.F.);
#3147 = ORIENTED_EDGE('',*,*,#3141,.F.);
#3148 = CYLINDRICAL_SURFACE('',#3149,0.4);
#3149 = AXIS2_PLACEMENT_3D('',#3150,#3151,#3152);
#3150 = CARTESIAN_POINT('',(131.5,-106.81,-4.6E-02));
#3151 = DIRECTION('',(-0.,-0.,-1.));
#3152 = DIRECTION('',(-0.,-1.,0.));
#3153 = ADVANCED_FACE('',(#3154),#3165,.F.);
#3154 = FACE_BOUND('',#3155,.T.);
#3155 = EDGE_LOOP('',(#3156,#3157,#3163,#3164));
#3156 = ORIENTED_EDGE('',*,*,#1390,.T.);
#3157 = ORIENTED_EDGE('',*,*,#3158,.T.);
#3158 = EDGE_CURVE('',#1391,#2250,#3159,.T.);
#3159 = LINE('',#3160,#3161);
#3160 = CARTESIAN_POINT('',(136.42,-102.85,-4.6E-02));
#3161 = VECTOR('',#3162,1.);
#3162 = DIRECTION('',(0.,0.,1.));
#3163 = ORIENTED_EDGE('',*,*,#2249,.F.);
#3164 = ORIENTED_EDGE('',*,*,#3158,.F.);
#3165 = CYLINDRICAL_SURFACE('',#3166,0.85);
#3166 = AXIS2_PLACEMENT_3D('',#3167,#3168,#3169);
#3167 = CARTESIAN_POINT('',(136.42,-102.,-4.6E-02));
#3168 = DIRECTION('',(-0.,-0.,-1.));
#3169 = DIRECTION('',(-3.343730521224E-14,-1.,0.));
#3170 = ADVANCED_FACE('',(#3171),#3182,.F.);
#3171 = FACE_BOUND('',#3172,.T.);
#3172 = EDGE_LOOP('',(#3173,#3174,#3180,#3181));
#3173 = ORIENTED_EDGE('',*,*,#1401,.T.);
#3174 = ORIENTED_EDGE('',*,*,#3175,.T.);
#3175 = EDGE_CURVE('',#1402,#2261,#3176,.T.);
#3176 = LINE('',#3177,#3178);
#3177 = CARTESIAN_POINT('',(131.5,-99.59,-4.6E-02));
#3178 = VECTOR('',#3179,1.);
#3179 = DIRECTION('',(0.,0.,1.));
#3180 = ORIENTED_EDGE('',*,*,#2260,.F.);
#3181 = ORIENTED_EDGE('',*,*,#3175,.F.);
#3182 = CYLINDRICAL_SURFACE('',#3183,0.4);
#3183 = AXIS2_PLACEMENT_3D('',#3184,#3185,#3186);
#3184 = CARTESIAN_POINT('',(131.5,-99.19,-4.6E-02));
#3185 = DIRECTION('',(-0.,-0.,-1.));
#3186 = DIRECTION('',(-0.,-1.,0.));
#3187 = ADVANCED_FACE('',(#3188),#3199,.F.);
#3188 = FACE_BOUND('',#3189,.T.);
#3189 = EDGE_LOOP('',(#3190,#3191,#3197,#3198));
#3190 = ORIENTED_EDGE('',*,*,#1412,.T.);
#3191 = ORIENTED_EDGE('',*,*,#3192,.T.);
#3192 = EDGE_CURVE('',#1413,#2272,#3193,.T.);
#3193 = LINE('',#3194,#3195);
#3194 = CARTESIAN_POINT('',(137.69,-100.21,-4.6E-02));
#3195 = VECTOR('',#3196,1.);
#3196 = DIRECTION('',(0.,0.,1.));
#3197 = ORIENTED_EDGE('',*,*,#2271,.F.);
#3198 = ORIENTED_EDGE('',*,*,#3192,.F.);
#3199 = CYLINDRICAL_SURFACE('',#3200,0.75);
#3200 = AXIS2_PLACEMENT_3D('',#3201,#3202,#3203);
#3201 = CARTESIAN_POINT('',(137.69,-99.46,-4.6E-02));
#3202 = DIRECTION('',(-0.,-0.,-1.));
#3203 = DIRECTION('',(-0.,-1.,0.));
#3204 = ADVANCED_FACE('',(#3205),#3216,.F.);
#3205 = FACE_BOUND('',#3206,.T.);
#3206 = EDGE_LOOP('',(#3207,#3208,#3214,#3215));
#3207 = ORIENTED_EDGE('',*,*,#1423,.T.);
#3208 = ORIENTED_EDGE('',*,*,#3209,.T.);
#3209 = EDGE_CURVE('',#1424,#2283,#3210,.T.);
#3210 = LINE('',#3211,#3212);
#3211 = CARTESIAN_POINT('',(141.5,-104.,-4.6E-02));
#3212 = VECTOR('',#3213,1.);
#3213 = DIRECTION('',(0.,0.,1.));
#3214 = ORIENTED_EDGE('',*,*,#2282,.F.);
#3215 = ORIENTED_EDGE('',*,*,#3209,.F.);
#3216 = CYLINDRICAL_SURFACE('',#3217,2.);
#3217 = AXIS2_PLACEMENT_3D('',#3218,#3219,#3220);
#3218 = CARTESIAN_POINT('',(141.5,-102.,-4.6E-02));
#3219 = DIRECTION('',(-0.,-0.,-1.));
#3220 = DIRECTION('',(-0.,-1.,0.));
#3221 = ADVANCED_FACE('',(#3222),#3233,.F.);
#3222 = FACE_BOUND('',#3223,.T.);
#3223 = EDGE_LOOP('',(#3224,#3225,#3231,#3232));
#3224 = ORIENTED_EDGE('',*,*,#1434,.T.);
#3225 = ORIENTED_EDGE('',*,*,#3226,.T.);
#3226 = EDGE_CURVE('',#1435,#2294,#3227,.T.);
#3227 = LINE('',#3228,#3229);
#3228 = CARTESIAN_POINT('',(146.58,-102.85,-4.6E-02));
#3229 = VECTOR('',#3230,1.);
#3230 = DIRECTION('',(0.,0.,1.));
#3231 = ORIENTED_EDGE('',*,*,#2293,.F.);
#3232 = ORIENTED_EDGE('',*,*,#3226,.F.);
#3233 = CYLINDRICAL_SURFACE('',#3234,0.85);
#3234 = AXIS2_PLACEMENT_3D('',#3235,#3236,#3237);
#3235 = CARTESIAN_POINT('',(146.58,-102.,-4.6E-02));
#3236 = DIRECTION('',(-0.,0.,-1.));
#3237 = DIRECTION('',(3.343730521224E-14,-1.,-0.));
#3238 = ADVANCED_FACE('',(#3239),#3250,.F.);
#3239 = FACE_BOUND('',#3240,.T.);
#3240 = EDGE_LOOP('',(#3241,#3242,#3248,#3249));
#3241 = ORIENTED_EDGE('',*,*,#1445,.T.);
#3242 = ORIENTED_EDGE('',*,*,#3243,.T.);
#3243 = EDGE_CURVE('',#1446,#2305,#3244,.T.);
#3244 = LINE('',#3245,#3246);
#3245 = CARTESIAN_POINT('',(124.04,-97.67,-4.6E-02));
#3246 = VECTOR('',#3247,1.);
#3247 = DIRECTION('',(0.,0.,1.));
#3248 = ORIENTED_EDGE('',*,*,#2304,.F.);
#3249 = ORIENTED_EDGE('',*,*,#3243,.F.);
#3250 = CYLINDRICAL_SURFACE('',#3251,0.75);
#3251 = AXIS2_PLACEMENT_3D('',#3252,#3253,#3254);
#3252 = CARTESIAN_POINT('',(124.04,-96.92,-4.6E-02));
#3253 = DIRECTION('',(-0.,-0.,-1.));
#3254 = DIRECTION('',(-0.,-1.,0.));
#3255 = ADVANCED_FACE('',(#3256),#3267,.F.);
#3256 = FACE_BOUND('',#3257,.T.);
#3257 = EDGE_LOOP('',(#3258,#3259,#3265,#3266));
#3258 = ORIENTED_EDGE('',*,*,#1456,.T.);
#3259 = ORIENTED_EDGE('',*,*,#3260,.T.);
#3260 = EDGE_CURVE('',#1457,#2316,#3261,.T.);
#3261 = LINE('',#3262,#3263);
#3262 = CARTESIAN_POINT('',(112.,-87.21,-4.6E-02));
#3263 = VECTOR('',#3264,1.);
#3264 = DIRECTION('',(0.,0.,1.));
#3265 = ORIENTED_EDGE('',*,*,#2315,.F.);
#3266 = ORIENTED_EDGE('',*,*,#3260,.F.);
#3267 = CYLINDRICAL_SURFACE('',#3268,0.4);
#3268 = AXIS2_PLACEMENT_3D('',#3269,#3270,#3271);
#3269 = CARTESIAN_POINT('',(112.,-86.81,-4.6E-02));
#3270 = DIRECTION('',(-0.,-0.,-1.));
#3271 = DIRECTION('',(-0.,-1.,0.));
#3272 = ADVANCED_FACE('',(#3273),#3284,.F.);
#3273 = FACE_BOUND('',#3274,.T.);
#3274 = EDGE_LOOP('',(#3275,#3276,#3282,#3283));
#3275 = ORIENTED_EDGE('',*,*,#1467,.T.);
#3276 = ORIENTED_EDGE('',*,*,#3277,.T.);
#3277 = EDGE_CURVE('',#1468,#2327,#3278,.T.);
#3278 = LINE('',#3279,#3280);
#3279 = CARTESIAN_POINT('',(116.34,-83.35,-4.6E-02));
#3280 = VECTOR('',#3281,1.);
#3281 = DIRECTION('',(0.,0.,1.));
#3282 = ORIENTED_EDGE('',*,*,#2326,.F.);
#3283 = ORIENTED_EDGE('',*,*,#3277,.F.);
#3284 = CYLINDRICAL_SURFACE('',#3285,0.85);
#3285 = AXIS2_PLACEMENT_3D('',#3286,#3287,#3288);
#3286 = CARTESIAN_POINT('',(116.34,-82.5,-4.6E-02));
#3287 = DIRECTION('',(-0.,-0.,-1.));
#3288 = DIRECTION('',(-0.,-1.,0.));
#3289 = ADVANCED_FACE('',(#3290),#3301,.F.);
#3290 = FACE_BOUND('',#3291,.T.);
#3291 = EDGE_LOOP('',(#3292,#3293,#3299,#3300));
#3292 = ORIENTED_EDGE('',*,*,#1478,.T.);
#3293 = ORIENTED_EDGE('',*,*,#3294,.T.);
#3294 = EDGE_CURVE('',#1479,#2338,#3295,.T.);
#3295 = LINE('',#3296,#3297);
#3296 = CARTESIAN_POINT('',(121.42,-84.5,-4.6E-02));
#3297 = VECTOR('',#3298,1.);
#3298 = DIRECTION('',(0.,0.,1.));
#3299 = ORIENTED_EDGE('',*,*,#2337,.F.);
#3300 = ORIENTED_EDGE('',*,*,#3294,.F.);
#3301 = CYLINDRICAL_SURFACE('',#3302,2.);
#3302 = AXIS2_PLACEMENT_3D('',#3303,#3304,#3305);
#3303 = CARTESIAN_POINT('',(121.42,-82.5,-4.6E-02));
#3304 = DIRECTION('',(-0.,-0.,-1.));
#3305 = DIRECTION('',(-0.,-1.,0.));
#3306 = ADVANCED_FACE('',(#3307),#3318,.F.);
#3307 = FACE_BOUND('',#3308,.T.);
#3308 = EDGE_LOOP('',(#3309,#3310,#3316,#3317));
#3309 = ORIENTED_EDGE('',*,*,#1489,.T.);
#3310 = ORIENTED_EDGE('',*,*,#3311,.T.);
#3311 = EDGE_CURVE('',#1490,#2349,#3312,.T.);
#3312 = LINE('',#3313,#3314);
#3313 = CARTESIAN_POINT('',(126.5,-83.35,-4.6E-02));
#3314 = VECTOR('',#3315,1.);
#3315 = DIRECTION('',(0.,0.,1.));
#3316 = ORIENTED_EDGE('',*,*,#2348,.F.);
#3317 = ORIENTED_EDGE('',*,*,#3311,.F.);
#3318 = CYLINDRICAL_SURFACE('',#3319,0.85);
#3319 = AXIS2_PLACEMENT_3D('',#3320,#3321,#3322);
#3320 = CARTESIAN_POINT('',(126.5,-82.5,-4.6E-02));
#3321 = DIRECTION('',(-0.,-0.,-1.));
#3322 = DIRECTION('',(-0.,-1.,0.));
#3323 = ADVANCED_FACE('',(#3324),#3335,.F.);
#3324 = FACE_BOUND('',#3325,.T.);
#3325 = EDGE_LOOP('',(#3326,#3327,#3333,#3334));
#3326 = ORIENTED_EDGE('',*,*,#1500,.T.);
#3327 = ORIENTED_EDGE('',*,*,#3328,.T.);
#3328 = EDGE_CURVE('',#1501,#2360,#3329,.T.);
#3329 = LINE('',#3330,#3331);
#3330 = CARTESIAN_POINT('',(144.04,-97.67,-4.6E-02));
#3331 = VECTOR('',#3332,1.);
#3332 = DIRECTION('',(0.,0.,1.));
#3333 = ORIENTED_EDGE('',*,*,#2359,.F.);
#3334 = ORIENTED_EDGE('',*,*,#3328,.F.);
#3335 = CYLINDRICAL_SURFACE('',#3336,0.75);
#3336 = AXIS2_PLACEMENT_3D('',#3337,#3338,#3339);
#3337 = CARTESIAN_POINT('',(144.04,-96.92,-4.6E-02));
#3338 = DIRECTION('',(-0.,-0.,-1.));
#3339 = DIRECTION('',(-0.,-1.,0.));
#3340 = ADVANCED_FACE('',(#3341),#3352,.F.);
#3341 = FACE_BOUND('',#3342,.T.);
#3342 = EDGE_LOOP('',(#3343,#3344,#3350,#3351));
#3343 = ORIENTED_EDGE('',*,*,#1511,.T.);
#3344 = ORIENTED_EDGE('',*,*,#3345,.T.);
#3345 = EDGE_CURVE('',#1512,#2371,#3346,.T.);
#3346 = LINE('',#3347,#3348);
#3347 = CARTESIAN_POINT('',(131.5,-87.21,-4.6E-02));
#3348 = VECTOR('',#3349,1.);
#3349 = DIRECTION('',(0.,0.,1.));
#3350 = ORIENTED_EDGE('',*,*,#2370,.F.);
#3351 = ORIENTED_EDGE('',*,*,#3345,.F.);
#3352 = CYLINDRICAL_SURFACE('',#3353,0.4);
#3353 = AXIS2_PLACEMENT_3D('',#3354,#3355,#3356);
#3354 = CARTESIAN_POINT('',(131.5,-86.81,-4.6E-02));
#3355 = DIRECTION('',(-0.,-0.,-1.));
#3356 = DIRECTION('',(-0.,-1.,0.));
#3357 = ADVANCED_FACE('',(#3358),#3369,.F.);
#3358 = FACE_BOUND('',#3359,.T.);
#3359 = EDGE_LOOP('',(#3360,#3361,#3367,#3368));
#3360 = ORIENTED_EDGE('',*,*,#1522,.T.);
#3361 = ORIENTED_EDGE('',*,*,#3362,.T.);
#3362 = EDGE_CURVE('',#1523,#2382,#3363,.T.);
#3363 = LINE('',#3364,#3365);
#3364 = CARTESIAN_POINT('',(136.34,-83.35,-4.6E-02));
#3365 = VECTOR('',#3366,1.);
#3366 = DIRECTION('',(0.,0.,1.));
#3367 = ORIENTED_EDGE('',*,*,#2381,.F.);
#3368 = ORIENTED_EDGE('',*,*,#3362,.F.);
#3369 = CYLINDRICAL_SURFACE('',#3370,0.85);
#3370 = AXIS2_PLACEMENT_3D('',#3371,#3372,#3373);
#3371 = CARTESIAN_POINT('',(136.34,-82.5,-4.6E-02));
#3372 = DIRECTION('',(-0.,-0.,-1.));
#3373 = DIRECTION('',(-0.,-1.,0.));
#3374 = ADVANCED_FACE('',(#3375),#3386,.F.);
#3375 = FACE_BOUND('',#3376,.T.);
#3376 = EDGE_LOOP('',(#3377,#3378,#3384,#3385));
#3377 = ORIENTED_EDGE('',*,*,#1533,.T.);
#3378 = ORIENTED_EDGE('',*,*,#3379,.T.);
#3379 = EDGE_CURVE('',#1534,#2393,#3380,.T.);
#3380 = LINE('',#3381,#3382);
#3381 = CARTESIAN_POINT('',(141.42,-84.5,-4.6E-02));
#3382 = VECTOR('',#3383,1.);
#3383 = DIRECTION('',(0.,0.,1.));
#3384 = ORIENTED_EDGE('',*,*,#2392,.F.);
#3385 = ORIENTED_EDGE('',*,*,#3379,.F.);
#3386 = CYLINDRICAL_SURFACE('',#3387,2.);
#3387 = AXIS2_PLACEMENT_3D('',#3388,#3389,#3390);
#3388 = CARTESIAN_POINT('',(141.42,-82.5,-4.6E-02));
#3389 = DIRECTION('',(-0.,-0.,-1.));
#3390 = DIRECTION('',(-0.,-1.,0.));
#3391 = ADVANCED_FACE('',(#3392),#3403,.F.);
#3392 = FACE_BOUND('',#3393,.T.);
#3393 = EDGE_LOOP('',(#3394,#3395,#3401,#3402));
#3394 = ORIENTED_EDGE('',*,*,#1544,.T.);
#3395 = ORIENTED_EDGE('',*,*,#3396,.T.);
#3396 = EDGE_CURVE('',#1545,#2404,#3397,.T.);
#3397 = LINE('',#3398,#3399);
#3398 = CARTESIAN_POINT('',(152.5,-107.21,-4.6E-02));
#3399 = VECTOR('',#3400,1.);
#3400 = DIRECTION('',(0.,0.,1.));
#3401 = ORIENTED_EDGE('',*,*,#2403,.F.);
#3402 = ORIENTED_EDGE('',*,*,#3396,.F.);
#3403 = CYLINDRICAL_SURFACE('',#3404,0.4);
#3404 = AXIS2_PLACEMENT_3D('',#3405,#3406,#3407);
#3405 = CARTESIAN_POINT('',(152.5,-106.81,-4.6E-02));
#3406 = DIRECTION('',(-0.,-0.,-1.));
#3407 = DIRECTION('',(-0.,-1.,0.));
#3408 = ADVANCED_FACE('',(#3409),#3420,.F.);
#3409 = FACE_BOUND('',#3410,.T.);
#3410 = EDGE_LOOP('',(#3411,#3412,#3418,#3419));
#3411 = ORIENTED_EDGE('',*,*,#1555,.T.);
#3412 = ORIENTED_EDGE('',*,*,#3413,.T.);
#3413 = EDGE_CURVE('',#1556,#2415,#3414,.T.);
#3414 = LINE('',#3415,#3416);
#3415 = CARTESIAN_POINT('',(156.34,-102.85,-4.6E-02));
#3416 = VECTOR('',#3417,1.);
#3417 = DIRECTION('',(0.,0.,1.));
#3418 = ORIENTED_EDGE('',*,*,#2414,.F.);
#3419 = ORIENTED_EDGE('',*,*,#3413,.F.);
#3420 = CYLINDRICAL_SURFACE('',#3421,0.85);
#3421 = AXIS2_PLACEMENT_3D('',#3422,#3423,#3424);
#3422 = CARTESIAN_POINT('',(156.34,-102.,-4.6E-02));
#3423 = DIRECTION('',(-0.,-0.,-1.));
#3424 = DIRECTION('',(-0.,-1.,0.));
#3425 = ADVANCED_FACE('',(#3426),#3437,.F.);
#3426 = FACE_BOUND('',#3427,.T.);
#3427 = EDGE_LOOP('',(#3428,#3429,#3435,#3436));
#3428 = ORIENTED_EDGE('',*,*,#1566,.T.);
#3429 = ORIENTED_EDGE('',*,*,#3430,.T.);
#3430 = EDGE_CURVE('',#1567,#2426,#3431,.T.);
#3431 = LINE('',#3432,#3433);
#3432 = CARTESIAN_POINT('',(152.5,-99.59,-4.6E-02));
#3433 = VECTOR('',#3434,1.);
#3434 = DIRECTION('',(0.,0.,1.));
#3435 = ORIENTED_EDGE('',*,*,#2425,.F.);
#3436 = ORIENTED_EDGE('',*,*,#3430,.F.);
#3437 = CYLINDRICAL_SURFACE('',#3438,0.4);
#3438 = AXIS2_PLACEMENT_3D('',#3439,#3440,#3441);
#3439 = CARTESIAN_POINT('',(152.5,-99.19,-4.6E-02));
#3440 = DIRECTION('',(-0.,-0.,-1.));
#3441 = DIRECTION('',(-0.,-1.,0.));
#3442 = ADVANCED_FACE('',(#3443),#3454,.F.);
#3443 = FACE_BOUND('',#3444,.T.);
#3444 = EDGE_LOOP('',(#3445,#3446,#3452,#3453));
#3445 = ORIENTED_EDGE('',*,*,#1577,.T.);
#3446 = ORIENTED_EDGE('',*,*,#3447,.T.);
#3447 = EDGE_CURVE('',#1578,#2437,#3448,.T.);
#3448 = LINE('',#3449,#3450);
#3449 = CARTESIAN_POINT('',(157.61,-100.21,-4.6E-02));
#3450 = VECTOR('',#3451,1.);
#3451 = DIRECTION('',(0.,0.,1.));
#3452 = ORIENTED_EDGE('',*,*,#2436,.F.);
#3453 = ORIENTED_EDGE('',*,*,#3447,.F.);
#3454 = CYLINDRICAL_SURFACE('',#3455,0.75);
#3455 = AXIS2_PLACEMENT_3D('',#3456,#3457,#3458);
#3456 = CARTESIAN_POINT('',(157.61,-99.46,-4.6E-02));
#3457 = DIRECTION('',(-0.,-0.,-1.));
#3458 = DIRECTION('',(-0.,-1.,0.));
#3459 = ADVANCED_FACE('',(#3460),#3471,.F.);
#3460 = FACE_BOUND('',#3461,.T.);
#3461 = EDGE_LOOP('',(#3462,#3463,#3469,#3470));
#3462 = ORIENTED_EDGE('',*,*,#1588,.T.);
#3463 = ORIENTED_EDGE('',*,*,#3464,.T.);
#3464 = EDGE_CURVE('',#1589,#2448,#3465,.T.);
#3465 = LINE('',#3466,#3467);
#3466 = CARTESIAN_POINT('',(161.42,-104.,-4.6E-02));
#3467 = VECTOR('',#3468,1.);
#3468 = DIRECTION('',(0.,0.,1.));
#3469 = ORIENTED_EDGE('',*,*,#2447,.F.);
#3470 = ORIENTED_EDGE('',*,*,#3464,.F.);
#3471 = CYLINDRICAL_SURFACE('',#3472,2.);
#3472 = AXIS2_PLACEMENT_3D('',#3473,#3474,#3475);
#3473 = CARTESIAN_POINT('',(161.42,-102.,-4.6E-02));
#3474 = DIRECTION('',(-0.,-0.,-1.));
#3475 = DIRECTION('',(-0.,-1.,0.));
#3476 = ADVANCED_FACE('',(#3477),#3488,.F.);
#3477 = FACE_BOUND('',#3478,.T.);
#3478 = EDGE_LOOP('',(#3479,#3480,#3486,#3487));
#3479 = ORIENTED_EDGE('',*,*,#1599,.T.);
#3480 = ORIENTED_EDGE('',*,*,#3481,.T.);
#3481 = EDGE_CURVE('',#1600,#2459,#3482,.T.);
#3482 = LINE('',#3483,#3484);
#3483 = CARTESIAN_POINT('',(166.5,-102.85,-4.6E-02));
#3484 = VECTOR('',#3485,1.);
#3485 = DIRECTION('',(0.,0.,1.));
#3486 = ORIENTED_EDGE('',*,*,#2458,.F.);
#3487 = ORIENTED_EDGE('',*,*,#3481,.F.);
#3488 = CYLINDRICAL_SURFACE('',#3489,0.85);
#3489 = AXIS2_PLACEMENT_3D('',#3490,#3491,#3492);
#3490 = CARTESIAN_POINT('',(166.5,-102.,-4.6E-02));
#3491 = DIRECTION('',(-0.,-0.,-1.));
#3492 = DIRECTION('',(-0.,-1.,0.));
#3493 = ADVANCED_FACE('',(#3494),#3505,.F.);
#3494 = FACE_BOUND('',#3495,.T.);
#3495 = EDGE_LOOP('',(#3496,#3497,#3503,#3504));
#3496 = ORIENTED_EDGE('',*,*,#1610,.T.);
#3497 = ORIENTED_EDGE('',*,*,#3498,.T.);
#3498 = EDGE_CURVE('',#1611,#2470,#3499,.T.);
#3499 = LINE('',#3500,#3501);
#3500 = CARTESIAN_POINT('',(188.5,-113.1,-4.6E-02));
#3501 = VECTOR('',#3502,1.);
#3502 = DIRECTION('',(0.,0.,1.));
#3503 = ORIENTED_EDGE('',*,*,#2469,.F.);
#3504 = ORIENTED_EDGE('',*,*,#3498,.F.);
#3505 = CYLINDRICAL_SURFACE('',#3506,1.1);
#3506 = AXIS2_PLACEMENT_3D('',#3507,#3508,#3509);
#3507 = CARTESIAN_POINT('',(188.5,-112.,-4.6E-02));
#3508 = DIRECTION('',(-0.,-0.,-1.));
#3509 = DIRECTION('',(-0.,-1.,0.));
#3510 = ADVANCED_FACE('',(#3511),#3522,.F.);
#3511 = FACE_BOUND('',#3512,.T.);
#3512 = EDGE_LOOP('',(#3513,#3514,#3520,#3521));
#3513 = ORIENTED_EDGE('',*,*,#1621,.T.);
#3514 = ORIENTED_EDGE('',*,*,#3515,.T.);
#3515 = EDGE_CURVE('',#1622,#2481,#3516,.T.);
#3516 = LINE('',#3517,#3518);
#3517 = CARTESIAN_POINT('',(163.96,-97.67,-4.6E-02));
#3518 = VECTOR('',#3519,1.);
#3519 = DIRECTION('',(0.,0.,1.));
#3520 = ORIENTED_EDGE('',*,*,#2480,.F.);
#3521 = ORIENTED_EDGE('',*,*,#3515,.F.);
#3522 = CYLINDRICAL_SURFACE('',#3523,0.75);
#3523 = AXIS2_PLACEMENT_3D('',#3524,#3525,#3526);
#3524 = CARTESIAN_POINT('',(163.96,-96.92,-4.6E-02));
#3525 = DIRECTION('',(-0.,-0.,-1.));
#3526 = DIRECTION('',(-0.,-1.,0.));
#3527 = ADVANCED_FACE('',(#3528),#3539,.F.);
#3528 = FACE_BOUND('',#3529,.T.);
#3529 = EDGE_LOOP('',(#3530,#3531,#3537,#3538));
#3530 = ORIENTED_EDGE('',*,*,#1632,.T.);
#3531 = ORIENTED_EDGE('',*,*,#3532,.T.);
#3532 = EDGE_CURVE('',#1633,#2492,#3533,.T.);
#3533 = LINE('',#3534,#3535);
#3534 = CARTESIAN_POINT('',(151.5,-87.4,-4.6E-02));
#3535 = VECTOR('',#3536,1.);
#3536 = DIRECTION('',(0.,0.,1.));
#3537 = ORIENTED_EDGE('',*,*,#2491,.F.);
#3538 = ORIENTED_EDGE('',*,*,#3532,.F.);
#3539 = CYLINDRICAL_SURFACE('',#3540,0.4);
#3540 = AXIS2_PLACEMENT_3D('',#3541,#3542,#3543);
#3541 = CARTESIAN_POINT('',(151.5,-87.,-4.6E-02));
#3542 = DIRECTION('',(-0.,-0.,-1.));
#3543 = DIRECTION('',(-0.,-1.,0.));
#3544 = ADVANCED_FACE('',(#3545),#3556,.F.);
#3545 = FACE_BOUND('',#3546,.T.);
#3546 = EDGE_LOOP('',(#3547,#3548,#3554,#3555));
#3547 = ORIENTED_EDGE('',*,*,#1643,.T.);
#3548 = ORIENTED_EDGE('',*,*,#3549,.T.);
#3549 = EDGE_CURVE('',#1644,#2503,#3550,.T.);
#3550 = LINE('',#3551,#3552);
#3551 = CARTESIAN_POINT('',(156.34,-83.35,-4.6E-02));
#3552 = VECTOR('',#3553,1.);
#3553 = DIRECTION('',(0.,0.,1.));
#3554 = ORIENTED_EDGE('',*,*,#2502,.F.);
#3555 = ORIENTED_EDGE('',*,*,#3549,.F.);
#3556 = CYLINDRICAL_SURFACE('',#3557,0.85);
#3557 = AXIS2_PLACEMENT_3D('',#3558,#3559,#3560);
#3558 = CARTESIAN_POINT('',(156.34,-82.5,-4.6E-02));
#3559 = DIRECTION('',(-0.,-0.,-1.));
#3560 = DIRECTION('',(-0.,-1.,0.));
#3561 = ADVANCED_FACE('',(#3562),#3573,.F.);
#3562 = FACE_BOUND('',#3563,.T.);
#3563 = EDGE_LOOP('',(#3564,#3565,#3571,#3572));
#3564 = ORIENTED_EDGE('',*,*,#1654,.T.);
#3565 = ORIENTED_EDGE('',*,*,#3566,.T.);
#3566 = EDGE_CURVE('',#1655,#2514,#3567,.T.);
#3567 = LINE('',#3568,#3569);
#3568 = CARTESIAN_POINT('',(161.42,-84.5,-4.6E-02));
#3569 = VECTOR('',#3570,1.);
#3570 = DIRECTION('',(0.,0.,1.));
#3571 = ORIENTED_EDGE('',*,*,#2513,.F.);
#3572 = ORIENTED_EDGE('',*,*,#3566,.F.);
#3573 = CYLINDRICAL_SURFACE('',#3574,2.);
#3574 = AXIS2_PLACEMENT_3D('',#3575,#3576,#3577);
#3575 = CARTESIAN_POINT('',(161.42,-82.5,-4.6E-02));
#3576 = DIRECTION('',(-0.,-0.,-1.));
#3577 = DIRECTION('',(-0.,-1.,0.));
#3578 = ADVANCED_FACE('',(#3579),#3590,.F.);
#3579 = FACE_BOUND('',#3580,.T.);
#3580 = EDGE_LOOP('',(#3581,#3582,#3588,#3589));
#3581 = ORIENTED_EDGE('',*,*,#1665,.T.);
#3582 = ORIENTED_EDGE('',*,*,#3583,.T.);
#3583 = EDGE_CURVE('',#1666,#2525,#3584,.T.);
#3584 = LINE('',#3585,#3586);
#3585 = CARTESIAN_POINT('',(173.,-94.9,-4.6E-02));
#3586 = VECTOR('',#3587,1.);
#3587 = DIRECTION('',(0.,0.,1.));
#3588 = ORIENTED_EDGE('',*,*,#2524,.F.);
#3589 = ORIENTED_EDGE('',*,*,#3583,.F.);
#3590 = CYLINDRICAL_SURFACE('',#3591,0.5);
#3591 = AXIS2_PLACEMENT_3D('',#3592,#3593,#3594);
#3592 = CARTESIAN_POINT('',(173.,-94.4,-4.6E-02));
#3593 = DIRECTION('',(-0.,-0.,-1.));
#3594 = DIRECTION('',(-0.,-1.,0.));
#3595 = ADVANCED_FACE('',(#3596),#3607,.F.);
#3596 = FACE_BOUND('',#3597,.T.);
#3597 = EDGE_LOOP('',(#3598,#3599,#3605,#3606));
#3598 = ORIENTED_EDGE('',*,*,#1676,.T.);
#3599 = ORIENTED_EDGE('',*,*,#3600,.T.);
#3600 = EDGE_CURVE('',#1677,#2536,#3601,.T.);
#3601 = LINE('',#3602,#3603);
#3602 = CARTESIAN_POINT('',(173.,-92.4,-4.6E-02));
#3603 = VECTOR('',#3604,1.);
#3604 = DIRECTION('',(0.,0.,1.));
#3605 = ORIENTED_EDGE('',*,*,#2535,.F.);
#3606 = ORIENTED_EDGE('',*,*,#3600,.F.);
#3607 = CYLINDRICAL_SURFACE('',#3608,0.5);
#3608 = AXIS2_PLACEMENT_3D('',#3609,#3610,#3611);
#3609 = CARTESIAN_POINT('',(173.,-91.9,-4.6E-02));
#3610 = DIRECTION('',(-0.,-0.,-1.));
#3611 = DIRECTION('',(-0.,-1.,0.));
#3612 = ADVANCED_FACE('',(#3613),#3629,.F.);
#3613 = FACE_BOUND('',#3614,.T.);
#3614 = EDGE_LOOP('',(#3615,#3616,#3622,#3623));
#3615 = ORIENTED_EDGE('',*,*,#1687,.T.);
#3616 = ORIENTED_EDGE('',*,*,#3617,.T.);
#3617 = EDGE_CURVE('',#1690,#2549,#3618,.T.);
#3618 = LINE('',#3619,#3620);
#3619 = CARTESIAN_POINT('',(181.15,-98.25,-4.6E-02));
#3620 = VECTOR('',#3621,1.);
#3621 = DIRECTION('',(0.,0.,1.));
#3622 = ORIENTED_EDGE('',*,*,#2546,.F.);
#3623 = ORIENTED_EDGE('',*,*,#3624,.F.);
#3624 = EDGE_CURVE('',#1688,#2547,#3625,.T.);
#3625 = LINE('',#3626,#3627);
#3626 = CARTESIAN_POINT('',(181.15,-96.75,-4.6E-02));
#3627 = VECTOR('',#3628,1.);
#3628 = DIRECTION('',(0.,0.,1.));
#3629 = CYLINDRICAL_SURFACE('',#3630,0.75);
#3630 = AXIS2_PLACEMENT_3D('',#3631,#3632,#3633);
#3631 = CARTESIAN_POINT('',(181.15,-97.5,-4.6E-02));
#3632 = DIRECTION('',(-0.,-0.,-1.));
#3633 = DIRECTION('',(-0.,-1.,0.));
#3634 = ADVANCED_FACE('',(#3635),#3646,.T.);
#3635 = FACE_BOUND('',#3636,.T.);
#3636 = EDGE_LOOP('',(#3637,#3638,#3639,#3640));
#3637 = ORIENTED_EDGE('',*,*,#1715,.T.);
#3638 = ORIENTED_EDGE('',*,*,#3624,.T.);
#3639 = ORIENTED_EDGE('',*,*,#2574,.F.);
#3640 = ORIENTED_EDGE('',*,*,#3641,.F.);
#3641 = EDGE_CURVE('',#1707,#2566,#3642,.T.);
#3642 = LINE('',#3643,#3644);
#3643 = CARTESIAN_POINT('',(179.85,-96.75,-4.6E-02));
#3644 = VECTOR('',#3645,1.);
#3645 = DIRECTION('',(0.,0.,1.));
#3646 = PLANE('',#3647);
#3647 = AXIS2_PLACEMENT_3D('',#3648,#3649,#3650);
#3648 = CARTESIAN_POINT('',(181.15,-96.75,-4.6E-02));
#3649 = DIRECTION('',(0.,-1.,0.));
#3650 = DIRECTION('',(-1.,0.,0.));
#3651 = ADVANCED_FACE('',(#3652),#3663,.F.);
#3652 = FACE_BOUND('',#3653,.T.);
#3653 = EDGE_LOOP('',(#3654,#3655,#3656,#3657));
#3654 = ORIENTED_EDGE('',*,*,#1706,.T.);
#3655 = ORIENTED_EDGE('',*,*,#3641,.T.);
#3656 = ORIENTED_EDGE('',*,*,#2565,.F.);
#3657 = ORIENTED_EDGE('',*,*,#3658,.F.);
#3658 = EDGE_CURVE('',#1699,#2558,#3659,.T.);
#3659 = LINE('',#3660,#3661);
#3660 = CARTESIAN_POINT('',(179.85,-98.25,-4.6E-02));
#3661 = VECTOR('',#3662,1.);
#3662 = DIRECTION('',(0.,0.,1.));
#3663 = CYLINDRICAL_SURFACE('',#3664,0.75);
#3664 = AXIS2_PLACEMENT_3D('',#3665,#3666,#3667);
#3665 = CARTESIAN_POINT('',(179.85,-97.5,-4.6E-02));
#3666 = DIRECTION('',(-0.,0.,-1.));
#3667 = DIRECTION('',(0.,1.,0.));
#3668 = ADVANCED_FACE('',(#3669),#3675,.T.);
#3669 = FACE_BOUND('',#3670,.T.);
#3670 = EDGE_LOOP('',(#3671,#3672,#3673,#3674));
#3671 = ORIENTED_EDGE('',*,*,#1698,.T.);
#3672 = ORIENTED_EDGE('',*,*,#3658,.T.);
#3673 = ORIENTED_EDGE('',*,*,#2557,.F.);
#3674 = ORIENTED_EDGE('',*,*,#3617,.F.);
#3675 = PLANE('',#3676);
#3676 = AXIS2_PLACEMENT_3D('',#3677,#3678,#3679);
#3677 = CARTESIAN_POINT('',(179.85,-98.25,-4.6E-02));
#3678 = DIRECTION('',(0.,1.,0.));
#3679 = DIRECTION('',(1.,0.,0.));
#3680 = ADVANCED_FACE('',(#3681),#3692,.F.);
#3681 = FACE_BOUND('',#3682,.T.);
#3682 = EDGE_LOOP('',(#3683,#3684,#3690,#3691));
#3683 = ORIENTED_EDGE('',*,*,#1723,.T.);
#3684 = ORIENTED_EDGE('',*,*,#3685,.T.);
#3685 = EDGE_CURVE('',#1724,#2583,#3686,.T.);
#3686 = LINE('',#3687,#3688);
#3687 = CARTESIAN_POINT('',(187.5,-94.9,-4.6E-02));
#3688 = VECTOR('',#3689,1.);
#3689 = DIRECTION('',(0.,0.,1.));
#3690 = ORIENTED_EDGE('',*,*,#2582,.F.);
#3691 = ORIENTED_EDGE('',*,*,#3685,.F.);
#3692 = CYLINDRICAL_SURFACE('',#3693,0.5);
#3693 = AXIS2_PLACEMENT_3D('',#3694,#3695,#3696);
#3694 = CARTESIAN_POINT('',(187.5,-94.4,-4.6E-02));
#3695 = DIRECTION('',(-0.,-0.,-1.));
#3696 = DIRECTION('',(-0.,-1.,0.));
#3697 = ADVANCED_FACE('',(#3698),#3709,.F.);
#3698 = FACE_BOUND('',#3699,.T.);
#3699 = EDGE_LOOP('',(#3700,#3701,#3707,#3708));
#3700 = ORIENTED_EDGE('',*,*,#1734,.T.);
#3701 = ORIENTED_EDGE('',*,*,#3702,.T.);
#3702 = EDGE_CURVE('',#1735,#2594,#3703,.T.);
#3703 = LINE('',#3704,#3705);
#3704 = CARTESIAN_POINT('',(173.,-89.9,-4.6E-02));
#3705 = VECTOR('',#3706,1.);
#3706 = DIRECTION('',(0.,0.,1.));
#3707 = ORIENTED_EDGE('',*,*,#2593,.F.);
#3708 = ORIENTED_EDGE('',*,*,#3702,.F.);
#3709 = CYLINDRICAL_SURFACE('',#3710,0.5);
#3710 = AXIS2_PLACEMENT_3D('',#3711,#3712,#3713);
#3711 = CARTESIAN_POINT('',(173.,-89.4,-4.6E-02));
#3712 = DIRECTION('',(-0.,-0.,-1.));
#3713 = DIRECTION('',(-0.,-1.,0.));
#3714 = ADVANCED_FACE('',(#3715),#3726,.F.);
#3715 = FACE_BOUND('',#3716,.T.);
#3716 = EDGE_LOOP('',(#3717,#3718,#3724,#3725));
#3717 = ORIENTED_EDGE('',*,*,#1745,.T.);
#3718 = ORIENTED_EDGE('',*,*,#3719,.T.);
#3719 = EDGE_CURVE('',#1746,#2605,#3720,.T.);
#3720 = LINE('',#3721,#3722);
#3721 = CARTESIAN_POINT('',(187.5,-89.9,-4.6E-02));
#3722 = VECTOR('',#3723,1.);
#3723 = DIRECTION('',(0.,0.,1.));
#3724 = ORIENTED_EDGE('',*,*,#2604,.F.);
#3725 = ORIENTED_EDGE('',*,*,#3719,.F.);
#3726 = CYLINDRICAL_SURFACE('',#3727,0.5);
#3727 = AXIS2_PLACEMENT_3D('',#3728,#3729,#3730);
#3728 = CARTESIAN_POINT('',(187.5,-89.4,-4.6E-02));
#3729 = DIRECTION('',(-0.,-0.,-1.));
#3730 = DIRECTION('',(-0.,-1.,0.));
#3731 = ADVANCED_FACE('',(#3732),#3748,.F.);
#3732 = FACE_BOUND('',#3733,.T.);
#3733 = EDGE_LOOP('',(#3734,#3735,#3741,#3742));
#3734 = ORIENTED_EDGE('',*,*,#1756,.T.);
#3735 = ORIENTED_EDGE('',*,*,#3736,.T.);
#3736 = EDGE_CURVE('',#1759,#2618,#3737,.T.);
#3737 = LINE('',#3738,#3739);
#3738 = CARTESIAN_POINT('',(181.15,-87.05,-4.6E-02));
#3739 = VECTOR('',#3740,1.);
#3740 = DIRECTION('',(0.,0.,1.));
#3741 = ORIENTED_EDGE('',*,*,#2615,.F.);
#3742 = ORIENTED_EDGE('',*,*,#3743,.F.);
#3743 = EDGE_CURVE('',#1757,#2616,#3744,.T.);
#3744 = LINE('',#3745,#3746);
#3745 = CARTESIAN_POINT('',(181.15,-85.55,-4.6E-02));
#3746 = VECTOR('',#3747,1.);
#3747 = DIRECTION('',(0.,0.,1.));
#3748 = CYLINDRICAL_SURFACE('',#3749,0.75);
#3749 = AXIS2_PLACEMENT_3D('',#3750,#3751,#3752);
#3750 = CARTESIAN_POINT('',(181.15,-86.3,-4.6E-02));
#3751 = DIRECTION('',(-0.,-0.,-1.));
#3752 = DIRECTION('',(-0.,-1.,0.));
#3753 = ADVANCED_FACE('',(#3754),#3765,.T.);
#3754 = FACE_BOUND('',#3755,.T.);
#3755 = EDGE_LOOP('',(#3756,#3757,#3758,#3759));
#3756 = ORIENTED_EDGE('',*,*,#1784,.T.);
#3757 = ORIENTED_EDGE('',*,*,#3743,.T.);
#3758 = ORIENTED_EDGE('',*,*,#2643,.F.);
#3759 = ORIENTED_EDGE('',*,*,#3760,.F.);
#3760 = EDGE_CURVE('',#1776,#2635,#3761,.T.);
#3761 = LINE('',#3762,#3763);
#3762 = CARTESIAN_POINT('',(179.85,-85.55,-4.6E-02));
#3763 = VECTOR('',#3764,1.);
#3764 = DIRECTION('',(0.,0.,1.));
#3765 = PLANE('',#3766);
#3766 = AXIS2_PLACEMENT_3D('',#3767,#3768,#3769);
#3767 = CARTESIAN_POINT('',(181.15,-85.55,-4.6E-02));
#3768 = DIRECTION('',(0.,-1.,0.));
#3769 = DIRECTION('',(-1.,0.,0.));
#3770 = ADVANCED_FACE('',(#3771),#3782,.F.);
#3771 = FACE_BOUND('',#3772,.T.);
#3772 = EDGE_LOOP('',(#3773,#3774,#3775,#3776));
#3773 = ORIENTED_EDGE('',*,*,#1775,.T.);
#3774 = ORIENTED_EDGE('',*,*,#3760,.T.);
#3775 = ORIENTED_EDGE('',*,*,#2634,.F.);
#3776 = ORIENTED_EDGE('',*,*,#3777,.F.);
#3777 = EDGE_CURVE('',#1768,#2627,#3778,.T.);
#3778 = LINE('',#3779,#3780);
#3779 = CARTESIAN_POINT('',(179.85,-87.05,-4.6E-02));
#3780 = VECTOR('',#3781,1.);
#3781 = DIRECTION('',(0.,0.,1.));
#3782 = CYLINDRICAL_SURFACE('',#3783,0.75);
#3783 = AXIS2_PLACEMENT_3D('',#3784,#3785,#3786);
#3784 = CARTESIAN_POINT('',(179.85,-86.3,-4.6E-02));
#3785 = DIRECTION('',(-0.,0.,-1.));
#3786 = DIRECTION('',(0.,1.,0.));
#3787 = ADVANCED_FACE('',(#3788),#3794,.T.);
#3788 = FACE_BOUND('',#3789,.T.);
#3789 = EDGE_LOOP('',(#3790,#3791,#3792,#3793));
#3790 = ORIENTED_EDGE('',*,*,#1767,.T.);
#3791 = ORIENTED_EDGE('',*,*,#3777,.T.);
#3792 = ORIENTED_EDGE('',*,*,#2626,.F.);
#3793 = ORIENTED_EDGE('',*,*,#3736,.F.);
#3794 = PLANE('',#3795);
#3795 = AXIS2_PLACEMENT_3D('',#3796,#3797,#3798);
#3796 = CARTESIAN_POINT('',(179.85,-87.05,-4.6E-02));
#3797 = DIRECTION('',(0.,1.,0.));
#3798 = DIRECTION('',(1.,0.,0.));
#3799 = ADVANCED_FACE('',(#3800),#3811,.F.);
#3800 = FACE_BOUND('',#3801,.T.);
#3801 = EDGE_LOOP('',(#3802,#3803,#3809,#3810));
#3802 = ORIENTED_EDGE('',*,*,#1792,.T.);
#3803 = ORIENTED_EDGE('',*,*,#3804,.T.);
#3804 = EDGE_CURVE('',#1793,#2652,#3805,.T.);
#3805 = LINE('',#3806,#3807);
#3806 = CARTESIAN_POINT('',(112.,-79.59,-4.6E-02));
#3807 = VECTOR('',#3808,1.);
#3808 = DIRECTION('',(0.,0.,1.));
#3809 = ORIENTED_EDGE('',*,*,#2651,.F.);
#3810 = ORIENTED_EDGE('',*,*,#3804,.F.);
#3811 = CYLINDRICAL_SURFACE('',#3812,0.4);
#3812 = AXIS2_PLACEMENT_3D('',#3813,#3814,#3815);
#3813 = CARTESIAN_POINT('',(112.,-79.19,-4.6E-02));
#3814 = DIRECTION('',(-0.,-0.,-1.));
#3815 = DIRECTION('',(-0.,-1.,0.));
#3816 = ADVANCED_FACE('',(#3817),#3828,.F.);
#3817 = FACE_BOUND('',#3818,.T.);
#3818 = EDGE_LOOP('',(#3819,#3820,#3826,#3827));
#3819 = ORIENTED_EDGE('',*,*,#1803,.T.);
#3820 = ORIENTED_EDGE('',*,*,#3821,.T.);
#3821 = EDGE_CURVE('',#1804,#2663,#3822,.T.);
#3822 = LINE('',#3823,#3824);
#3823 = CARTESIAN_POINT('',(117.61,-80.71,-4.6E-02));
#3824 = VECTOR('',#3825,1.);
#3825 = DIRECTION('',(0.,0.,1.));
#3826 = ORIENTED_EDGE('',*,*,#2662,.F.);
#3827 = ORIENTED_EDGE('',*,*,#3821,.F.);
#3828 = CYLINDRICAL_SURFACE('',#3829,0.75);
#3829 = AXIS2_PLACEMENT_3D('',#3830,#3831,#3832);
#3830 = CARTESIAN_POINT('',(117.61,-79.96,-4.6E-02));
#3831 = DIRECTION('',(-0.,-0.,-1.));
#3832 = DIRECTION('',(-0.,-1.,0.));
#3833 = ADVANCED_FACE('',(#3834),#3845,.F.);
#3834 = FACE_BOUND('',#3835,.T.);
#3835 = EDGE_LOOP('',(#3836,#3837,#3843,#3844));
#3836 = ORIENTED_EDGE('',*,*,#1814,.T.);
#3837 = ORIENTED_EDGE('',*,*,#3838,.T.);
#3838 = EDGE_CURVE('',#1815,#2674,#3839,.T.);
#3839 = LINE('',#3840,#3841);
#3840 = CARTESIAN_POINT('',(123.96,-78.17,-4.6E-02));
#3841 = VECTOR('',#3842,1.);
#3842 = DIRECTION('',(0.,0.,1.));
#3843 = ORIENTED_EDGE('',*,*,#2673,.F.);
#3844 = ORIENTED_EDGE('',*,*,#3838,.F.);
#3845 = CYLINDRICAL_SURFACE('',#3846,0.75);
#3846 = AXIS2_PLACEMENT_3D('',#3847,#3848,#3849);
#3847 = CARTESIAN_POINT('',(123.96,-77.42,-4.6E-02));
#3848 = DIRECTION('',(-0.,-0.,-1.));
#3849 = DIRECTION('',(-0.,-1.,0.));
#3850 = ADVANCED_FACE('',(#3851),#3862,.F.);
#3851 = FACE_BOUND('',#3852,.T.);
#3852 = EDGE_LOOP('',(#3853,#3854,#3860,#3861));
#3853 = ORIENTED_EDGE('',*,*,#1825,.T.);
#3854 = ORIENTED_EDGE('',*,*,#3855,.T.);
#3855 = EDGE_CURVE('',#1826,#2685,#3856,.T.);
#3856 = LINE('',#3857,#3858);
#3857 = CARTESIAN_POINT('',(113.75,-71.,-4.6E-02));
#3858 = VECTOR('',#3859,1.);
#3859 = DIRECTION('',(0.,0.,1.));
#3860 = ORIENTED_EDGE('',*,*,#2684,.F.);
#3861 = ORIENTED_EDGE('',*,*,#3855,.F.);
#3862 = CYLINDRICAL_SURFACE('',#3863,0.5);
#3863 = AXIS2_PLACEMENT_3D('',#3864,#3865,#3866);
#3864 = CARTESIAN_POINT('',(113.75,-70.5,-4.6E-02));
#3865 = DIRECTION('',(-0.,-0.,-1.));
#3866 = DIRECTION('',(-0.,-1.,0.));
#3867 = ADVANCED_FACE('',(#3868),#3879,.F.);
#3868 = FACE_BOUND('',#3869,.T.);
#3869 = EDGE_LOOP('',(#3870,#3871,#3877,#3878));
#3870 = ORIENTED_EDGE('',*,*,#1836,.T.);
#3871 = ORIENTED_EDGE('',*,*,#3872,.T.);
#3872 = EDGE_CURVE('',#1837,#2696,#3873,.T.);
#3873 = LINE('',#3874,#3875);
#3874 = CARTESIAN_POINT('',(113.75,-68.46,-4.6E-02));
#3875 = VECTOR('',#3876,1.);
#3876 = DIRECTION('',(0.,0.,1.));
#3877 = ORIENTED_EDGE('',*,*,#2695,.F.);
#3878 = ORIENTED_EDGE('',*,*,#3872,.F.);
#3879 = CYLINDRICAL_SURFACE('',#3880,0.5);
#3880 = AXIS2_PLACEMENT_3D('',#3881,#3882,#3883);
#3881 = CARTESIAN_POINT('',(113.75,-67.96,-4.6E-02));
#3882 = DIRECTION('',(-0.,-0.,-1.));
#3883 = DIRECTION('',(-0.,-1.,0.));
#3884 = ADVANCED_FACE('',(#3885),#3896,.F.);
#3885 = FACE_BOUND('',#3886,.T.);
#3886 = EDGE_LOOP('',(#3887,#3888,#3894,#3895));
#3887 = ORIENTED_EDGE('',*,*,#1847,.T.);
#3888 = ORIENTED_EDGE('',*,*,#3889,.T.);
#3889 = EDGE_CURVE('',#1848,#2707,#3890,.T.);
#3890 = LINE('',#3891,#3892);
#3891 = CARTESIAN_POINT('',(129.,-71.,-4.6E-02));
#3892 = VECTOR('',#3893,1.);
#3893 = DIRECTION('',(0.,0.,1.));
#3894 = ORIENTED_EDGE('',*,*,#2706,.F.);
#3895 = ORIENTED_EDGE('',*,*,#3889,.F.);
#3896 = CYLINDRICAL_SURFACE('',#3897,0.5);
#3897 = AXIS2_PLACEMENT_3D('',#3898,#3899,#3900);
#3898 = CARTESIAN_POINT('',(129.,-70.5,-4.6E-02));
#3899 = DIRECTION('',(-0.,-0.,-1.));
#3900 = DIRECTION('',(-0.,-1.,0.));
#3901 = ADVANCED_FACE('',(#3902),#3913,.F.);
#3902 = FACE_BOUND('',#3903,.T.);
#3903 = EDGE_LOOP('',(#3904,#3905,#3911,#3912));
#3904 = ORIENTED_EDGE('',*,*,#1858,.T.);
#3905 = ORIENTED_EDGE('',*,*,#3906,.T.);
#3906 = EDGE_CURVE('',#1859,#2718,#3907,.T.);
#3907 = LINE('',#3908,#3909);
#3908 = CARTESIAN_POINT('',(129.,-68.46,-4.6E-02));
#3909 = VECTOR('',#3910,1.);
#3910 = DIRECTION('',(0.,0.,1.));
#3911 = ORIENTED_EDGE('',*,*,#2717,.F.);
#3912 = ORIENTED_EDGE('',*,*,#3906,.F.);
#3913 = CYLINDRICAL_SURFACE('',#3914,0.5);
#3914 = AXIS2_PLACEMENT_3D('',#3915,#3916,#3917);
#3915 = CARTESIAN_POINT('',(129.,-67.96,-4.6E-02));
#3916 = DIRECTION('',(-0.,-0.,-1.));
#3917 = DIRECTION('',(-0.,-1.,0.));
#3918 = ADVANCED_FACE('',(#3919),#3930,.F.);
#3919 = FACE_BOUND('',#3920,.T.);
#3920 = EDGE_LOOP('',(#3921,#3922,#3928,#3929));
#3921 = ORIENTED_EDGE('',*,*,#1869,.T.);
#3922 = ORIENTED_EDGE('',*,*,#3923,.T.);
#3923 = EDGE_CURVE('',#1870,#2729,#3924,.T.);
#3924 = LINE('',#3925,#3926);
#3925 = CARTESIAN_POINT('',(131.5,-79.59,-4.6E-02));
#3926 = VECTOR('',#3927,1.);
#3927 = DIRECTION('',(0.,0.,1.));
#3928 = ORIENTED_EDGE('',*,*,#2728,.F.);
#3929 = ORIENTED_EDGE('',*,*,#3923,.F.);
#3930 = CYLINDRICAL_SURFACE('',#3931,0.4);
#3931 = AXIS2_PLACEMENT_3D('',#3932,#3933,#3934);
#3932 = CARTESIAN_POINT('',(131.5,-79.19,-4.6E-02));
#3933 = DIRECTION('',(-0.,-0.,-1.));
#3934 = DIRECTION('',(-0.,-1.,0.));
#3935 = ADVANCED_FACE('',(#3936),#3947,.F.);
#3936 = FACE_BOUND('',#3937,.T.);
#3937 = EDGE_LOOP('',(#3938,#3939,#3945,#3946));
#3938 = ORIENTED_EDGE('',*,*,#1880,.T.);
#3939 = ORIENTED_EDGE('',*,*,#3940,.T.);
#3940 = EDGE_CURVE('',#1881,#2740,#3941,.T.);
#3941 = LINE('',#3942,#3943);
#3942 = CARTESIAN_POINT('',(137.61,-80.71,-4.6E-02));
#3943 = VECTOR('',#3944,1.);
#3944 = DIRECTION('',(0.,0.,1.));
#3945 = ORIENTED_EDGE('',*,*,#2739,.F.);
#3946 = ORIENTED_EDGE('',*,*,#3940,.F.);
#3947 = CYLINDRICAL_SURFACE('',#3948,0.75);
#3948 = AXIS2_PLACEMENT_3D('',#3949,#3950,#3951);
#3949 = CARTESIAN_POINT('',(137.61,-79.96,-4.6E-02));
#3950 = DIRECTION('',(-0.,-0.,-1.));
#3951 = DIRECTION('',(-0.,-1.,0.));
#3952 = ADVANCED_FACE('',(#3953),#3964,.F.);
#3953 = FACE_BOUND('',#3954,.T.);
#3954 = EDGE_LOOP('',(#3955,#3956,#3962,#3963));
#3955 = ORIENTED_EDGE('',*,*,#1891,.T.);
#3956 = ORIENTED_EDGE('',*,*,#3957,.T.);
#3957 = EDGE_CURVE('',#1892,#2751,#3958,.T.);
#3958 = LINE('',#3959,#3960);
#3959 = CARTESIAN_POINT('',(146.5,-83.35,-4.6E-02));
#3960 = VECTOR('',#3961,1.);
#3961 = DIRECTION('',(0.,0.,1.));
#3962 = ORIENTED_EDGE('',*,*,#2750,.F.);
#3963 = ORIENTED_EDGE('',*,*,#3957,.F.);
#3964 = CYLINDRICAL_SURFACE('',#3965,0.85);
#3965 = AXIS2_PLACEMENT_3D('',#3966,#3967,#3968);
#3966 = CARTESIAN_POINT('',(146.5,-82.5,-4.6E-02));
#3967 = DIRECTION('',(-0.,-0.,-1.));
#3968 = DIRECTION('',(-0.,-1.,0.));
#3969 = ADVANCED_FACE('',(#3970),#3981,.F.);
#3970 = FACE_BOUND('',#3971,.T.);
#3971 = EDGE_LOOP('',(#3972,#3973,#3979,#3980));
#3972 = ORIENTED_EDGE('',*,*,#1902,.T.);
#3973 = ORIENTED_EDGE('',*,*,#3974,.T.);
#3974 = EDGE_CURVE('',#1903,#2762,#3975,.T.);
#3975 = LINE('',#3976,#3977);
#3976 = CARTESIAN_POINT('',(143.96,-78.17,-4.6E-02));
#3977 = VECTOR('',#3978,1.);
#3978 = DIRECTION('',(0.,0.,1.));
#3979 = ORIENTED_EDGE('',*,*,#2761,.F.);
#3980 = ORIENTED_EDGE('',*,*,#3974,.F.);
#3981 = CYLINDRICAL_SURFACE('',#3982,0.75);
#3982 = AXIS2_PLACEMENT_3D('',#3983,#3984,#3985);
#3983 = CARTESIAN_POINT('',(143.96,-77.42,-4.6E-02));
#3984 = DIRECTION('',(-0.,-0.,-1.));
#3985 = DIRECTION('',(-0.,-1.,0.));
#3986 = ADVANCED_FACE('',(#3987),#3998,.F.);
#3987 = FACE_BOUND('',#3988,.T.);
#3988 = EDGE_LOOP('',(#3989,#3990,#3996,#3997));
#3989 = ORIENTED_EDGE('',*,*,#1913,.T.);
#3990 = ORIENTED_EDGE('',*,*,#3991,.T.);
#3991 = EDGE_CURVE('',#1914,#2773,#3992,.T.);
#3992 = LINE('',#3993,#3994);
#3993 = CARTESIAN_POINT('',(113.75,-65.92,-4.6E-02));
#3994 = VECTOR('',#3995,1.);
#3995 = DIRECTION('',(0.,0.,1.));
#3996 = ORIENTED_EDGE('',*,*,#2772,.F.);
#3997 = ORIENTED_EDGE('',*,*,#3991,.F.);
#3998 = CYLINDRICAL_SURFACE('',#3999,0.5);
#3999 = AXIS2_PLACEMENT_3D('',#4000,#4001,#4002);
#4000 = CARTESIAN_POINT('',(113.75,-65.42,-4.6E-02));
#4001 = DIRECTION('',(-0.,-0.,-1.));
#4002 = DIRECTION('',(-0.,-1.,0.));
#4003 = ADVANCED_FACE('',(#4004),#4015,.F.);
#4004 = FACE_BOUND('',#4005,.T.);
#4005 = EDGE_LOOP('',(#4006,#4007,#4013,#4014));
#4006 = ORIENTED_EDGE('',*,*,#1924,.T.);
#4007 = ORIENTED_EDGE('',*,*,#4008,.T.);
#4008 = EDGE_CURVE('',#1925,#2784,#4009,.T.);
#4009 = LINE('',#4010,#4011);
#4010 = CARTESIAN_POINT('',(113.75,-63.38,-4.6E-02));
#4011 = VECTOR('',#4012,1.);
#4012 = DIRECTION('',(0.,0.,1.));
#4013 = ORIENTED_EDGE('',*,*,#2783,.F.);
#4014 = ORIENTED_EDGE('',*,*,#4008,.F.);
#4015 = CYLINDRICAL_SURFACE('',#4016,0.5);
#4016 = AXIS2_PLACEMENT_3D('',#4017,#4018,#4019);
#4017 = CARTESIAN_POINT('',(113.75,-62.88,-4.6E-02));
#4018 = DIRECTION('',(-0.,-0.,-1.));
#4019 = DIRECTION('',(-0.,-1.,0.));
#4020 = ADVANCED_FACE('',(#4021),#4032,.F.);
#4021 = FACE_BOUND('',#4022,.T.);
#4022 = EDGE_LOOP('',(#4023,#4024,#4030,#4031));
#4023 = ORIENTED_EDGE('',*,*,#1935,.T.);
#4024 = ORIENTED_EDGE('',*,*,#4025,.T.);
#4025 = EDGE_CURVE('',#1936,#2795,#4026,.T.);
#4026 = LINE('',#4027,#4028);
#4027 = CARTESIAN_POINT('',(113.75,-60.84,-4.6E-02));
#4028 = VECTOR('',#4029,1.);
#4029 = DIRECTION('',(0.,0.,1.));
#4030 = ORIENTED_EDGE('',*,*,#2794,.F.);
#4031 = ORIENTED_EDGE('',*,*,#4025,.F.);
#4032 = CYLINDRICAL_SURFACE('',#4033,0.5);
#4033 = AXIS2_PLACEMENT_3D('',#4034,#4035,#4036);
#4034 = CARTESIAN_POINT('',(113.75,-60.34,-4.6E-02));
#4035 = DIRECTION('',(-0.,-0.,-1.));
#4036 = DIRECTION('',(-0.,-1.,0.));
#4037 = ADVANCED_FACE('',(#4038),#4049,.F.);
#4038 = FACE_BOUND('',#4039,.T.);
#4039 = EDGE_LOOP('',(#4040,#4041,#4047,#4048));
#4040 = ORIENTED_EDGE('',*,*,#1946,.T.);
#4041 = ORIENTED_EDGE('',*,*,#4042,.T.);
#4042 = EDGE_CURVE('',#1947,#2806,#4043,.T.);
#4043 = LINE('',#4044,#4045);
#4044 = CARTESIAN_POINT('',(129.,-65.92,-4.6E-02));
#4045 = VECTOR('',#4046,1.);
#4046 = DIRECTION('',(0.,0.,1.));
#4047 = ORIENTED_EDGE('',*,*,#2805,.F.);
#4048 = ORIENTED_EDGE('',*,*,#4042,.F.);
#4049 = CYLINDRICAL_SURFACE('',#4050,0.5);
#4050 = AXIS2_PLACEMENT_3D('',#4051,#4052,#4053);
#4051 = CARTESIAN_POINT('',(129.,-65.42,-4.6E-02));
#4052 = DIRECTION('',(-0.,-0.,-1.));
#4053 = DIRECTION('',(-0.,-1.,0.));
#4054 = ADVANCED_FACE('',(#4055),#4066,.F.);
#4055 = FACE_BOUND('',#4056,.T.);
#4056 = EDGE_LOOP('',(#4057,#4058,#4064,#4065));
#4057 = ORIENTED_EDGE('',*,*,#1957,.T.);
#4058 = ORIENTED_EDGE('',*,*,#4059,.T.);
#4059 = EDGE_CURVE('',#1958,#2817,#4060,.T.);
#4060 = LINE('',#4061,#4062);
#4061 = CARTESIAN_POINT('',(129.,-63.38,-4.6E-02));
#4062 = VECTOR('',#4063,1.);
#4063 = DIRECTION('',(0.,0.,1.));
#4064 = ORIENTED_EDGE('',*,*,#2816,.F.);
#4065 = ORIENTED_EDGE('',*,*,#4059,.F.);
#4066 = CYLINDRICAL_SURFACE('',#4067,0.5);
#4067 = AXIS2_PLACEMENT_3D('',#4068,#4069,#4070);
#4068 = CARTESIAN_POINT('',(129.,-62.88,-4.6E-02));
#4069 = DIRECTION('',(-0.,-0.,-1.));
#4070 = DIRECTION('',(-0.,-1.,0.));
#4071 = ADVANCED_FACE('',(#4072),#4083,.F.);
#4072 = FACE_BOUND('',#4073,.T.);
#4073 = EDGE_LOOP('',(#4074,#4075,#4081,#4082));
#4074 = ORIENTED_EDGE('',*,*,#1968,.T.);
#4075 = ORIENTED_EDGE('',*,*,#4076,.T.);
#4076 = EDGE_CURVE('',#1969,#2828,#4077,.T.);
#4077 = LINE('',#4078,#4079);
#4078 = CARTESIAN_POINT('',(129.,-60.84,-4.6E-02));
#4079 = VECTOR('',#4080,1.);
#4080 = DIRECTION('',(0.,0.,1.));
#4081 = ORIENTED_EDGE('',*,*,#2827,.F.);
#4082 = ORIENTED_EDGE('',*,*,#4076,.F.);
#4083 = CYLINDRICAL_SURFACE('',#4084,0.5);
#4084 = AXIS2_PLACEMENT_3D('',#4085,#4086,#4087);
#4085 = CARTESIAN_POINT('',(129.,-60.34,-4.6E-02));
#4086 = DIRECTION('',(-0.,-0.,-1.));
#4087 = DIRECTION('',(-0.,-1.,0.));
#4088 = ADVANCED_FACE('',(#4089),#4100,.F.);
#4089 = FACE_BOUND('',#4090,.T.);
#4090 = EDGE_LOOP('',(#4091,#4092,#4098,#4099));
#4091 = ORIENTED_EDGE('',*,*,#1979,.T.);
#4092 = ORIENTED_EDGE('',*,*,#4093,.T.);
#4093 = EDGE_CURVE('',#1980,#2839,#4094,.T.);
#4094 = LINE('',#4095,#4096);
#4095 = CARTESIAN_POINT('',(113.75,-58.3,-4.6E-02));
#4096 = VECTOR('',#4097,1.);
#4097 = DIRECTION('',(0.,0.,1.));
#4098 = ORIENTED_EDGE('',*,*,#2838,.F.);
#4099 = ORIENTED_EDGE('',*,*,#4093,.F.);
#4100 = CYLINDRICAL_SURFACE('',#4101,0.5);
#4101 = AXIS2_PLACEMENT_3D('',#4102,#4103,#4104);
#4102 = CARTESIAN_POINT('',(113.75,-57.8,-4.6E-02));
#4103 = DIRECTION('',(-0.,-0.,-1.));
#4104 = DIRECTION('',(-0.,-1.,0.));
#4105 = ADVANCED_FACE('',(#4106),#4117,.F.);
#4106 = FACE_BOUND('',#4107,.T.);
#4107 = EDGE_LOOP('',(#4108,#4109,#4115,#4116));
#4108 = ORIENTED_EDGE('',*,*,#1990,.T.);
#4109 = ORIENTED_EDGE('',*,*,#4110,.T.);
#4110 = EDGE_CURVE('',#1991,#2850,#4111,.T.);
#4111 = LINE('',#4112,#4113);
#4112 = CARTESIAN_POINT('',(113.75,-55.76,-4.6E-02));
#4113 = VECTOR('',#4114,1.);
#4114 = DIRECTION('',(0.,0.,1.));
#4115 = ORIENTED_EDGE('',*,*,#2849,.F.);
#4116 = ORIENTED_EDGE('',*,*,#4110,.F.);
#4117 = CYLINDRICAL_SURFACE('',#4118,0.5);
#4118 = AXIS2_PLACEMENT_3D('',#4119,#4120,#4121);
#4119 = CARTESIAN_POINT('',(113.75,-55.26,-4.6E-02));
#4120 = DIRECTION('',(-0.,-0.,-1.));
#4121 = DIRECTION('',(-0.,-1.,0.));
#4122 = ADVANCED_FACE('',(#4123),#4134,.F.);
#4123 = FACE_BOUND('',#4124,.T.);
#4124 = EDGE_LOOP('',(#4125,#4126,#4132,#4133));
#4125 = ORIENTED_EDGE('',*,*,#2001,.T.);
#4126 = ORIENTED_EDGE('',*,*,#4127,.T.);
#4127 = EDGE_CURVE('',#2002,#2861,#4128,.T.);
#4128 = LINE('',#4129,#4130);
#4129 = CARTESIAN_POINT('',(129.,-58.3,-4.6E-02));
#4130 = VECTOR('',#4131,1.);
#4131 = DIRECTION('',(0.,0.,1.));
#4132 = ORIENTED_EDGE('',*,*,#2860,.F.);
#4133 = ORIENTED_EDGE('',*,*,#4127,.F.);
#4134 = CYLINDRICAL_SURFACE('',#4135,0.5);
#4135 = AXIS2_PLACEMENT_3D('',#4136,#4137,#4138);
#4136 = CARTESIAN_POINT('',(129.,-57.8,-4.6E-02));
#4137 = DIRECTION('',(-0.,-0.,-1.));
#4138 = DIRECTION('',(-0.,-1.,0.));
#4139 = ADVANCED_FACE('',(#4140),#4151,.F.);
#4140 = FACE_BOUND('',#4141,.T.);
#4141 = EDGE_LOOP('',(#4142,#4143,#4149,#4150));
#4142 = ORIENTED_EDGE('',*,*,#2012,.T.);
#4143 = ORIENTED_EDGE('',*,*,#4144,.T.);
#4144 = EDGE_CURVE('',#2013,#2872,#4145,.T.);
#4145 = LINE('',#4146,#4147);
#4146 = CARTESIAN_POINT('',(129.,-55.76,-4.6E-02));
#4147 = VECTOR('',#4148,1.);
#4148 = DIRECTION('',(0.,0.,1.));
#4149 = ORIENTED_EDGE('',*,*,#2871,.F.);
#4150 = ORIENTED_EDGE('',*,*,#4144,.F.);
#4151 = CYLINDRICAL_SURFACE('',#4152,0.5);
#4152 = AXIS2_PLACEMENT_3D('',#4153,#4154,#4155);
#4153 = CARTESIAN_POINT('',(129.,-55.26,-4.6E-02));
#4154 = DIRECTION('',(-0.,-0.,-1.));
#4155 = DIRECTION('',(-0.,-1.,0.));
#4156 = ADVANCED_FACE('',(#4157),#4168,.F.);
#4157 = FACE_BOUND('',#4158,.T.);
#4158 = EDGE_LOOP('',(#4159,#4160,#4166,#4167));
#4159 = ORIENTED_EDGE('',*,*,#2023,.T.);
#4160 = ORIENTED_EDGE('',*,*,#4161,.T.);
#4161 = EDGE_CURVE('',#2024,#2883,#4162,.T.);
#4162 = LINE('',#4163,#4164);
#4163 = CARTESIAN_POINT('',(139.,-64.81,-4.6E-02));
#4164 = VECTOR('',#4165,1.);
#4165 = DIRECTION('',(0.,0.,1.));
#4166 = ORIENTED_EDGE('',*,*,#2882,.F.);
#4167 = ORIENTED_EDGE('',*,*,#4161,.F.);
#4168 = CYLINDRICAL_SURFACE('',#4169,0.5);
#4169 = AXIS2_PLACEMENT_3D('',#4170,#4171,#4172);
#4170 = CARTESIAN_POINT('',(139.,-64.31,-4.6E-02));
#4171 = DIRECTION('',(-0.,-0.,-1.));
#4172 = DIRECTION('',(-0.,-1.,0.));
#4173 = ADVANCED_FACE('',(#4174),#4185,.F.);
#4174 = FACE_BOUND('',#4175,.T.);
#4175 = EDGE_LOOP('',(#4176,#4177,#4183,#4184));
#4176 = ORIENTED_EDGE('',*,*,#2034,.T.);
#4177 = ORIENTED_EDGE('',*,*,#4178,.T.);
#4178 = EDGE_CURVE('',#2035,#2894,#4179,.T.);
#4179 = LINE('',#4180,#4181);
#4180 = CARTESIAN_POINT('',(139.,-62.27,-4.6E-02));
#4181 = VECTOR('',#4182,1.);
#4182 = DIRECTION('',(0.,0.,1.));
#4183 = ORIENTED_EDGE('',*,*,#2893,.F.);
#4184 = ORIENTED_EDGE('',*,*,#4178,.F.);
#4185 = CYLINDRICAL_SURFACE('',#4186,0.5);
#4186 = AXIS2_PLACEMENT_3D('',#4187,#4188,#4189);
#4187 = CARTESIAN_POINT('',(139.,-61.77,-4.6E-02));
#4188 = DIRECTION('',(-0.,-0.,-1.));
#4189 = DIRECTION('',(-0.,-1.,0.));
#4190 = ADVANCED_FACE('',(#4191),#4202,.F.);
#4191 = FACE_BOUND('',#4192,.T.);
#4192 = EDGE_LOOP('',(#4193,#4194,#4200,#4201));
#4193 = ORIENTED_EDGE('',*,*,#2045,.T.);
#4194 = ORIENTED_EDGE('',*,*,#4195,.T.);
#4195 = EDGE_CURVE('',#2046,#2905,#4196,.T.);
#4196 = LINE('',#4197,#4198);
#4197 = CARTESIAN_POINT('',(139.,-59.73,-4.6E-02));
#4198 = VECTOR('',#4199,1.);
#4199 = DIRECTION('',(0.,0.,1.));
#4200 = ORIENTED_EDGE('',*,*,#2904,.F.);
#4201 = ORIENTED_EDGE('',*,*,#4195,.F.);
#4202 = CYLINDRICAL_SURFACE('',#4203,0.5);
#4203 = AXIS2_PLACEMENT_3D('',#4204,#4205,#4206);
#4204 = CARTESIAN_POINT('',(139.,-59.23,-4.6E-02));
#4205 = DIRECTION('',(-0.,-0.,-1.));
#4206 = DIRECTION('',(-0.,-1.,0.));
#4207 = ADVANCED_FACE('',(#4208),#4219,.F.);
#4208 = FACE_BOUND('',#4209,.T.);
#4209 = EDGE_LOOP('',(#4210,#4211,#4217,#4218));
#4210 = ORIENTED_EDGE('',*,*,#2056,.T.);
#4211 = ORIENTED_EDGE('',*,*,#4212,.T.);
#4212 = EDGE_CURVE('',#2057,#2916,#4213,.T.);
#4213 = LINE('',#4214,#4215);
#4214 = CARTESIAN_POINT('',(139.,-57.19,-4.6E-02));
#4215 = VECTOR('',#4216,1.);
#4216 = DIRECTION('',(0.,0.,1.));
#4217 = ORIENTED_EDGE('',*,*,#2915,.F.);
#4218 = ORIENTED_EDGE('',*,*,#4212,.F.);
#4219 = CYLINDRICAL_SURFACE('',#4220,0.5);
#4220 = AXIS2_PLACEMENT_3D('',#4221,#4222,#4223);
#4221 = CARTESIAN_POINT('',(139.,-56.69,-4.6E-02));
#4222 = DIRECTION('',(-0.,-0.,-1.));
#4223 = DIRECTION('',(-0.,-1.,0.));
#4224 = ADVANCED_FACE('',(#4225),#4236,.F.);
#4225 = FACE_BOUND('',#4226,.T.);
#4226 = EDGE_LOOP('',(#4227,#4228,#4234,#4235));
#4227 = ORIENTED_EDGE('',*,*,#2067,.T.);
#4228 = ORIENTED_EDGE('',*,*,#4229,.T.);
#4229 = EDGE_CURVE('',#2068,#2927,#4230,.T.);
#4230 = LINE('',#4231,#4232);
#4231 = CARTESIAN_POINT('',(151.5,-79.78,-4.6E-02));
#4232 = VECTOR('',#4233,1.);
#4233 = DIRECTION('',(0.,0.,1.));
#4234 = ORIENTED_EDGE('',*,*,#2926,.F.);
#4235 = ORIENTED_EDGE('',*,*,#4229,.F.);
#4236 = CYLINDRICAL_SURFACE('',#4237,0.4);
#4237 = AXIS2_PLACEMENT_3D('',#4238,#4239,#4240);
#4238 = CARTESIAN_POINT('',(151.5,-79.38,-4.6E-02));
#4239 = DIRECTION('',(-0.,-0.,-1.));
#4240 = DIRECTION('',(-0.,-1.,0.));
#4241 = ADVANCED_FACE('',(#4242),#4253,.F.);
#4242 = FACE_BOUND('',#4243,.T.);
#4243 = EDGE_LOOP('',(#4244,#4245,#4251,#4252));
#4244 = ORIENTED_EDGE('',*,*,#2078,.T.);
#4245 = ORIENTED_EDGE('',*,*,#4246,.T.);
#4246 = EDGE_CURVE('',#2079,#2938,#4247,.T.);
#4247 = LINE('',#4248,#4249);
#4248 = CARTESIAN_POINT('',(157.61,-80.71,-4.6E-02));
#4249 = VECTOR('',#4250,1.);
#4250 = DIRECTION('',(0.,0.,1.));
#4251 = ORIENTED_EDGE('',*,*,#2937,.F.);
#4252 = ORIENTED_EDGE('',*,*,#4246,.F.);
#4253 = CYLINDRICAL_SURFACE('',#4254,0.75);
#4254 = AXIS2_PLACEMENT_3D('',#4255,#4256,#4257);
#4255 = CARTESIAN_POINT('',(157.61,-79.96,-4.6E-02));
#4256 = DIRECTION('',(-0.,-0.,-1.));
#4257 = DIRECTION('',(-0.,-1.,0.));
#4258 = ADVANCED_FACE('',(#4259),#4270,.F.);
#4259 = FACE_BOUND('',#4260,.T.);
#4260 = EDGE_LOOP('',(#4261,#4262,#4268,#4269));
#4261 = ORIENTED_EDGE('',*,*,#2089,.T.);
#4262 = ORIENTED_EDGE('',*,*,#4263,.T.);
#4263 = EDGE_CURVE('',#2090,#2949,#4264,.T.);
#4264 = LINE('',#4265,#4266);
#4265 = CARTESIAN_POINT('',(166.5,-83.35,-4.6E-02));
#4266 = VECTOR('',#4267,1.);
#4267 = DIRECTION('',(0.,0.,1.));
#4268 = ORIENTED_EDGE('',*,*,#2948,.F.);
#4269 = ORIENTED_EDGE('',*,*,#4263,.F.);
#4270 = CYLINDRICAL_SURFACE('',#4271,0.85);
#4271 = AXIS2_PLACEMENT_3D('',#4272,#4273,#4274);
#4272 = CARTESIAN_POINT('',(166.5,-82.5,-4.6E-02));
#4273 = DIRECTION('',(-0.,-0.,-1.));
#4274 = DIRECTION('',(-0.,-1.,0.));
#4275 = ADVANCED_FACE('',(#4276),#4287,.F.);
#4276 = FACE_BOUND('',#4277,.T.);
#4277 = EDGE_LOOP('',(#4278,#4279,#4285,#4286));
#4278 = ORIENTED_EDGE('',*,*,#2100,.T.);
#4279 = ORIENTED_EDGE('',*,*,#4280,.T.);
#4280 = EDGE_CURVE('',#2101,#2960,#4281,.T.);
#4281 = LINE('',#4282,#4283);
#4282 = CARTESIAN_POINT('',(163.96,-78.17,-4.6E-02));
#4283 = VECTOR('',#4284,1.);
#4284 = DIRECTION('',(0.,0.,1.));
#4285 = ORIENTED_EDGE('',*,*,#2959,.F.);
#4286 = ORIENTED_EDGE('',*,*,#4280,.F.);
#4287 = CYLINDRICAL_SURFACE('',#4288,0.75);
#4288 = AXIS2_PLACEMENT_3D('',#4289,#4290,#4291);
#4289 = CARTESIAN_POINT('',(163.96,-77.42,-4.6E-02));
#4290 = DIRECTION('',(-0.,-0.,-1.));
#4291 = DIRECTION('',(-0.,-1.,0.));
#4292 = ADVANCED_FACE('',(#4293),#4304,.F.);
#4293 = FACE_BOUND('',#4294,.T.);
#4294 = EDGE_LOOP('',(#4295,#4296,#4302,#4303));
#4295 = ORIENTED_EDGE('',*,*,#2111,.T.);
#4296 = ORIENTED_EDGE('',*,*,#4297,.T.);
#4297 = EDGE_CURVE('',#2112,#2971,#4298,.T.);
#4298 = LINE('',#4299,#4300);
#4299 = CARTESIAN_POINT('',(152.69,-70.4,-4.6E-02));
#4300 = VECTOR('',#4301,1.);
#4301 = DIRECTION('',(0.,0.,1.));
#4302 = ORIENTED_EDGE('',*,*,#2970,.F.);
#4303 = ORIENTED_EDGE('',*,*,#4297,.F.);
#4304 = CYLINDRICAL_SURFACE('',#4305,0.4);
#4305 = AXIS2_PLACEMENT_3D('',#4306,#4307,#4308);
#4306 = CARTESIAN_POINT('',(152.69,-70.,-4.6E-02));
#4307 = DIRECTION('',(-0.,-0.,-1.));
#4308 = DIRECTION('',(-0.,-1.,0.));
#4309 = ADVANCED_FACE('',(#4310),#4321,.F.);
#4310 = FACE_BOUND('',#4311,.T.);
#4311 = EDGE_LOOP('',(#4312,#4313,#4319,#4320));
#4312 = ORIENTED_EDGE('',*,*,#2122,.T.);
#4313 = ORIENTED_EDGE('',*,*,#4314,.T.);
#4314 = EDGE_CURVE('',#2123,#2982,#4315,.T.);
#4315 = LINE('',#4316,#4317);
#4316 = CARTESIAN_POINT('',(160.31,-70.4,-4.6E-02));
#4317 = VECTOR('',#4318,1.);
#4318 = DIRECTION('',(0.,0.,1.));
#4319 = ORIENTED_EDGE('',*,*,#2981,.F.);
#4320 = ORIENTED_EDGE('',*,*,#4314,.F.);
#4321 = CYLINDRICAL_SURFACE('',#4322,0.4);
#4322 = AXIS2_PLACEMENT_3D('',#4323,#4324,#4325);
#4323 = CARTESIAN_POINT('',(160.31,-70.,-4.6E-02));
#4324 = DIRECTION('',(-0.,-0.,-1.));
#4325 = DIRECTION('',(-0.,-1.,0.));
#4326 = ADVANCED_FACE('',(#4327),#4338,.F.);
#4327 = FACE_BOUND('',#4328,.T.);
#4328 = EDGE_LOOP('',(#4329,#4330,#4336,#4337));
#4329 = ORIENTED_EDGE('',*,*,#2133,.T.);
#4330 = ORIENTED_EDGE('',*,*,#4331,.T.);
#4331 = EDGE_CURVE('',#2134,#2993,#4332,.T.);
#4332 = LINE('',#4333,#4334);
#4333 = CARTESIAN_POINT('',(188.5,-54.1,-4.6E-02));
#4334 = VECTOR('',#4335,1.);
#4335 = DIRECTION('',(0.,0.,1.));
#4336 = ORIENTED_EDGE('',*,*,#2992,.F.);
#4337 = ORIENTED_EDGE('',*,*,#4331,.F.);
#4338 = CYLINDRICAL_SURFACE('',#4339,1.1);
#4339 = AXIS2_PLACEMENT_3D('',#4340,#4341,#4342);
#4340 = CARTESIAN_POINT('',(188.5,-53.,-4.6E-02));
#4341 = DIRECTION('',(-0.,-0.,-1.));
#4342 = DIRECTION('',(-0.,-1.,0.));
#4343 = ( GEOMETRIC_REPRESENTATION_CONTEXT(3) 
GLOBAL_UNCERTAINTY_ASSIGNED_CONTEXT((#4347)) 
GLOBAL_UNIT_ASSIGNED_CONTEXT((#4344,#4345,#4346)) REPRESENTATION_CONTEXT
('Context #1','3D Context with UNIT and UNCERTAINTY') );
#4344 = ( LENGTH_UNIT() NAMED_UNIT(*) SI_UNIT(.MILLI.,.METRE.) );
#4345 = ( NAMED_UNIT(*) PLANE_ANGLE_UNIT() SI_UNIT($,.RADIAN.) );
#4346 = ( NAMED_UNIT(*) SI_UNIT($,.STERADIAN.) SOLID_ANGLE_UNIT() );
#4347 = UNCERTAINTY_MEASURE_WITH_UNIT(LENGTH_MEASURE(1.E-07),#4344,
  'distance_accuracy_value','confusion accuracy');
#4348 = CONTEXT_DEPENDENT_SHAPE_REPRESENTATION(#4349,#4351);
#4349 = ( REPRESENTATION_RELATIONSHIP('','',#1182,#10) 
REPRESENTATION_RELATIONSHIP_WITH_TRANSFORMATION(#4350) 
SHAPE_REPRESENTATION_RELATIONSHIP() );
#4350 = ITEM_DEFINED_TRANSFORMATION('','',#11,#43);
#4351 = PRODUCT_DEFINITION_SHAPE('Placement','Placement of an item',
  #4352);
#4352 = NEXT_ASSEMBLY_USAGE_OCCURRENCE('10','=>[0:1:1:6]','',#5,#1177,$
  );
#4353 = PRODUCT_RELATED_PRODUCT_CATEGORY('part',$,(#1179));
#4354 = MECHANICAL_DESIGN_GEOMETRIC_PRESENTATION_REPRESENTATION('',(
    #4355,#4363,#4370,#4377,#4384,#4391,#4398,#4405,#4413,#4420,#4427,
    #4435,#4442,#4449,#4456,#4463),#434);
#4355 = STYLED_ITEM('color',(#4356),#86);
#4356 = PRESENTATION_STYLE_ASSIGNMENT((#4357));
#4357 = SURFACE_STYLE_USAGE(.BOTH.,#4358);
#4358 = SURFACE_SIDE_STYLE('',(#4359));
#4359 = SURFACE_STYLE_FILL_AREA(#4360);
#4360 = FILL_AREA_STYLE('',(#4361));
#4361 = FILL_AREA_STYLE_COLOUR('',#4362);
#4362 = COLOUR_RGB('',0.823999987314,0.819999987296,0.781000009244);
#4363 = STYLED_ITEM('color',(#4364),#119);
#4364 = PRESENTATION_STYLE_ASSIGNMENT((#4365));
#4365 = SURFACE_STYLE_USAGE(.BOTH.,#4366);
#4366 = SURFACE_SIDE_STYLE('',(#4367));
#4367 = SURFACE_STYLE_FILL_AREA(#4368);
#4368 = FILL_AREA_STYLE('',(#4369));
#4369 = FILL_AREA_STYLE_COLOUR('',#4362);
#4370 = STYLED_ITEM('color',(#4371),#145);
#4371 = PRESENTATION_STYLE_ASSIGNMENT((#4372));
#4372 = SURFACE_STYLE_USAGE(.BOTH.,#4373);
#4373 = SURFACE_SIDE_STYLE('',(#4374));
#4374 = SURFACE_STYLE_FILL_AREA(#4375);
#4375 = FILL_AREA_STYLE('',(#4376));
#4376 = FILL_AREA_STYLE_COLOUR('',#4362);
#4377 = STYLED_ITEM('color',(#4378),#170);
#4378 = PRESENTATION_STYLE_ASSIGNMENT((#4379));
#4379 = SURFACE_STYLE_USAGE(.BOTH.,#4380);
#4380 = SURFACE_SIDE_STYLE('',(#4381));
#4381 = SURFACE_STYLE_FILL_AREA(#4382);
#4382 = FILL_AREA_STYLE('',(#4383));
#4383 = FILL_AREA_STYLE_COLOUR('',#4362);
#4384 = STYLED_ITEM('color',(#4385),#196);
#4385 = PRESENTATION_STYLE_ASSIGNMENT((#4386));
#4386 = SURFACE_STYLE_USAGE(.BOTH.,#4387);
#4387 = SURFACE_SIDE_STYLE('',(#4388));
#4388 = SURFACE_STYLE_FILL_AREA(#4389);
#4389 = FILL_AREA_STYLE('',(#4390));
#4390 = FILL_AREA_STYLE_COLOUR('',#4362);
#4391 = STYLED_ITEM('color',(#4392),#221);
#4392 = PRESENTATION_STYLE_ASSIGNMENT((#4393));
#4393 = SURFACE_STYLE_USAGE(.BOTH.,#4394);
#4394 = SURFACE_SIDE_STYLE('',(#4395));
#4395 = SURFACE_STYLE_FILL_AREA(#4396);
#4396 = FILL_AREA_STYLE('',(#4397));
#4397 = FILL_AREA_STYLE_COLOUR('',#4362);
#4398 = STYLED_ITEM('color',(#4399),#230);
#4399 = PRESENTATION_STYLE_ASSIGNMENT((#4400));
#4400 = SURFACE_STYLE_USAGE(.BOTH.,#4401);
#4401 = SURFACE_SIDE_STYLE('',(#4402));
#4402 = SURFACE_STYLE_FILL_AREA(#4403);
#4403 = FILL_AREA_STYLE('',(#4404));
#4404 = FILL_AREA_STYLE_COLOUR('',#4362);
#4405 = STYLED_ITEM('color',(#4406),#241);
#4406 = PRESENTATION_STYLE_ASSIGNMENT((#4407));
#4407 = SURFACE_STYLE_USAGE(.BOTH.,#4408);
#4408 = SURFACE_SIDE_STYLE('',(#4409));
#4409 = SURFACE_STYLE_FILL_AREA(#4410);
#4410 = FILL_AREA_STYLE('',(#4411));
#4411 = FILL_AREA_STYLE_COLOUR('',#4412);
#4412 = COLOUR_RGB('',0.699999984889,9.999999991362E-02,
  5.000000142576E-02);
#4413 = STYLED_ITEM('color',(#4414),#274);
#4414 = PRESENTATION_STYLE_ASSIGNMENT((#4415));
#4415 = SURFACE_STYLE_USAGE(.BOTH.,#4416);
#4416 = SURFACE_SIDE_STYLE('',(#4417));
#4417 = SURFACE_STYLE_FILL_AREA(#4418);
#4418 = FILL_AREA_STYLE('',(#4419));
#4419 = FILL_AREA_STYLE_COLOUR('',#4412);
#4420 = STYLED_ITEM('color',(#4421),#294);
#4421 = PRESENTATION_STYLE_ASSIGNMENT((#4422));
#4422 = SURFACE_STYLE_USAGE(.BOTH.,#4423);
#4423 = SURFACE_SIDE_STYLE('',(#4424));
#4424 = SURFACE_STYLE_FILL_AREA(#4425);
#4425 = FILL_AREA_STYLE('',(#4426));
#4426 = FILL_AREA_STYLE_COLOUR('',#4412);
#4427 = STYLED_ITEM('color',(#4428),#314);
#4428 = PRESENTATION_STYLE_ASSIGNMENT((#4429));
#4429 = SURFACE_STYLE_USAGE(.BOTH.,#4430);
#4430 = SURFACE_SIDE_STYLE('',(#4431));
#4431 = SURFACE_STYLE_FILL_AREA(#4432);
#4432 = FILL_AREA_STYLE('',(#4433));
#4433 = FILL_AREA_STYLE_COLOUR('',#4434);
#4434 = COLOUR_RGB('',0.,0.631244006163,0.748016017657);
#4435 = STYLED_ITEM('color',(#4436),#339);
#4436 = PRESENTATION_STYLE_ASSIGNMENT((#4437));
#4437 = SURFACE_STYLE_USAGE(.BOTH.,#4438);
#4438 = SURFACE_SIDE_STYLE('',(#4439));
#4439 = SURFACE_STYLE_FILL_AREA(#4440);
#4440 = FILL_AREA_STYLE('',(#4441));
#4441 = FILL_AREA_STYLE_COLOUR('',#4434);
#4442 = STYLED_ITEM('color',(#4443),#364);
#4443 = PRESENTATION_STYLE_ASSIGNMENT((#4444));
#4444 = SURFACE_STYLE_USAGE(.BOTH.,#4445);
#4445 = SURFACE_SIDE_STYLE('',(#4446));
#4446 = SURFACE_STYLE_FILL_AREA(#4447);
#4447 = FILL_AREA_STYLE('',(#4448));
#4448 = FILL_AREA_STYLE_COLOUR('',#4434);
#4449 = STYLED_ITEM('color',(#4450),#390);
#4450 = PRESENTATION_STYLE_ASSIGNMENT((#4451));
#4451 = SURFACE_STYLE_USAGE(.BOTH.,#4452);
#4452 = SURFACE_SIDE_STYLE('',(#4453));
#4453 = SURFACE_STYLE_FILL_AREA(#4454);
#4454 = FILL_AREA_STYLE('',(#4455));
#4455 = FILL_AREA_STYLE_COLOUR('',#4434);
#4456 = STYLED_ITEM('color',(#4457),#416);
#4457 = PRESENTATION_STYLE_ASSIGNMENT((#4458));
#4458 = SURFACE_STYLE_USAGE(.BOTH.,#4459);
#4459 = SURFACE_SIDE_STYLE('',(#4460));
#4460 = SURFACE_STYLE_FILL_AREA(#4461);
#4461 = FILL_AREA_STYLE('',(#4462));
#4462 = FILL_AREA_STYLE_COLOUR('',#4434);
#4463 = STYLED_ITEM('color',(#4464),#425);
#4464 = PRESENTATION_STYLE_ASSIGNMENT((#4465));
#4465 = SURFACE_STYLE_USAGE(.BOTH.,#4466);
#4466 = SURFACE_SIDE_STYLE('',(#4467));
#4467 = SURFACE_STYLE_FILL_AREA(#4468);
#4468 = FILL_AREA_STYLE('',(#4469));
#4469 = FILL_AREA_STYLE_COLOUR('',#4434);
#4470 = MECHANICAL_DESIGN_GEOMETRIC_PRESENTATION_REPRESENTATION('',(
    #4471,#4479,#4486,#4493,#4500,#4507,#4514,#4521,#4528,#4535,#4542,
    #4549,#4556,#4563,#4570),#1164);
#4471 = STYLED_ITEM('color',(#4472),#503);
#4472 = PRESENTATION_STYLE_ASSIGNMENT((#4473));
#4473 = SURFACE_STYLE_USAGE(.BOTH.,#4474);
#4474 = SURFACE_SIDE_STYLE('',(#4475));
#4475 = SURFACE_STYLE_FILL_AREA(#4476);
#4476 = FILL_AREA_STYLE('',(#4477));
#4477 = FILL_AREA_STYLE_COLOUR('',#4478);
#4478 = COLOUR_RGB('',0.883000012551,0.711000022565,0.492000011028);
#4479 = STYLED_ITEM('color',(#4480),#536);
#4480 = PRESENTATION_STYLE_ASSIGNMENT((#4481));
#4481 = SURFACE_STYLE_USAGE(.BOTH.,#4482);
#4482 = SURFACE_SIDE_STYLE('',(#4483));
#4483 = SURFACE_STYLE_FILL_AREA(#4484);
#4484 = FILL_AREA_STYLE('',(#4485));
#4485 = FILL_AREA_STYLE_COLOUR('',#4478);
#4486 = STYLED_ITEM('color',(#4487),#562);
#4487 = PRESENTATION_STYLE_ASSIGNMENT((#4488));
#4488 = SURFACE_STYLE_USAGE(.BOTH.,#4489);
#4489 = SURFACE_SIDE_STYLE('',(#4490));
#4490 = SURFACE_STYLE_FILL_AREA(#4491);
#4491 = FILL_AREA_STYLE('',(#4492));
#4492 = FILL_AREA_STYLE_COLOUR('',#4478);
#4493 = STYLED_ITEM('color',(#4494),#582);
#4494 = PRESENTATION_STYLE_ASSIGNMENT((#4495));
#4495 = SURFACE_STYLE_USAGE(.BOTH.,#4496);
#4496 = SURFACE_SIDE_STYLE('',(#4497));
#4497 = SURFACE_STYLE_FILL_AREA(#4498);
#4498 = FILL_AREA_STYLE('',(#4499));
#4499 = FILL_AREA_STYLE_COLOUR('',#4478);
#4500 = STYLED_ITEM('color',(#4501),#765);
#4501 = PRESENTATION_STYLE_ASSIGNMENT((#4502));
#4502 = SURFACE_STYLE_USAGE(.BOTH.,#4503);
#4503 = SURFACE_SIDE_STYLE('',(#4504));
#4504 = SURFACE_STYLE_FILL_AREA(#4505);
#4505 = FILL_AREA_STYLE('',(#4506));
#4506 = FILL_AREA_STYLE_COLOUR('',#4478);
#4507 = STYLED_ITEM('color',(#4508),#790);
#4508 = PRESENTATION_STYLE_ASSIGNMENT((#4509));
#4509 = SURFACE_STYLE_USAGE(.BOTH.,#4510);
#4510 = SURFACE_SIDE_STYLE('',(#4511));
#4511 = SURFACE_STYLE_FILL_AREA(#4512);
#4512 = FILL_AREA_STYLE('',(#4513));
#4513 = FILL_AREA_STYLE_COLOUR('',#4362);
#4514 = STYLED_ITEM('color',(#4515),#816);
#4515 = PRESENTATION_STYLE_ASSIGNMENT((#4516));
#4516 = SURFACE_STYLE_USAGE(.BOTH.,#4517);
#4517 = SURFACE_SIDE_STYLE('',(#4518));
#4518 = SURFACE_STYLE_FILL_AREA(#4519);
#4519 = FILL_AREA_STYLE('',(#4520));
#4520 = FILL_AREA_STYLE_COLOUR('',#4478);
#4521 = STYLED_ITEM('color',(#4522),#836);
#4522 = PRESENTATION_STYLE_ASSIGNMENT((#4523));
#4523 = SURFACE_STYLE_USAGE(.BOTH.,#4524);
#4524 = SURFACE_SIDE_STYLE('',(#4525));
#4525 = SURFACE_STYLE_FILL_AREA(#4526);
#4526 = FILL_AREA_STYLE('',(#4527));
#4527 = FILL_AREA_STYLE_COLOUR('',#4362);
#4528 = STYLED_ITEM('color',(#4529),#861);
#4529 = PRESENTATION_STYLE_ASSIGNMENT((#4530));
#4530 = SURFACE_STYLE_USAGE(.BOTH.,#4531);
#4531 = SURFACE_SIDE_STYLE('',(#4532));
#4532 = SURFACE_STYLE_FILL_AREA(#4533);
#4533 = FILL_AREA_STYLE('',(#4534));
#4534 = FILL_AREA_STYLE_COLOUR('',#4478);
#4535 = STYLED_ITEM('color',(#4536),#886);
#4536 = PRESENTATION_STYLE_ASSIGNMENT((#4537));
#4537 = SURFACE_STYLE_USAGE(.BOTH.,#4538);
#4538 = SURFACE_SIDE_STYLE('',(#4539));
#4539 = SURFACE_STYLE_FILL_AREA(#4540);
#4540 = FILL_AREA_STYLE('',(#4541));
#4541 = FILL_AREA_STYLE_COLOUR('',#4362);
#4542 = STYLED_ITEM('color',(#4543),#895);
#4543 = PRESENTATION_STYLE_ASSIGNMENT((#4544));
#4544 = SURFACE_STYLE_USAGE(.BOTH.,#4545);
#4545 = SURFACE_SIDE_STYLE('',(#4546));
#4546 = SURFACE_STYLE_FILL_AREA(#4547);
#4547 = FILL_AREA_STYLE('',(#4548));
#4548 = FILL_AREA_STYLE_COLOUR('',#4478);
#4549 = STYLED_ITEM('color',(#4550),#921);
#4550 = PRESENTATION_STYLE_ASSIGNMENT((#4551));
#4551 = SURFACE_STYLE_USAGE(.BOTH.,#4552);
#4552 = SURFACE_SIDE_STYLE('',(#4553));
#4553 = SURFACE_STYLE_FILL_AREA(#4554);
#4554 = FILL_AREA_STYLE('',(#4555));
#4555 = FILL_AREA_STYLE_COLOUR('',#4478);
#4556 = STYLED_ITEM('color',(#4557),#1104);
#4557 = PRESENTATION_STYLE_ASSIGNMENT((#4558));
#4558 = SURFACE_STYLE_USAGE(.BOTH.,#4559);
#4559 = SURFACE_SIDE_STYLE('',(#4560));
#4560 = SURFACE_STYLE_FILL_AREA(#4561);
#4561 = FILL_AREA_STYLE('',(#4562));
#4562 = FILL_AREA_STYLE_COLOUR('',#4362);
#4563 = STYLED_ITEM('color',(#4564),#1130);
#4564 = PRESENTATION_STYLE_ASSIGNMENT((#4565));
#4565 = SURFACE_STYLE_USAGE(.BOTH.,#4566);
#4566 = SURFACE_SIDE_STYLE('',(#4567));
#4567 = SURFACE_STYLE_FILL_AREA(#4568);
#4568 = FILL_AREA_STYLE('',(#4569));
#4569 = FILL_AREA_STYLE_COLOUR('',#4362);
#4570 = STYLED_ITEM('color',(#4571),#1155);
#4571 = PRESENTATION_STYLE_ASSIGNMENT((#4572));
#4572 = SURFACE_STYLE_USAGE(.BOTH.,#4573);
#4573 = SURFACE_SIDE_STYLE('',(#4574));
#4574 = SURFACE_STYLE_FILL_AREA(#4575);
#4575 = FILL_AREA_STYLE('',(#4576));
#4576 = FILL_AREA_STYLE_COLOUR('',#4362);
#4577 = MECHANICAL_DESIGN_GEOMETRIC_PRESENTATION_REPRESENTATION('',(
    #4578),#4343);
#4578 = STYLED_ITEM('color',(#4579),#1183);
#4579 = PRESENTATION_STYLE_ASSIGNMENT((#4580));
#4580 = SURFACE_STYLE_USAGE(.BOTH.,#4581);
#4581 = SURFACE_SIDE_STYLE('',(#4582));
#4582 = SURFACE_STYLE_FILL_AREA(#4583);
#4583 = FILL_AREA_STYLE('',(#4584));
#4584 = FILL_AREA_STYLE_COLOUR('',#4585);
#4585 = COLOUR_RGB('',0.313304153717,0.484529207832,0.410020903123);
ENDSEC;
END-ISO-10303-21;
